archive,sample_dir,label,control_rpm,file_count,total_bytes
healthy.tar,healthy_20250426_154040_400rpm_20250426_154043,healthy,400,18,779710
healthy.tar,healthy_20250426_154040_400rpm_20250426_154044,healthy,400,18,754270
healthy.tar,healthy_20250426_154040_400rpm_20250426_154045,healthy,400,18,753584
healthy.tar,healthy_20250426_154040_400rpm_20250426_154046,healthy,400,18,752398
healthy.tar,healthy_20250426_154040_400rpm_20250426_154047,healthy,400,18,751875
healthy.tar,healthy_20250426_154040_400rpm_20250426_154048,healthy,400,18,753661
healthy.tar,healthy_20250426_154040_400rpm_20250426_154049,healthy,400,18,753574
healthy.tar,healthy_20250426_154040_400rpm_20250426_154050,healthy,400,18,754628
healthy.tar,healthy_20250426_154040_400rpm_20250426_154051,healthy,400,18,755000
healthy.tar,healthy_20250426_154040_400rpm_20250426_154052,healthy,400,18,753388
healthy.tar,healthy_20250426_154040_400rpm_20250426_154053,healthy,400,18,751089
healthy.tar,healthy_20250426_154040_400rpm_20250426_154054,healthy,400,18,747733
healthy.tar,healthy_20250426_154040_400rpm_20250426_154055,healthy,400,18,748817
healthy.tar,healthy_20250426_154040_400rpm_20250426_154056,healthy,400,18,752126
healthy.tar,healthy_20250426_154040_400rpm_20250426_154057,healthy,400,18,750986
healthy.tar,healthy_20250426_154040_400rpm_20250426_154058,healthy,400,18,756421
healthy.tar,healthy_20250426_154040_400rpm_20250426_154059,healthy,400,18,756703
healthy.tar,healthy_20250426_154040_400rpm_20250426_154100,healthy,400,18,756003
healthy.tar,healthy_20250426_154040_400rpm_20250426_154101,healthy,400,18,753564
healthy.tar,healthy_20250426_154040_400rpm_20250426_154102,healthy,400,18,751615
healthy.tar,healthy_20250426_154040_400rpm_20250426_154103,healthy,400,18,753624
healthy.tar,healthy_20250426_154040_400rpm_20250426_154104,healthy,400,18,755313
healthy.tar,healthy_20250426_154040_400rpm_20250426_154105,healthy,400,18,753563
healthy.tar,healthy_20250426_154040_400rpm_20250426_154106,healthy,400,18,750130
healthy.tar,healthy_20250426_154040_400rpm_20250426_154107,healthy,400,18,750594
healthy.tar,healthy_20250426_154040_400rpm_20250426_154108,healthy,400,18,753074
healthy.tar,healthy_20250426_154040_400rpm_20250426_154109,healthy,400,18,750078
healthy.tar,healthy_20250426_154040_400rpm_20250426_154110,healthy,400,18,752599
healthy.tar,healthy_20250426_154040_400rpm_20250426_154111,healthy,400,18,753377
healthy.tar,healthy_20250426_154040_400rpm_20250426_154112,healthy,400,18,753055
healthy.tar,healthy_20250426_154040_400rpm_20250426_154113,healthy,400,18,752827
healthy.tar,healthy_20250426_154040_400rpm_20250426_154114,healthy,400,18,757792
healthy.tar,healthy_20250426_154040_400rpm_20250426_154115,healthy,400,18,756194
healthy.tar,healthy_20250426_154040_400rpm_20250426_154116,healthy,400,18,755024
healthy.tar,healthy_20250426_154040_400rpm_20250426_154117,healthy,400,18,754570
healthy.tar,healthy_20250426_154040_400rpm_20250426_154118,healthy,400,18,753841
healthy.tar,healthy_20250426_154040_400rpm_20250426_154119,healthy,400,18,753426
healthy.tar,healthy_20250426_154040_400rpm_20250426_154120,healthy,400,18,750929
healthy.tar,healthy_20250426_154040_400rpm_20250426_154121,healthy,400,18,751044
healthy.tar,healthy_20250426_154040_400rpm_20250426_154122,healthy,400,18,756042
healthy.tar,healthy_20250426_154040_400rpm_20250426_154123,healthy,400,18,752864
healthy.tar,healthy_20250426_154040_400rpm_20250426_154124,healthy,400,18,753362
healthy.tar,healthy_20250426_154040_400rpm_20250426_154125,healthy,400,18,753310
healthy.tar,healthy_20250426_154040_400rpm_20250426_154126,healthy,400,18,746700
healthy.tar,healthy_20250426_154040_400rpm_20250426_154127,healthy,400,18,746367
healthy.tar,healthy_20250426_154040_400rpm_20250426_154128,healthy,400,18,753737
healthy.tar,healthy_20250426_154040_400rpm_20250426_154129,healthy,400,18,756379
healthy.tar,healthy_20250426_154040_400rpm_20250426_154130,healthy,400,18,756888
healthy.tar,healthy_20250426_154040_400rpm_20250426_154131,healthy,400,18,759276
healthy.tar,healthy_20250426_154040_400rpm_20250426_154132,healthy,400,18,754226
healthy.tar,healthy_20250426_154040_400rpm_20250426_154133,healthy,400,18,762632
healthy.tar,healthy_20250426_154040_400rpm_20250426_154134,healthy,400,18,758026
healthy.tar,healthy_20250426_154040_400rpm_20250426_154135,healthy,400,18,757999
healthy.tar,healthy_20250426_154040_400rpm_20250426_154136,healthy,400,18,759570
healthy.tar,healthy_20250426_154040_400rpm_20250426_154137,healthy,400,18,759000
healthy.tar,healthy_20250426_154040_400rpm_20250426_154138,healthy,400,18,759315
healthy.tar,healthy_20250426_154040_400rpm_20250426_154139,healthy,400,18,761465
healthy.tar,healthy_20250426_154040_400rpm_20250426_154140,healthy,400,18,767338
healthy.tar,healthy_20250426_154040_400rpm_20250426_154141,healthy,400,18,763529
healthy.tar,healthy_20250426_154040_400rpm_20250426_154142,healthy,400,18,768905
healthy.tar,healthy_20250426_154040_400rpm_20250426_154143,healthy,400,18,766552
healthy.tar,healthy_20250426_154040_400rpm_20250426_154144,healthy,400,18,765820
healthy.tar,healthy_20250426_154040_400rpm_20250426_154145,healthy,400,18,766996
healthy.tar,healthy_20250426_154040_400rpm_20250426_154146,healthy,400,18,765091
healthy.tar,healthy_20250426_154040_400rpm_20250426_154147,healthy,400,18,767421
healthy.tar,healthy_20250426_154040_400rpm_20250426_154148,healthy,400,18,769468
healthy.tar,healthy_20250426_154040_400rpm_20250426_154149,healthy,400,18,769123
healthy.tar,healthy_20250426_154040_400rpm_20250426_154150,healthy,400,18,774642
healthy.tar,healthy_20250426_154040_400rpm_20250426_154151,healthy,400,18,769632
healthy.tar,healthy_20250426_154040_400rpm_20250426_154152,healthy,400,18,769967
healthy.tar,healthy_20250426_154040_400rpm_20250426_154153,healthy,400,18,770504
healthy.tar,healthy_20250426_154040_400rpm_20250426_154154,healthy,400,18,759773
healthy.tar,healthy_20250426_154040_400rpm_20250426_154155,healthy,400,18,761000
healthy.tar,healthy_20250426_154040_400rpm_20250426_154156,healthy,400,18,765120
healthy.tar,healthy_20250426_154040_400rpm_20250426_154157,healthy,400,18,765275
healthy.tar,healthy_20250426_154040_400rpm_20250426_154158,healthy,400,18,768911
healthy.tar,healthy_20250426_154040_400rpm_20250426_154159,healthy,400,18,766624
healthy.tar,healthy_20250426_154040_400rpm_20250426_154200,healthy,400,18,769369
healthy.tar,healthy_20250426_154040_400rpm_20250426_154201,healthy,400,18,765950
healthy.tar,healthy_20250426_154040_400rpm_20250426_154202,healthy,400,18,765277
healthy.tar,healthy_20250426_154040_400rpm_20250426_154203,healthy,400,18,763848
healthy.tar,healthy_20250426_154040_400rpm_20250426_154204,healthy,400,18,766977
healthy.tar,healthy_20250426_154040_400rpm_20250426_154205,healthy,400,18,761919
healthy.tar,healthy_20250426_154040_400rpm_20250426_154206,healthy,400,18,759712
healthy.tar,healthy_20250426_154040_400rpm_20250426_154207,healthy,400,18,760751
healthy.tar,healthy_20250426_154040_400rpm_20250426_154208,healthy,400,18,765894
healthy.tar,healthy_20250426_154040_400rpm_20250426_154209,healthy,400,18,765246
healthy.tar,healthy_20250426_154040_400rpm_20250426_154210,healthy,400,18,768729
healthy.tar,healthy_20250426_154040_400rpm_20250426_154211,healthy,400,18,767618
healthy.tar,healthy_20250426_154040_400rpm_20250426_154212,healthy,400,18,766449
healthy.tar,healthy_20250426_154040_400rpm_20250426_154213,healthy,400,18,766377
healthy.tar,healthy_20250426_154040_400rpm_20250426_154214,healthy,400,18,766727
healthy.tar,healthy_20250426_154040_400rpm_20250426_154215,healthy,400,18,761749
healthy.tar,healthy_20250426_154040_400rpm_20250426_154216,healthy,400,18,760249
healthy.tar,healthy_20250426_154040_400rpm_20250426_154217,healthy,400,18,757098
healthy.tar,healthy_20250426_154040_400rpm_20250426_154218,healthy,400,18,759373
healthy.tar,healthy_20250426_154040_400rpm_20250426_154219,healthy,400,18,756295
healthy.tar,healthy_20250426_154040_400rpm_20250426_154220,healthy,400,18,762067
healthy.tar,healthy_20250426_154040_400rpm_20250426_154221,healthy,400,18,760457
healthy.tar,healthy_20250426_154040_400rpm_20250426_154222,healthy,400,18,761331
healthy.tar,healthy_20250426_154040_400rpm_20250426_154223,healthy,400,18,760643
healthy.tar,healthy_20250426_154040_400rpm_20250426_154224,healthy,400,18,765799
healthy.tar,healthy_20250426_154040_400rpm_20250426_154225,healthy,400,18,763945
healthy.tar,healthy_20250426_154040_400rpm_20250426_154226,healthy,400,18,771107
healthy.tar,healthy_20250426_154040_400rpm_20250426_154227,healthy,400,18,769436
healthy.tar,healthy_20250426_154040_400rpm_20250426_154228,healthy,400,18,768498
healthy.tar,healthy_20250426_154040_400rpm_20250426_154229,healthy,400,18,767352
healthy.tar,healthy_20250426_154040_400rpm_20250426_154230,healthy,400,18,766378
healthy.tar,healthy_20250426_154040_400rpm_20250426_154231,healthy,400,18,765807
healthy.tar,healthy_20250426_154040_400rpm_20250426_154232,healthy,400,18,770681
healthy.tar,healthy_20250426_154040_400rpm_20250426_154233,healthy,400,18,766538
healthy.tar,healthy_20250426_154040_400rpm_20250426_154234,healthy,400,18,768533
healthy.tar,healthy_20250426_154040_400rpm_20250426_154235,healthy,400,18,767624
healthy.tar,healthy_20250426_154040_400rpm_20250426_154236,healthy,400,18,766212
healthy.tar,healthy_20250426_154040_400rpm_20250426_154237,healthy,400,18,763308
healthy.tar,healthy_20250426_154040_400rpm_20250426_154238,healthy,400,18,764311
healthy.tar,healthy_20250426_154040_400rpm_20250426_154239,healthy,400,18,763775
healthy.tar,healthy_20250426_154040_400rpm_20250426_154240,healthy,400,18,764875
healthy.tar,healthy_20250426_154040_400rpm_20250426_154241,healthy,400,18,763706
healthy.tar,healthy_20250426_154040_400rpm_20250426_154242,healthy,400,18,764065
healthy.tar,healthy_20250426_154040_400rpm_20250426_154243,healthy,400,18,764037
healthy.tar,healthy_20250426_154040_400rpm_20250426_154244,healthy,400,18,769434
healthy.tar,healthy_20250426_154040_400rpm_20250426_154245,healthy,400,18,763559
healthy.tar,healthy_20250426_154040_400rpm_20250426_154246,healthy,400,18,761829
healthy.tar,healthy_20250426_154040_400rpm_20250426_154247,healthy,400,18,763598
healthy.tar,healthy_20250426_154040_400rpm_20250426_154248,healthy,400,18,767363
healthy.tar,healthy_20250426_154040_400rpm_20250426_154249,healthy,400,18,764491
healthy.tar,healthy_20250426_154040_400rpm_20250426_154250,healthy,400,18,764593
healthy.tar,healthy_20250426_154040_400rpm_20250426_154251,healthy,400,18,761674
healthy.tar,healthy_20250426_154040_400rpm_20250426_154252,healthy,400,18,760723
healthy.tar,healthy_20250426_154040_400rpm_20250426_154253,healthy,400,18,761907
healthy.tar,healthy_20250426_154040_400rpm_20250426_154254,healthy,400,18,765278
healthy.tar,healthy_20250426_154040_400rpm_20250426_154255,healthy,400,18,761973
healthy.tar,healthy_20250426_154040_400rpm_20250426_154256,healthy,400,18,764531
healthy.tar,healthy_20250426_154040_400rpm_20250426_154257,healthy,400,18,766577
healthy.tar,healthy_20250426_154040_400rpm_20250426_154258,healthy,400,18,767667
healthy.tar,healthy_20250426_154040_400rpm_20250426_154259,healthy,400,18,766866
healthy.tar,healthy_20250426_154040_400rpm_20250426_154300,healthy,400,18,769106
healthy.tar,healthy_20250426_154040_400rpm_20250426_154301,healthy,400,18,770972
healthy.tar,healthy_20250426_154040_400rpm_20250426_154302,healthy,400,18,771194
healthy.tar,healthy_20250426_154040_400rpm_20250426_154303,healthy,400,18,769466
healthy.tar,healthy_20250426_154040_400rpm_20250426_154304,healthy,400,18,768377
healthy.tar,healthy_20250426_154040_400rpm_20250426_154305,healthy,400,18,765801
healthy.tar,healthy_20250426_154040_400rpm_20250426_154306,healthy,400,18,763851
healthy.tar,healthy_20250426_154040_400rpm_20250426_154307,healthy,400,18,765630
healthy.tar,healthy_20250426_154040_400rpm_20250426_154308,healthy,400,18,770176
healthy.tar,healthy_20250426_154040_400rpm_20250426_154309,healthy,400,18,771402
healthy.tar,healthy_20250426_154040_400rpm_20250426_154310,healthy,400,18,768983
healthy.tar,healthy_20250426_154040_400rpm_20250426_154311,healthy,400,18,767660
healthy.tar,healthy_20250426_154040_400rpm_20250426_154312,healthy,400,18,769458
healthy.tar,healthy_20250426_154040_400rpm_20250426_154313,healthy,400,18,764852
healthy.tar,healthy_20250426_154040_400rpm_20250426_154314,healthy,400,18,768136
healthy.tar,healthy_20250426_154040_400rpm_20250426_154315,healthy,400,18,765841
healthy.tar,healthy_20250426_154040_400rpm_20250426_154316,healthy,400,18,765866
healthy.tar,healthy_20250426_154040_400rpm_20250426_154317,healthy,400,18,761678
healthy.tar,healthy_20250426_154040_400rpm_20250426_154318,healthy,400,18,764788
healthy.tar,healthy_20250426_154040_400rpm_20250426_154319,healthy,400,18,763398
healthy.tar,healthy_20250426_154040_400rpm_20250426_154320,healthy,400,18,771431
healthy.tar,healthy_20250426_154040_400rpm_20250426_154321,healthy,400,18,765873
healthy.tar,healthy_20250426_154040_400rpm_20250426_154322,healthy,400,18,766119
healthy.tar,healthy_20250426_154040_400rpm_20250426_154323,healthy,400,18,768872
healthy.tar,healthy_20250426_154040_400rpm_20250426_154324,healthy,400,18,768707
healthy.tar,healthy_20250426_154040_400rpm_20250426_154325,healthy,400,18,765801
healthy.tar,healthy_20250426_154040_400rpm_20250426_154326,healthy,400,18,770282
healthy.tar,healthy_20250426_154040_400rpm_20250426_154327,healthy,400,18,766385
healthy.tar,healthy_20250426_154040_400rpm_20250426_154328,healthy,400,18,768503
healthy.tar,healthy_20250426_154040_400rpm_20250426_154329,healthy,400,18,767495
healthy.tar,healthy_20250426_154040_400rpm_20250426_154330,healthy,400,18,767388
healthy.tar,healthy_20250426_154040_400rpm_20250426_154331,healthy,400,18,766806
healthy.tar,healthy_20250426_154040_400rpm_20250426_154332,healthy,400,18,766566
healthy.tar,healthy_20250426_154040_400rpm_20250426_154333,healthy,400,18,764691
healthy.tar,healthy_20250426_154040_400rpm_20250426_154334,healthy,400,18,766035
healthy.tar,healthy_20250426_154040_400rpm_20250426_154335,healthy,400,18,761522
healthy.tar,healthy_20250426_154040_400rpm_20250426_154336,healthy,400,18,763398
healthy.tar,healthy_20250426_154040_400rpm_20250426_154337,healthy,400,18,764364
healthy.tar,healthy_20250426_154040_400rpm_20250426_154338,healthy,400,18,763404
healthy.tar,healthy_20250426_154040_400rpm_20250426_154339,healthy,400,18,762239
healthy.tar,healthy_20250426_154040_400rpm_20250426_154340,healthy,400,18,766581
healthy.tar,healthy_20250426_154040_400rpm_20250426_154341,healthy,400,18,765537
healthy.tar,healthy_20250426_154040_400rpm_20250426_154342,healthy,400,18,764281
healthy.tar,healthy_20250426_154040_400rpm_20250426_154343,healthy,400,18,763900
healthy.tar,healthy_20250426_154040_400rpm_20250426_154344,healthy,400,18,765198
healthy.tar,healthy_20250426_154040_400rpm_20250426_154345,healthy,400,18,763412
healthy.tar,healthy_20250426_154040_400rpm_20250426_154346,healthy,400,18,768675
healthy.tar,healthy_20250426_154040_400rpm_20250426_154347,healthy,400,18,764705
healthy.tar,healthy_20250426_154040_400rpm_20250426_154348,healthy,400,18,767932
healthy.tar,healthy_20250426_154040_400rpm_20250426_154349,healthy,400,18,768795
healthy.tar,healthy_20250426_154040_400rpm_20250426_154350,healthy,400,18,763869
healthy.tar,healthy_20250426_154040_400rpm_20250426_154351,healthy,400,18,763452
healthy.tar,healthy_20250426_154040_400rpm_20250426_154352,healthy,400,18,768267
healthy.tar,healthy_20250426_154040_400rpm_20250426_154353,healthy,400,18,769479
healthy.tar,healthy_20250426_154040_400rpm_20250426_154354,healthy,400,18,769202
healthy.tar,healthy_20250426_154040_400rpm_20250426_154355,healthy,400,18,765647
healthy.tar,healthy_20250426_154040_400rpm_20250426_154356,healthy,400,18,764211
healthy.tar,healthy_20250426_154040_400rpm_20250426_154357,healthy,400,18,764041
healthy.tar,healthy_20250426_154040_400rpm_20250426_154358,healthy,400,18,764418
healthy.tar,healthy_20250426_154040_400rpm_20250426_154359,healthy,400,18,765085
healthy.tar,healthy_20250426_154040_400rpm_20250426_154400,healthy,400,18,765567
healthy.tar,healthy_20250426_154040_400rpm_20250426_154401,healthy,400,18,765948
healthy.tar,healthy_20250426_154040_400rpm_20250426_154402,healthy,400,18,766958
healthy.tar,healthy_20250426_154040_400rpm_20250426_154403,healthy,400,18,773431
healthy.tar,healthy_20250426_154040_400rpm_20250426_154404,healthy,400,18,765386
healthy.tar,healthy_20250426_154040_400rpm_20250426_154405,healthy,400,18,765438
healthy.tar,healthy_20250426_154040_400rpm_20250426_154406,healthy,400,18,767025
healthy.tar,healthy_20250426_154040_400rpm_20250426_154407,healthy,400,18,764664
healthy.tar,healthy_20250426_154040_400rpm_20250426_154408,healthy,400,18,770289
healthy.tar,healthy_20250426_154040_400rpm_20250426_154409,healthy,400,18,767735
healthy.tar,healthy_20250426_154040_400rpm_20250426_154410,healthy,400,18,768296
healthy.tar,healthy_20250426_154040_400rpm_20250426_154411,healthy,400,18,768378
healthy.tar,healthy_20250426_154040_400rpm_20250426_154412,healthy,400,18,766495
healthy.tar,healthy_20250426_154040_400rpm_20250426_154413,healthy,400,18,765065
healthy.tar,healthy_20250426_154040_400rpm_20250426_154414,healthy,400,18,763980
healthy.tar,healthy_20250426_154040_400rpm_20250426_154415,healthy,400,18,767401
healthy.tar,healthy_20250426_154040_400rpm_20250426_154416,healthy,400,18,768982
healthy.tar,healthy_20250426_154040_400rpm_20250426_154417,healthy,400,18,769694
healthy.tar,healthy_20250426_154040_400rpm_20250426_154418,healthy,400,18,767813
healthy.tar,healthy_20250426_154040_400rpm_20250426_154419,healthy,400,18,767365
healthy.tar,healthy_20250426_154040_400rpm_20250426_154420,healthy,400,18,762595
healthy.tar,healthy_20250426_154040_400rpm_20250426_154421,healthy,400,18,759269
healthy.tar,healthy_20250426_154040_400rpm_20250426_154422,healthy,400,18,763754
healthy.tar,healthy_20250426_154040_400rpm_20250426_154423,healthy,400,18,760857
healthy.tar,healthy_20250426_154040_400rpm_20250426_154424,healthy,400,18,762749
healthy.tar,healthy_20250426_154040_400rpm_20250426_154425,healthy,400,18,765194
healthy.tar,healthy_20250426_154040_400rpm_20250426_154426,healthy,400,18,769671
healthy.tar,healthy_20250426_154040_400rpm_20250426_154427,healthy,400,18,768527
healthy.tar,healthy_20250426_154040_400rpm_20250426_154428,healthy,400,18,772857
healthy.tar,healthy_20250426_154040_400rpm_20250426_154429,healthy,400,18,767895
healthy.tar,healthy_20250426_154040_400rpm_20250426_154430,healthy,400,18,760468
healthy.tar,healthy_20250426_154040_400rpm_20250426_154431,healthy,400,18,762205
healthy.tar,healthy_20250426_154040_400rpm_20250426_154432,healthy,400,18,763023
healthy.tar,healthy_20250426_154040_400rpm_20250426_154433,healthy,400,18,765767
healthy.tar,healthy_20250426_154040_400rpm_20250426_154434,healthy,400,18,766595
healthy.tar,healthy_20250426_154040_400rpm_20250426_154435,healthy,400,18,763667
healthy.tar,healthy_20250426_154452_600rpm_20250426_154454,healthy,600,18,793016
healthy.tar,healthy_20250426_154452_600rpm_20250426_154455,healthy,600,18,777250
healthy.tar,healthy_20250426_154452_600rpm_20250426_154456,healthy,600,18,764445
healthy.tar,healthy_20250426_154452_600rpm_20250426_154457,healthy,600,18,770856
healthy.tar,healthy_20250426_154452_600rpm_20250426_154458,healthy,600,18,776291
healthy.tar,healthy_20250426_154452_600rpm_20250426_154459,healthy,600,18,772132
healthy.tar,healthy_20250426_154452_600rpm_20250426_154500,healthy,600,18,768317
healthy.tar,healthy_20250426_154452_600rpm_20250426_154501,healthy,600,18,770466
healthy.tar,healthy_20250426_154452_600rpm_20250426_154502,healthy,600,18,768169
healthy.tar,healthy_20250426_154452_600rpm_20250426_154503,healthy,600,18,768597
healthy.tar,healthy_20250426_154452_600rpm_20250426_154504,healthy,600,18,770576
healthy.tar,healthy_20250426_154452_600rpm_20250426_154505,healthy,600,18,773120
healthy.tar,healthy_20250426_154452_600rpm_20250426_154506,healthy,600,18,775222
healthy.tar,healthy_20250426_154452_600rpm_20250426_154507,healthy,600,18,771562
healthy.tar,healthy_20250426_154452_600rpm_20250426_154508,healthy,600,18,769109
healthy.tar,healthy_20250426_154452_600rpm_20250426_154509,healthy,600,18,773342
healthy.tar,healthy_20250426_154452_600rpm_20250426_154510,healthy,600,18,773574
healthy.tar,healthy_20250426_154452_600rpm_20250426_154511,healthy,600,18,770709
healthy.tar,healthy_20250426_154452_600rpm_20250426_154512,healthy,600,18,767686
healthy.tar,healthy_20250426_154452_600rpm_20250426_154513,healthy,600,18,769690
healthy.tar,healthy_20250426_154452_600rpm_20250426_154514,healthy,600,18,772610
healthy.tar,healthy_20250426_154452_600rpm_20250426_154515,healthy,600,18,770627
healthy.tar,healthy_20250426_154452_600rpm_20250426_154516,healthy,600,18,767945
healthy.tar,healthy_20250426_154452_600rpm_20250426_154517,healthy,600,18,770079
healthy.tar,healthy_20250426_154452_600rpm_20250426_154518,healthy,600,18,767113
healthy.tar,healthy_20250426_154452_600rpm_20250426_154519,healthy,600,18,768746
healthy.tar,healthy_20250426_154452_600rpm_20250426_154520,healthy,600,18,768599
healthy.tar,healthy_20250426_154452_600rpm_20250426_154521,healthy,600,18,769052
healthy.tar,healthy_20250426_154452_600rpm_20250426_154522,healthy,600,18,768463
healthy.tar,healthy_20250426_154452_600rpm_20250426_154523,healthy,600,18,769022
healthy.tar,healthy_20250426_154452_600rpm_20250426_154524,healthy,600,18,766362
healthy.tar,healthy_20250426_154452_600rpm_20250426_154525,healthy,600,18,770355
healthy.tar,healthy_20250426_154452_600rpm_20250426_154526,healthy,600,18,770236
healthy.tar,healthy_20250426_154452_600rpm_20250426_154527,healthy,600,18,770607
healthy.tar,healthy_20250426_154452_600rpm_20250426_154528,healthy,600,18,767211
healthy.tar,healthy_20250426_154452_600rpm_20250426_154529,healthy,600,18,767679
healthy.tar,healthy_20250426_154452_600rpm_20250426_154530,healthy,600,18,767845
healthy.tar,healthy_20250426_154452_600rpm_20250426_154531,healthy,600,18,769449
healthy.tar,healthy_20250426_154452_600rpm_20250426_154532,healthy,600,18,768658
healthy.tar,healthy_20250426_154452_600rpm_20250426_154533,healthy,600,18,775262
healthy.tar,healthy_20250426_154452_600rpm_20250426_154534,healthy,600,18,772495
healthy.tar,healthy_20250426_154452_600rpm_20250426_154535,healthy,600,18,767280
healthy.tar,healthy_20250426_154452_600rpm_20250426_154536,healthy,600,18,763070
healthy.tar,healthy_20250426_154452_600rpm_20250426_154537,healthy,600,18,770016
healthy.tar,healthy_20250426_154452_600rpm_20250426_154538,healthy,600,18,773533
healthy.tar,healthy_20250426_154452_600rpm_20250426_154539,healthy,600,18,774884
healthy.tar,healthy_20250426_154452_600rpm_20250426_154540,healthy,600,18,776471
healthy.tar,healthy_20250426_154452_600rpm_20250426_154541,healthy,600,18,772486
healthy.tar,healthy_20250426_154452_600rpm_20250426_154542,healthy,600,18,770693
healthy.tar,healthy_20250426_154452_600rpm_20250426_154543,healthy,600,18,771078
healthy.tar,healthy_20250426_154452_600rpm_20250426_154544,healthy,600,18,767885
healthy.tar,healthy_20250426_154452_600rpm_20250426_154545,healthy,600,18,767929
healthy.tar,healthy_20250426_154452_600rpm_20250426_154546,healthy,600,18,765179
healthy.tar,healthy_20250426_154452_600rpm_20250426_154547,healthy,600,18,768475
healthy.tar,healthy_20250426_154452_600rpm_20250426_154548,healthy,600,18,768595
healthy.tar,healthy_20250426_154452_600rpm_20250426_154549,healthy,600,18,771551
healthy.tar,healthy_20250426_154452_600rpm_20250426_154550,healthy,600,18,772312
healthy.tar,healthy_20250426_154452_600rpm_20250426_154551,healthy,600,18,772527
healthy.tar,healthy_20250426_154452_600rpm_20250426_154552,healthy,600,18,768542
healthy.tar,healthy_20250426_154452_600rpm_20250426_154553,healthy,600,18,771416
healthy.tar,healthy_20250426_154452_600rpm_20250426_154554,healthy,600,18,763568
healthy.tar,healthy_20250426_154452_600rpm_20250426_154555,healthy,600,18,769634
healthy.tar,healthy_20250426_154452_600rpm_20250426_154556,healthy,600,18,767052
healthy.tar,healthy_20250426_154452_600rpm_20250426_154557,healthy,600,18,769519
healthy.tar,healthy_20250426_154452_600rpm_20250426_154558,healthy,600,18,767755
healthy.tar,healthy_20250426_154452_600rpm_20250426_154559,healthy,600,18,764399
healthy.tar,healthy_20250426_154452_600rpm_20250426_154600,healthy,600,18,765258
healthy.tar,healthy_20250426_154452_600rpm_20250426_154601,healthy,600,18,767772
healthy.tar,healthy_20250426_154452_600rpm_20250426_154602,healthy,600,18,765100
healthy.tar,healthy_20250426_154452_600rpm_20250426_154603,healthy,600,18,768770
healthy.tar,healthy_20250426_154452_600rpm_20250426_154604,healthy,600,18,769789
healthy.tar,healthy_20250426_154452_600rpm_20250426_154605,healthy,600,18,772047
healthy.tar,healthy_20250426_154452_600rpm_20250426_154606,healthy,600,18,772084
healthy.tar,healthy_20250426_154452_600rpm_20250426_154607,healthy,600,18,773180
healthy.tar,healthy_20250426_154452_600rpm_20250426_154608,healthy,600,18,773006
healthy.tar,healthy_20250426_154452_600rpm_20250426_154609,healthy,600,18,770601
healthy.tar,healthy_20250426_154452_600rpm_20250426_154610,healthy,600,18,763042
healthy.tar,healthy_20250426_154452_600rpm_20250426_154611,healthy,600,18,768485
healthy.tar,healthy_20250426_154452_600rpm_20250426_154612,healthy,600,18,773047
healthy.tar,healthy_20250426_154452_600rpm_20250426_154613,healthy,600,18,775492
healthy.tar,healthy_20250426_154452_600rpm_20250426_154614,healthy,600,18,770445
healthy.tar,healthy_20250426_154452_600rpm_20250426_154615,healthy,600,18,775545
healthy.tar,healthy_20250426_154452_600rpm_20250426_154616,healthy,600,18,776085
healthy.tar,healthy_20250426_154452_600rpm_20250426_154617,healthy,600,18,771814
healthy.tar,healthy_20250426_154452_600rpm_20250426_154618,healthy,600,18,771032
healthy.tar,healthy_20250426_154452_600rpm_20250426_154619,healthy,600,18,770980
healthy.tar,healthy_20250426_154452_600rpm_20250426_154620,healthy,600,18,769119
healthy.tar,healthy_20250426_154452_600rpm_20250426_154621,healthy,600,18,771755
healthy.tar,healthy_20250426_154452_600rpm_20250426_154622,healthy,600,18,772179
healthy.tar,healthy_20250426_154452_600rpm_20250426_154623,healthy,600,18,774168
healthy.tar,healthy_20250426_154452_600rpm_20250426_154624,healthy,600,18,772299
healthy.tar,healthy_20250426_154452_600rpm_20250426_154625,healthy,600,18,773358
healthy.tar,healthy_20250426_154452_600rpm_20250426_154626,healthy,600,18,768543
healthy.tar,healthy_20250426_154452_600rpm_20250426_154627,healthy,600,18,769863
healthy.tar,healthy_20250426_154452_600rpm_20250426_154628,healthy,600,18,769702
healthy.tar,healthy_20250426_154452_600rpm_20250426_154629,healthy,600,18,770326
healthy.tar,healthy_20250426_154452_600rpm_20250426_154630,healthy,600,18,765303
healthy.tar,healthy_20250426_154452_600rpm_20250426_154631,healthy,600,18,766747
healthy.tar,healthy_20250426_154452_600rpm_20250426_154632,healthy,600,18,763315
healthy.tar,healthy_20250426_154452_600rpm_20250426_154633,healthy,600,18,765851
healthy.tar,healthy_20250426_154452_600rpm_20250426_154634,healthy,600,18,766396
healthy.tar,healthy_20250426_154452_600rpm_20250426_154635,healthy,600,18,768759
healthy.tar,healthy_20250426_154452_600rpm_20250426_154636,healthy,600,18,765813
healthy.tar,healthy_20250426_154452_600rpm_20250426_154637,healthy,600,18,769986
healthy.tar,healthy_20250426_154452_600rpm_20250426_154638,healthy,600,18,770651
healthy.tar,healthy_20250426_154452_600rpm_20250426_154639,healthy,600,18,772467
healthy.tar,healthy_20250426_154452_600rpm_20250426_154640,healthy,600,18,770599
healthy.tar,healthy_20250426_154452_600rpm_20250426_154641,healthy,600,18,771491
healthy.tar,healthy_20250426_154452_600rpm_20250426_154642,healthy,600,18,770424
healthy.tar,healthy_20250426_154452_600rpm_20250426_154643,healthy,600,18,770062
healthy.tar,healthy_20250426_154452_600rpm_20250426_154644,healthy,600,18,766775
healthy.tar,healthy_20250426_154452_600rpm_20250426_154645,healthy,600,18,773297
healthy.tar,healthy_20250426_154452_600rpm_20250426_154646,healthy,600,18,776189
healthy.tar,healthy_20250426_154452_600rpm_20250426_154647,healthy,600,18,773121
healthy.tar,healthy_20250426_154452_600rpm_20250426_154648,healthy,600,18,769332
healthy.tar,healthy_20250426_154452_600rpm_20250426_154649,healthy,600,18,772592
healthy.tar,healthy_20250426_154452_600rpm_20250426_154650,healthy,600,18,769607
healthy.tar,healthy_20250426_154452_600rpm_20250426_154651,healthy,600,18,769880
healthy.tar,healthy_20250426_154452_600rpm_20250426_154652,healthy,600,18,767793
healthy.tar,healthy_20250426_154452_600rpm_20250426_154653,healthy,600,18,772990
healthy.tar,healthy_20250426_154452_600rpm_20250426_154654,healthy,600,18,774625
healthy.tar,healthy_20250426_154452_600rpm_20250426_154655,healthy,600,18,774704
healthy.tar,healthy_20250426_154452_600rpm_20250426_154656,healthy,600,18,772782
healthy.tar,healthy_20250426_154452_600rpm_20250426_154657,healthy,600,18,774375
healthy.tar,healthy_20250426_154452_600rpm_20250426_154658,healthy,600,18,774542
healthy.tar,healthy_20250426_154452_600rpm_20250426_154659,healthy,600,18,773827
healthy.tar,healthy_20250426_154452_600rpm_20250426_154700,healthy,600,18,771588
healthy.tar,healthy_20250426_154452_600rpm_20250426_154701,healthy,600,18,773796
healthy.tar,healthy_20250426_154452_600rpm_20250426_154702,healthy,600,18,767531
healthy.tar,healthy_20250426_154452_600rpm_20250426_154703,healthy,600,18,768099
healthy.tar,healthy_20250426_154452_600rpm_20250426_154704,healthy,600,18,764800
healthy.tar,healthy_20250426_154452_600rpm_20250426_154705,healthy,600,18,768340
healthy.tar,healthy_20250426_154452_600rpm_20250426_154706,healthy,600,18,767462
healthy.tar,healthy_20250426_154452_600rpm_20250426_154707,healthy,600,18,771170
healthy.tar,healthy_20250426_154452_600rpm_20250426_154708,healthy,600,18,764699
healthy.tar,healthy_20250426_154452_600rpm_20250426_154709,healthy,600,18,768743
healthy.tar,healthy_20250426_154452_600rpm_20250426_154710,healthy,600,18,768475
healthy.tar,healthy_20250426_154452_600rpm_20250426_154711,healthy,600,18,770852
healthy.tar,healthy_20250426_154452_600rpm_20250426_154712,healthy,600,18,769430
healthy.tar,healthy_20250426_154452_600rpm_20250426_154713,healthy,600,18,769459
healthy.tar,healthy_20250426_154452_600rpm_20250426_154714,healthy,600,18,764717
healthy.tar,healthy_20250426_154452_600rpm_20250426_154715,healthy,600,18,769326
healthy.tar,healthy_20250426_154452_600rpm_20250426_154716,healthy,600,18,773701
healthy.tar,healthy_20250426_154452_600rpm_20250426_154717,healthy,600,18,770435
healthy.tar,healthy_20250426_154452_600rpm_20250426_154718,healthy,600,18,767899
healthy.tar,healthy_20250426_154452_600rpm_20250426_154719,healthy,600,18,766900
healthy.tar,healthy_20250426_154452_600rpm_20250426_154720,healthy,600,18,765624
healthy.tar,healthy_20250426_154452_600rpm_20250426_154721,healthy,600,18,770765
healthy.tar,healthy_20250426_154452_600rpm_20250426_154722,healthy,600,18,773723
healthy.tar,healthy_20250426_154452_600rpm_20250426_154723,healthy,600,18,767895
healthy.tar,healthy_20250426_154452_600rpm_20250426_154724,healthy,600,18,766497
healthy.tar,healthy_20250426_154452_600rpm_20250426_154725,healthy,600,18,769298
healthy.tar,healthy_20250426_154452_600rpm_20250426_154726,healthy,600,18,764903
healthy.tar,healthy_20250426_154452_600rpm_20250426_154727,healthy,600,18,764148
healthy.tar,healthy_20250426_154452_600rpm_20250426_154728,healthy,600,18,765174
healthy.tar,healthy_20250426_154452_600rpm_20250426_154729,healthy,600,18,768541
healthy.tar,healthy_20250426_154452_600rpm_20250426_154730,healthy,600,18,768363
healthy.tar,healthy_20250426_154452_600rpm_20250426_154731,healthy,600,18,768005
healthy.tar,healthy_20250426_154452_600rpm_20250426_154732,healthy,600,18,767927
healthy.tar,healthy_20250426_154452_600rpm_20250426_154733,healthy,600,18,770573
healthy.tar,healthy_20250426_154452_600rpm_20250426_154734,healthy,600,18,769569
healthy.tar,healthy_20250426_154452_600rpm_20250426_154735,healthy,600,18,768041
healthy.tar,healthy_20250426_154452_600rpm_20250426_154736,healthy,600,18,767577
healthy.tar,healthy_20250426_154452_600rpm_20250426_154737,healthy,600,18,768699
healthy.tar,healthy_20250426_154452_600rpm_20250426_154738,healthy,600,18,765495
healthy.tar,healthy_20250426_154452_600rpm_20250426_154739,healthy,600,18,767587
healthy.tar,healthy_20250426_154452_600rpm_20250426_154740,healthy,600,18,761334
healthy.tar,healthy_20250426_154452_600rpm_20250426_154741,healthy,600,18,766002
healthy.tar,healthy_20250426_154452_600rpm_20250426_154742,healthy,600,18,767894
healthy.tar,healthy_20250426_154452_600rpm_20250426_154743,healthy,600,18,771393
healthy.tar,healthy_20250426_154452_600rpm_20250426_154744,healthy,600,18,768814
healthy.tar,healthy_20250426_154452_600rpm_20250426_154745,healthy,600,18,770146
healthy.tar,healthy_20250426_154452_600rpm_20250426_154746,healthy,600,18,765949
healthy.tar,healthy_20250426_154452_600rpm_20250426_154747,healthy,600,18,764627
healthy.tar,healthy_20250426_154452_600rpm_20250426_154748,healthy,600,18,763352
healthy.tar,healthy_20250426_154452_600rpm_20250426_154749,healthy,600,18,768393
healthy.tar,healthy_20250426_154452_600rpm_20250426_154750,healthy,600,18,767374
healthy.tar,healthy_20250426_154452_600rpm_20250426_154751,healthy,600,18,768279
healthy.tar,healthy_20250426_154452_600rpm_20250426_154752,healthy,600,18,767384
healthy.tar,healthy_20250426_154452_600rpm_20250426_154753,healthy,600,18,767275
healthy.tar,healthy_20250426_154452_600rpm_20250426_154754,healthy,600,18,767551
healthy.tar,healthy_20250426_154452_600rpm_20250426_154755,healthy,600,18,767360
healthy.tar,healthy_20250426_154452_600rpm_20250426_154756,healthy,600,18,767349
healthy.tar,healthy_20250426_154452_600rpm_20250426_154757,healthy,600,18,767557
healthy.tar,healthy_20250426_154452_600rpm_20250426_154758,healthy,600,18,765594
healthy.tar,healthy_20250426_154452_600rpm_20250426_154759,healthy,600,18,771036
healthy.tar,healthy_20250426_154452_600rpm_20250426_154800,healthy,600,18,772605
healthy.tar,healthy_20250426_154452_600rpm_20250426_154801,healthy,600,18,772571
healthy.tar,healthy_20250426_154452_600rpm_20250426_154802,healthy,600,18,772728
healthy.tar,healthy_20250426_154452_600rpm_20250426_154803,healthy,600,18,773259
healthy.tar,healthy_20250426_154452_600rpm_20250426_154804,healthy,600,18,772732
healthy.tar,healthy_20250426_154452_600rpm_20250426_154805,healthy,600,18,774186
healthy.tar,healthy_20250426_154452_600rpm_20250426_154806,healthy,600,18,772371
healthy.tar,healthy_20250426_154452_600rpm_20250426_154807,healthy,600,18,773697
healthy.tar,healthy_20250426_154452_600rpm_20250426_154808,healthy,600,18,772993
healthy.tar,healthy_20250426_154452_600rpm_20250426_154809,healthy,600,18,773578
healthy.tar,healthy_20250426_154452_600rpm_20250426_154810,healthy,600,18,773662
healthy.tar,healthy_20250426_154452_600rpm_20250426_154811,healthy,600,18,774509
healthy.tar,healthy_20250426_154452_600rpm_20250426_154812,healthy,600,18,774384
healthy.tar,healthy_20250426_154452_600rpm_20250426_154813,healthy,600,18,774981
healthy.tar,healthy_20250426_154452_600rpm_20250426_154814,healthy,600,18,774763
healthy.tar,healthy_20250426_154452_600rpm_20250426_154815,healthy,600,18,775709
healthy.tar,healthy_20250426_154452_600rpm_20250426_154816,healthy,600,18,772793
healthy.tar,healthy_20250426_154452_600rpm_20250426_154817,healthy,600,18,775527
healthy.tar,healthy_20250426_154452_600rpm_20250426_154818,healthy,600,18,772882
healthy.tar,healthy_20250426_154452_600rpm_20250426_154819,healthy,600,18,776521
healthy.tar,healthy_20250426_154452_600rpm_20250426_154820,healthy,600,18,777860
healthy.tar,healthy_20250426_154452_600rpm_20250426_154821,healthy,600,18,777580
healthy.tar,healthy_20250426_154452_600rpm_20250426_154822,healthy,600,18,774957
healthy.tar,healthy_20250426_154452_600rpm_20250426_154823,healthy,600,18,772807
healthy.tar,healthy_20250426_154452_600rpm_20250426_154824,healthy,600,18,764836
healthy.tar,healthy_20250426_154452_600rpm_20250426_154825,healthy,600,18,767338
healthy.tar,healthy_20250426_154452_600rpm_20250426_154826,healthy,600,18,770143
healthy.tar,healthy_20250426_154452_600rpm_20250426_154827,healthy,600,18,769624
healthy.tar,healthy_20250426_154452_600rpm_20250426_154828,healthy,600,18,767207
healthy.tar,healthy_20250426_154452_600rpm_20250426_154829,healthy,600,18,768529
healthy.tar,healthy_20250426_154452_600rpm_20250426_154830,healthy,600,18,770470
healthy.tar,healthy_20250426_154452_600rpm_20250426_154831,healthy,600,18,774199
healthy.tar,healthy_20250426_154452_600rpm_20250426_154832,healthy,600,18,777449
healthy.tar,healthy_20250426_154452_600rpm_20250426_154833,healthy,600,18,776776
healthy.tar,healthy_20250426_154452_600rpm_20250426_154834,healthy,600,18,778164
healthy.tar,healthy_20250426_154452_600rpm_20250426_154835,healthy,600,18,776577
healthy.tar,healthy_20250426_154452_600rpm_20250426_154836,healthy,600,18,772737
healthy.tar,healthy_20250426_154452_600rpm_20250426_154837,healthy,600,18,775434
healthy.tar,healthy_20250426_154452_600rpm_20250426_154838,healthy,600,18,779131
healthy.tar,healthy_20250426_154452_600rpm_20250426_154839,healthy,600,18,777378
healthy.tar,healthy_20250426_154452_600rpm_20250426_154840,healthy,600,18,773640
healthy.tar,healthy_20250426_154452_600rpm_20250426_154841,healthy,600,18,775652
healthy.tar,healthy_20250426_154849_800rpm_20250426_154852,healthy,800,18,783338
healthy.tar,healthy_20250426_154849_800rpm_20250426_154853,healthy,800,18,762245
healthy.tar,healthy_20250426_154849_800rpm_20250426_154854,healthy,800,18,760854
healthy.tar,healthy_20250426_154849_800rpm_20250426_154855,healthy,800,18,755425
healthy.tar,healthy_20250426_154849_800rpm_20250426_154856,healthy,800,18,754923
healthy.tar,healthy_20250426_154849_800rpm_20250426_154857,healthy,800,18,754488
healthy.tar,healthy_20250426_154849_800rpm_20250426_154858,healthy,800,18,757238
healthy.tar,healthy_20250426_154849_800rpm_20250426_154859,healthy,800,18,749227
healthy.tar,healthy_20250426_154849_800rpm_20250426_154900,healthy,800,18,751609
healthy.tar,healthy_20250426_154849_800rpm_20250426_154901,healthy,800,18,755504
healthy.tar,healthy_20250426_154849_800rpm_20250426_154902,healthy,800,18,754268
healthy.tar,healthy_20250426_154849_800rpm_20250426_154903,healthy,800,18,758793
healthy.tar,healthy_20250426_154849_800rpm_20250426_154904,healthy,800,18,756331
healthy.tar,healthy_20250426_154849_800rpm_20250426_154905,healthy,800,18,752931
healthy.tar,healthy_20250426_154849_800rpm_20250426_154906,healthy,800,18,754014
healthy.tar,healthy_20250426_154849_800rpm_20250426_154907,healthy,800,18,754605
healthy.tar,healthy_20250426_154849_800rpm_20250426_154908,healthy,800,18,755364
healthy.tar,healthy_20250426_154849_800rpm_20250426_154909,healthy,800,18,755455
healthy.tar,healthy_20250426_154849_800rpm_20250426_154910,healthy,800,18,760726
healthy.tar,healthy_20250426_154849_800rpm_20250426_154911,healthy,800,18,771855
healthy.tar,healthy_20250426_154849_800rpm_20250426_154912,healthy,800,18,769076
healthy.tar,healthy_20250426_154849_800rpm_20250426_154913,healthy,800,18,760356
healthy.tar,healthy_20250426_154849_800rpm_20250426_154914,healthy,800,18,758823
healthy.tar,healthy_20250426_154849_800rpm_20250426_154915,healthy,800,18,759882
healthy.tar,healthy_20250426_154849_800rpm_20250426_154916,healthy,800,18,755939
healthy.tar,healthy_20250426_154849_800rpm_20250426_154917,healthy,800,18,756916
healthy.tar,healthy_20250426_154849_800rpm_20250426_154918,healthy,800,18,753742
healthy.tar,healthy_20250426_154849_800rpm_20250426_154919,healthy,800,18,754735
healthy.tar,healthy_20250426_154849_800rpm_20250426_154920,healthy,800,18,755381
healthy.tar,healthy_20250426_154849_800rpm_20250426_154921,healthy,800,18,757937
healthy.tar,healthy_20250426_154849_800rpm_20250426_154922,healthy,800,18,755927
healthy.tar,healthy_20250426_154849_800rpm_20250426_154923,healthy,800,18,756103
healthy.tar,healthy_20250426_154849_800rpm_20250426_154924,healthy,800,18,753361
healthy.tar,healthy_20250426_154849_800rpm_20250426_154925,healthy,800,18,752754
healthy.tar,healthy_20250426_154849_800rpm_20250426_154926,healthy,800,18,752276
healthy.tar,healthy_20250426_154849_800rpm_20250426_154927,healthy,800,18,753355
healthy.tar,healthy_20250426_154849_800rpm_20250426_154928,healthy,800,18,754920
healthy.tar,healthy_20250426_154849_800rpm_20250426_154929,healthy,800,18,761623
healthy.tar,healthy_20250426_154849_800rpm_20250426_154930,healthy,800,18,761591
healthy.tar,healthy_20250426_154849_800rpm_20250426_154931,healthy,800,18,762005
healthy.tar,healthy_20250426_154849_800rpm_20250426_154932,healthy,800,18,760791
healthy.tar,healthy_20250426_154849_800rpm_20250426_154933,healthy,800,18,755694
healthy.tar,healthy_20250426_154849_800rpm_20250426_154934,healthy,800,18,755788
healthy.tar,healthy_20250426_154849_800rpm_20250426_154935,healthy,800,18,759001
healthy.tar,healthy_20250426_154849_800rpm_20250426_154936,healthy,800,18,758723
healthy.tar,healthy_20250426_154849_800rpm_20250426_154937,healthy,800,18,754775
healthy.tar,healthy_20250426_154849_800rpm_20250426_154938,healthy,800,18,758140
healthy.tar,healthy_20250426_154849_800rpm_20250426_154939,healthy,800,18,762502
healthy.tar,healthy_20250426_154849_800rpm_20250426_154940,healthy,800,18,762179
healthy.tar,healthy_20250426_154849_800rpm_20250426_154941,healthy,800,18,759152
healthy.tar,healthy_20250426_154849_800rpm_20250426_154942,healthy,800,18,758325
healthy.tar,healthy_20250426_154849_800rpm_20250426_154943,healthy,800,18,757128
healthy.tar,healthy_20250426_154849_800rpm_20250426_154944,healthy,800,18,756131
healthy.tar,healthy_20250426_154849_800rpm_20250426_154945,healthy,800,18,757570
healthy.tar,healthy_20250426_154849_800rpm_20250426_154946,healthy,800,18,757651
healthy.tar,healthy_20250426_154849_800rpm_20250426_154947,healthy,800,18,762322
healthy.tar,healthy_20250426_154849_800rpm_20250426_154948,healthy,800,18,762012
healthy.tar,healthy_20250426_154849_800rpm_20250426_154949,healthy,800,18,763968
healthy.tar,healthy_20250426_154849_800rpm_20250426_154950,healthy,800,18,766015
healthy.tar,healthy_20250426_154849_800rpm_20250426_154951,healthy,800,18,760124
healthy.tar,healthy_20250426_154849_800rpm_20250426_154952,healthy,800,18,759338
healthy.tar,healthy_20250426_154849_800rpm_20250426_154953,healthy,800,18,760617
healthy.tar,healthy_20250426_154849_800rpm_20250426_154954,healthy,800,18,756078
healthy.tar,healthy_20250426_154849_800rpm_20250426_154955,healthy,800,18,758379
healthy.tar,healthy_20250426_154849_800rpm_20250426_154956,healthy,800,18,760660
healthy.tar,healthy_20250426_154849_800rpm_20250426_154957,healthy,800,18,761142
healthy.tar,healthy_20250426_154849_800rpm_20250426_154958,healthy,800,18,761909
healthy.tar,healthy_20250426_154849_800rpm_20250426_154959,healthy,800,18,761524
healthy.tar,healthy_20250426_154849_800rpm_20250426_155000,healthy,800,18,762711
healthy.tar,healthy_20250426_154849_800rpm_20250426_155001,healthy,800,18,759546
healthy.tar,healthy_20250426_154849_800rpm_20250426_155002,healthy,800,18,756444
healthy.tar,healthy_20250426_154849_800rpm_20250426_155003,healthy,800,18,760853
healthy.tar,healthy_20250426_154849_800rpm_20250426_155004,healthy,800,18,757905
healthy.tar,healthy_20250426_154849_800rpm_20250426_155005,healthy,800,18,764070
healthy.tar,healthy_20250426_154849_800rpm_20250426_155006,healthy,800,18,761569
healthy.tar,healthy_20250426_154849_800rpm_20250426_155007,healthy,800,18,756415
healthy.tar,healthy_20250426_154849_800rpm_20250426_155008,healthy,800,18,755567
healthy.tar,healthy_20250426_154849_800rpm_20250426_155009,healthy,800,18,757208
healthy.tar,healthy_20250426_154849_800rpm_20250426_155010,healthy,800,18,762419
healthy.tar,healthy_20250426_154849_800rpm_20250426_155011,healthy,800,18,760399
healthy.tar,healthy_20250426_154849_800rpm_20250426_155012,healthy,800,18,758878
healthy.tar,healthy_20250426_154849_800rpm_20250426_155013,healthy,800,18,757015
healthy.tar,healthy_20250426_154849_800rpm_20250426_155014,healthy,800,18,758497
healthy.tar,healthy_20250426_154849_800rpm_20250426_155015,healthy,800,18,754513
healthy.tar,healthy_20250426_154849_800rpm_20250426_155016,healthy,800,18,755277
healthy.tar,healthy_20250426_154849_800rpm_20250426_155017,healthy,800,18,755825
healthy.tar,healthy_20250426_154849_800rpm_20250426_155018,healthy,800,18,752108
healthy.tar,healthy_20250426_154849_800rpm_20250426_155019,healthy,800,18,768653
healthy.tar,healthy_20250426_154849_800rpm_20250426_155020,healthy,800,18,766058
healthy.tar,healthy_20250426_154849_800rpm_20250426_155021,healthy,800,18,762516
healthy.tar,healthy_20250426_154849_800rpm_20250426_155022,healthy,800,18,762814
healthy.tar,healthy_20250426_154849_800rpm_20250426_155023,healthy,800,18,762305
healthy.tar,healthy_20250426_154849_800rpm_20250426_155024,healthy,800,18,758512
healthy.tar,healthy_20250426_154849_800rpm_20250426_155025,healthy,800,18,758272
healthy.tar,healthy_20250426_154849_800rpm_20250426_155026,healthy,800,18,756459
healthy.tar,healthy_20250426_154849_800rpm_20250426_155027,healthy,800,18,764162
healthy.tar,healthy_20250426_154849_800rpm_20250426_155028,healthy,800,18,756153
healthy.tar,healthy_20250426_154849_800rpm_20250426_155029,healthy,800,18,759305
healthy.tar,healthy_20250426_154849_800rpm_20250426_155030,healthy,800,18,756461
healthy.tar,healthy_20250426_154849_800rpm_20250426_155031,healthy,800,18,758634
healthy.tar,healthy_20250426_154849_800rpm_20250426_155032,healthy,800,18,759480
healthy.tar,healthy_20250426_154849_800rpm_20250426_155033,healthy,800,18,759735
healthy.tar,healthy_20250426_154849_800rpm_20250426_155034,healthy,800,18,760264
healthy.tar,healthy_20250426_154849_800rpm_20250426_155035,healthy,800,18,760154
healthy.tar,healthy_20250426_154849_800rpm_20250426_155036,healthy,800,18,757126
healthy.tar,healthy_20250426_154849_800rpm_20250426_155037,healthy,800,18,761469
healthy.tar,healthy_20250426_154849_800rpm_20250426_155038,healthy,800,18,763799
healthy.tar,healthy_20250426_154849_800rpm_20250426_155039,healthy,800,18,762380
healthy.tar,healthy_20250426_154849_800rpm_20250426_155040,healthy,800,18,759106
healthy.tar,healthy_20250426_154849_800rpm_20250426_155041,healthy,800,18,757514
healthy.tar,healthy_20250426_154849_800rpm_20250426_155042,healthy,800,18,758862
healthy.tar,healthy_20250426_154849_800rpm_20250426_155043,healthy,800,18,752753
healthy.tar,healthy_20250426_154849_800rpm_20250426_155044,healthy,800,18,756726
healthy.tar,healthy_20250426_154849_800rpm_20250426_155045,healthy,800,18,755565
healthy.tar,healthy_20250426_154849_800rpm_20250426_155046,healthy,800,18,754778
healthy.tar,healthy_20250426_154849_800rpm_20250426_155047,healthy,800,18,759491
healthy.tar,healthy_20250426_154849_800rpm_20250426_155048,healthy,800,18,760609
healthy.tar,healthy_20250426_154849_800rpm_20250426_155049,healthy,800,18,761284
healthy.tar,healthy_20250426_154849_800rpm_20250426_155050,healthy,800,18,766457
healthy.tar,healthy_20250426_154849_800rpm_20250426_155051,healthy,800,18,758605
healthy.tar,healthy_20250426_154849_800rpm_20250426_155052,healthy,800,18,754539
healthy.tar,healthy_20250426_154849_800rpm_20250426_155053,healthy,800,18,754980
healthy.tar,healthy_20250426_154849_800rpm_20250426_155054,healthy,800,18,754145
healthy.tar,healthy_20250426_154849_800rpm_20250426_155055,healthy,800,18,758889
healthy.tar,healthy_20250426_154849_800rpm_20250426_155056,healthy,800,18,761180
healthy.tar,healthy_20250426_154849_800rpm_20250426_155057,healthy,800,18,763138
healthy.tar,healthy_20250426_154849_800rpm_20250426_155058,healthy,800,18,755602
healthy.tar,healthy_20250426_154849_800rpm_20250426_155059,healthy,800,18,756449
healthy.tar,healthy_20250426_154849_800rpm_20250426_155100,healthy,800,18,756752
healthy.tar,healthy_20250426_154849_800rpm_20250426_155101,healthy,800,18,753574
healthy.tar,healthy_20250426_154849_800rpm_20250426_155102,healthy,800,18,757631
healthy.tar,healthy_20250426_154849_800rpm_20250426_155103,healthy,800,18,759654
healthy.tar,healthy_20250426_154849_800rpm_20250426_155104,healthy,800,18,753659
healthy.tar,healthy_20250426_154849_800rpm_20250426_155105,healthy,800,18,753724
healthy.tar,healthy_20250426_154849_800rpm_20250426_155106,healthy,800,18,752320
healthy.tar,healthy_20250426_154849_800rpm_20250426_155107,healthy,800,18,755813
healthy.tar,healthy_20250426_154849_800rpm_20250426_155108,healthy,800,18,756618
healthy.tar,healthy_20250426_154849_800rpm_20250426_155109,healthy,800,18,759228
healthy.tar,healthy_20250426_154849_800rpm_20250426_155110,healthy,800,18,757826
healthy.tar,healthy_20250426_154849_800rpm_20250426_155111,healthy,800,18,762489
healthy.tar,healthy_20250426_154849_800rpm_20250426_155112,healthy,800,18,762466
healthy.tar,healthy_20250426_154849_800rpm_20250426_155113,healthy,800,18,760291
healthy.tar,healthy_20250426_154849_800rpm_20250426_155114,healthy,800,18,766836
healthy.tar,healthy_20250426_154849_800rpm_20250426_155115,healthy,800,18,759903
healthy.tar,healthy_20250426_154849_800rpm_20250426_155116,healthy,800,18,757200
healthy.tar,healthy_20250426_154849_800rpm_20250426_155117,healthy,800,18,757473
healthy.tar,healthy_20250426_154849_800rpm_20250426_155118,healthy,800,18,754743
healthy.tar,healthy_20250426_154849_800rpm_20250426_155119,healthy,800,18,754336
healthy.tar,healthy_20250426_154849_800rpm_20250426_155120,healthy,800,18,755912
healthy.tar,healthy_20250426_154849_800rpm_20250426_155121,healthy,800,18,756482
healthy.tar,healthy_20250426_154849_800rpm_20250426_155122,healthy,800,18,756105
healthy.tar,healthy_20250426_154849_800rpm_20250426_155123,healthy,800,18,761851
healthy.tar,healthy_20250426_154849_800rpm_20250426_155124,healthy,800,18,761564
healthy.tar,healthy_20250426_154849_800rpm_20250426_155125,healthy,800,18,765326
healthy.tar,healthy_20250426_154849_800rpm_20250426_155126,healthy,800,18,766914
healthy.tar,healthy_20250426_154849_800rpm_20250426_155127,healthy,800,18,765076
healthy.tar,healthy_20250426_154849_800rpm_20250426_155128,healthy,800,18,759677
healthy.tar,healthy_20250426_154849_800rpm_20250426_155129,healthy,800,18,763490
healthy.tar,healthy_20250426_154849_800rpm_20250426_155130,healthy,800,18,762049
healthy.tar,healthy_20250426_154849_800rpm_20250426_155131,healthy,800,18,765290
healthy.tar,healthy_20250426_154849_800rpm_20250426_155132,healthy,800,18,764557
healthy.tar,healthy_20250426_154849_800rpm_20250426_155133,healthy,800,18,766397
healthy.tar,healthy_20250426_154849_800rpm_20250426_155134,healthy,800,18,767725
healthy.tar,healthy_20250426_154849_800rpm_20250426_155135,healthy,800,18,770901
healthy.tar,healthy_20250426_154849_800rpm_20250426_155136,healthy,800,18,769822
healthy.tar,healthy_20250426_154849_800rpm_20250426_155137,healthy,800,18,771658
healthy.tar,healthy_20250426_154849_800rpm_20250426_155138,healthy,800,18,773038
healthy.tar,healthy_20250426_154849_800rpm_20250426_155139,healthy,800,18,769948
healthy.tar,healthy_20250426_154849_800rpm_20250426_155140,healthy,800,18,766532
healthy.tar,healthy_20250426_154849_800rpm_20250426_155141,healthy,800,18,764765
healthy.tar,healthy_20250426_154849_800rpm_20250426_155142,healthy,800,18,762493
healthy.tar,healthy_20250426_154849_800rpm_20250426_155143,healthy,800,18,757187
healthy.tar,healthy_20250426_154849_800rpm_20250426_155144,healthy,800,18,759147
healthy.tar,healthy_20250426_154849_800rpm_20250426_155145,healthy,800,18,753861
healthy.tar,healthy_20250426_154849_800rpm_20250426_155146,healthy,800,18,755698
healthy.tar,healthy_20250426_154849_800rpm_20250426_155147,healthy,800,18,755283
healthy.tar,healthy_20250426_154849_800rpm_20250426_155148,healthy,800,18,752452
healthy.tar,healthy_20250426_154849_800rpm_20250426_155149,healthy,800,18,751570
healthy.tar,healthy_20250426_154849_800rpm_20250426_155150,healthy,800,18,752212
healthy.tar,healthy_20250426_154849_800rpm_20250426_155151,healthy,800,18,753410
healthy.tar,healthy_20250426_154849_800rpm_20250426_155152,healthy,800,18,755192
healthy.tar,healthy_20250426_154849_800rpm_20250426_155153,healthy,800,18,752100
healthy.tar,healthy_20250426_154849_800rpm_20250426_155154,healthy,800,18,749154
healthy.tar,healthy_20250426_154849_800rpm_20250426_155155,healthy,800,18,751564
healthy.tar,healthy_20250426_154849_800rpm_20250426_155156,healthy,800,18,749341
healthy.tar,healthy_20250426_154849_800rpm_20250426_155157,healthy,800,18,751122
healthy.tar,healthy_20250426_154849_800rpm_20250426_155158,healthy,800,18,750733
healthy.tar,healthy_20250426_154849_800rpm_20250426_155159,healthy,800,18,752494
healthy.tar,healthy_20250426_154849_800rpm_20250426_155200,healthy,800,18,753185
healthy.tar,healthy_20250426_154849_800rpm_20250426_155201,healthy,800,18,759540
healthy.tar,healthy_20250426_154849_800rpm_20250426_155202,healthy,800,18,761610
healthy.tar,healthy_20250426_154849_800rpm_20250426_155203,healthy,800,18,755023
healthy.tar,healthy_20250426_154849_800rpm_20250426_155204,healthy,800,18,761917
healthy.tar,healthy_20250426_154849_800rpm_20250426_155205,healthy,800,18,765954
healthy.tar,healthy_20250426_154849_800rpm_20250426_155206,healthy,800,18,761259
healthy.tar,healthy_20250426_154849_800rpm_20250426_155207,healthy,800,18,764043
healthy.tar,healthy_20250426_154849_800rpm_20250426_155208,healthy,800,18,759305
healthy.tar,healthy_20250426_154849_800rpm_20250426_155209,healthy,800,18,754574
healthy.tar,healthy_20250426_154849_800rpm_20250426_155210,healthy,800,18,755542
healthy.tar,healthy_20250426_154849_800rpm_20250426_155211,healthy,800,18,753043
healthy.tar,healthy_20250426_154849_800rpm_20250426_155212,healthy,800,18,750551
healthy.tar,healthy_20250426_154849_800rpm_20250426_155213,healthy,800,18,753264
healthy.tar,healthy_20250426_154849_800rpm_20250426_155214,healthy,800,18,750026
healthy.tar,healthy_20250426_154849_800rpm_20250426_155215,healthy,800,18,747446
healthy.tar,healthy_20250426_154849_800rpm_20250426_155216,healthy,800,18,753064
healthy.tar,healthy_20250426_154849_800rpm_20250426_155217,healthy,800,18,755904
healthy.tar,healthy_20250426_154849_800rpm_20250426_155218,healthy,800,18,752602
healthy.tar,healthy_20250426_154849_800rpm_20250426_155219,healthy,800,18,759116
healthy.tar,healthy_20250426_154849_800rpm_20250426_155220,healthy,800,18,755459
healthy.tar,healthy_20250426_154849_800rpm_20250426_155221,healthy,800,18,752764
healthy.tar,healthy_20250426_154849_800rpm_20250426_155222,healthy,800,18,750528
healthy.tar,healthy_20250426_154849_800rpm_20250426_155223,healthy,800,18,749095
healthy.tar,healthy_20250426_154849_800rpm_20250426_155224,healthy,800,18,748788
healthy.tar,healthy_20250426_154849_800rpm_20250426_155225,healthy,800,18,745873
healthy.tar,healthy_20250426_154849_800rpm_20250426_155226,healthy,800,18,744129
healthy.tar,healthy_20250426_154849_800rpm_20250426_155227,healthy,800,18,755915
healthy.tar,healthy_20250426_154849_800rpm_20250426_155228,healthy,800,18,751824
healthy.tar,healthy_20250426_154849_800rpm_20250426_155229,healthy,800,18,749032
healthy.tar,healthy_20250426_154849_800rpm_20250426_155230,healthy,800,18,747282
healthy.tar,healthy_20250426_154849_800rpm_20250426_155231,healthy,800,18,749884
healthy.tar,healthy_20250426_154849_800rpm_20250426_155232,healthy,800,18,749283
healthy.tar,healthy_20250426_154849_800rpm_20250426_155233,healthy,800,18,752756
healthy.tar,healthy_20250426_154849_800rpm_20250426_155234,healthy,800,18,751336
healthy.tar,healthy_20250426_154849_800rpm_20250426_155235,healthy,800,18,754814
healthy.tar,healthy_20250426_154849_800rpm_20250426_155236,healthy,800,18,753966
healthy.tar,healthy_20250426_154849_800rpm_20250426_155237,healthy,800,18,759020
healthy.tar,healthy_20250426_154849_800rpm_20250426_155238,healthy,800,18,755804
healthy.tar,healthy_20250426_155750_400rpm_20250426_155752,healthy,400,18,776273
healthy.tar,healthy_20250426_155750_400rpm_20250426_155753,healthy,400,18,772910
healthy.tar,healthy_20250426_155750_400rpm_20250426_155754,healthy,400,18,760518
healthy.tar,healthy_20250426_155750_400rpm_20250426_155755,healthy,400,18,763656
healthy.tar,healthy_20250426_155750_400rpm_20250426_155756,healthy,400,18,765185
healthy.tar,healthy_20250426_155750_400rpm_20250426_155757,healthy,400,18,769372
healthy.tar,healthy_20250426_155750_400rpm_20250426_155758,healthy,400,18,761051
healthy.tar,healthy_20250426_155750_400rpm_20250426_155759,healthy,400,18,763988
healthy.tar,healthy_20250426_155750_400rpm_20250426_155800,healthy,400,18,757299
healthy.tar,healthy_20250426_155750_400rpm_20250426_155801,healthy,400,18,757812
healthy.tar,healthy_20250426_155750_400rpm_20250426_155802,healthy,400,18,760288
healthy.tar,healthy_20250426_155750_400rpm_20250426_155803,healthy,400,18,766466
healthy.tar,healthy_20250426_155750_400rpm_20250426_155804,healthy,400,18,767089
healthy.tar,healthy_20250426_155750_400rpm_20250426_155805,healthy,400,18,765896
healthy.tar,healthy_20250426_155750_400rpm_20250426_155806,healthy,400,18,764190
healthy.tar,healthy_20250426_155750_400rpm_20250426_155807,healthy,400,18,764108
healthy.tar,healthy_20250426_155750_400rpm_20250426_155808,healthy,400,18,763031
healthy.tar,healthy_20250426_155750_400rpm_20250426_155809,healthy,400,18,760827
healthy.tar,healthy_20250426_155750_400rpm_20250426_155810,healthy,400,18,754007
healthy.tar,healthy_20250426_155750_400rpm_20250426_155811,healthy,400,18,762389
healthy.tar,healthy_20250426_155750_400rpm_20250426_155812,healthy,400,18,766498
healthy.tar,healthy_20250426_155750_400rpm_20250426_155813,healthy,400,18,766960
healthy.tar,healthy_20250426_155750_400rpm_20250426_155814,healthy,400,18,762263
healthy.tar,healthy_20250426_155750_400rpm_20250426_155815,healthy,400,18,762379
healthy.tar,healthy_20250426_155750_400rpm_20250426_155816,healthy,400,18,758404
healthy.tar,healthy_20250426_155750_400rpm_20250426_155817,healthy,400,18,761850
healthy.tar,healthy_20250426_155750_400rpm_20250426_155818,healthy,400,18,763929
healthy.tar,healthy_20250426_155750_400rpm_20250426_155819,healthy,400,18,764382
healthy.tar,healthy_20250426_155750_400rpm_20250426_155820,healthy,400,18,760413
healthy.tar,healthy_20250426_155750_400rpm_20250426_155821,healthy,400,18,762483
healthy.tar,healthy_20250426_155750_400rpm_20250426_155822,healthy,400,18,763489
healthy.tar,healthy_20250426_155750_400rpm_20250426_155823,healthy,400,18,766029
healthy.tar,healthy_20250426_155750_400rpm_20250426_155824,healthy,400,18,765883
healthy.tar,healthy_20250426_155750_400rpm_20250426_155825,healthy,400,18,769787
healthy.tar,healthy_20250426_155750_400rpm_20250426_155826,healthy,400,18,766788
healthy.tar,healthy_20250426_155750_400rpm_20250426_155827,healthy,400,18,762264
healthy.tar,healthy_20250426_155750_400rpm_20250426_155828,healthy,400,18,768440
healthy.tar,healthy_20250426_155750_400rpm_20250426_155829,healthy,400,18,766138
healthy.tar,healthy_20250426_155750_400rpm_20250426_155830,healthy,400,18,764631
healthy.tar,healthy_20250426_155750_400rpm_20250426_155831,healthy,400,18,765325
healthy.tar,healthy_20250426_155750_400rpm_20250426_155832,healthy,400,18,764098
healthy.tar,healthy_20250426_155750_400rpm_20250426_155833,healthy,400,18,761625
healthy.tar,healthy_20250426_155750_400rpm_20250426_155834,healthy,400,18,757216
healthy.tar,healthy_20250426_155750_400rpm_20250426_155835,healthy,400,18,761652
healthy.tar,healthy_20250426_155750_400rpm_20250426_155836,healthy,400,18,761287
healthy.tar,healthy_20250426_155750_400rpm_20250426_155837,healthy,400,18,762713
healthy.tar,healthy_20250426_155750_400rpm_20250426_155838,healthy,400,18,764809
healthy.tar,healthy_20250426_155750_400rpm_20250426_155839,healthy,400,18,766286
healthy.tar,healthy_20250426_155750_400rpm_20250426_155840,healthy,400,18,765595
healthy.tar,healthy_20250426_155750_400rpm_20250426_155841,healthy,400,18,768148
healthy.tar,healthy_20250426_155750_400rpm_20250426_155842,healthy,400,18,766608
healthy.tar,healthy_20250426_155750_400rpm_20250426_155843,healthy,400,18,769806
healthy.tar,healthy_20250426_155750_400rpm_20250426_155844,healthy,400,18,768513
healthy.tar,healthy_20250426_155750_400rpm_20250426_155845,healthy,400,18,766049
healthy.tar,healthy_20250426_155750_400rpm_20250426_155846,healthy,400,18,762747
healthy.tar,healthy_20250426_155750_400rpm_20250426_155847,healthy,400,18,764036
healthy.tar,healthy_20250426_155750_400rpm_20250426_155848,healthy,400,18,760310
healthy.tar,healthy_20250426_155750_400rpm_20250426_155849,healthy,400,18,765288
healthy.tar,healthy_20250426_155750_400rpm_20250426_155850,healthy,400,18,764309
healthy.tar,healthy_20250426_155750_400rpm_20250426_155851,healthy,400,18,765875
healthy.tar,healthy_20250426_155750_400rpm_20250426_155852,healthy,400,18,761877
healthy.tar,healthy_20250426_155750_400rpm_20250426_155853,healthy,400,18,762376
healthy.tar,healthy_20250426_155750_400rpm_20250426_155854,healthy,400,18,761323
healthy.tar,healthy_20250426_155750_400rpm_20250426_155855,healthy,400,18,763832
healthy.tar,healthy_20250426_155750_400rpm_20250426_155856,healthy,400,18,768268
healthy.tar,healthy_20250426_155750_400rpm_20250426_155857,healthy,400,18,768969
healthy.tar,healthy_20250426_155750_400rpm_20250426_155858,healthy,400,18,766846
healthy.tar,healthy_20250426_155750_400rpm_20250426_155859,healthy,400,18,767394
healthy.tar,healthy_20250426_155750_400rpm_20250426_155900,healthy,400,18,769232
healthy.tar,healthy_20250426_155750_400rpm_20250426_155901,healthy,400,18,771558
healthy.tar,healthy_20250426_155750_400rpm_20250426_155902,healthy,400,18,765721
healthy.tar,healthy_20250426_155750_400rpm_20250426_155903,healthy,400,18,762376
healthy.tar,healthy_20250426_155750_400rpm_20250426_155904,healthy,400,18,760373
healthy.tar,healthy_20250426_155750_400rpm_20250426_155905,healthy,400,18,765873
healthy.tar,healthy_20250426_155750_400rpm_20250426_155906,healthy,400,18,764828
healthy.tar,healthy_20250426_155750_400rpm_20250426_155907,healthy,400,18,768602
healthy.tar,healthy_20250426_155750_400rpm_20250426_155908,healthy,400,18,767058
healthy.tar,healthy_20250426_155750_400rpm_20250426_155909,healthy,400,18,765969
healthy.tar,healthy_20250426_155750_400rpm_20250426_155910,healthy,400,18,758778
healthy.tar,healthy_20250426_155750_400rpm_20250426_155911,healthy,400,18,764767
healthy.tar,healthy_20250426_155750_400rpm_20250426_155912,healthy,400,18,769165
healthy.tar,healthy_20250426_155750_400rpm_20250426_155913,healthy,400,18,768804
healthy.tar,healthy_20250426_155750_400rpm_20250426_155914,healthy,400,18,763480
healthy.tar,healthy_20250426_155750_400rpm_20250426_155915,healthy,400,18,764775
healthy.tar,healthy_20250426_155750_400rpm_20250426_155916,healthy,400,18,760670
healthy.tar,healthy_20250426_155750_400rpm_20250426_155917,healthy,400,18,762453
healthy.tar,healthy_20250426_155750_400rpm_20250426_155918,healthy,400,18,762460
healthy.tar,healthy_20250426_155750_400rpm_20250426_155919,healthy,400,18,765819
healthy.tar,healthy_20250426_155750_400rpm_20250426_155920,healthy,400,18,767898
healthy.tar,healthy_20250426_155750_400rpm_20250426_155921,healthy,400,18,766890
healthy.tar,healthy_20250426_155750_400rpm_20250426_155922,healthy,400,18,767477
healthy.tar,healthy_20250426_155750_400rpm_20250426_155923,healthy,400,18,767858
healthy.tar,healthy_20250426_155750_400rpm_20250426_155924,healthy,400,18,759558
healthy.tar,healthy_20250426_155750_400rpm_20250426_155925,healthy,400,18,764220
healthy.tar,healthy_20250426_155750_400rpm_20250426_155926,healthy,400,18,761335
healthy.tar,healthy_20250426_155750_400rpm_20250426_155927,healthy,400,18,769953
healthy.tar,healthy_20250426_155750_400rpm_20250426_155928,healthy,400,18,770334
healthy.tar,healthy_20250426_155750_400rpm_20250426_155929,healthy,400,18,770677
healthy.tar,healthy_20250426_155750_400rpm_20250426_155930,healthy,400,18,762712
healthy.tar,healthy_20250426_155750_400rpm_20250426_155931,healthy,400,18,766513
healthy.tar,healthy_20250426_155750_400rpm_20250426_155932,healthy,400,18,763976
healthy.tar,healthy_20250426_155750_400rpm_20250426_155933,healthy,400,18,767159
healthy.tar,healthy_20250426_155750_400rpm_20250426_155934,healthy,400,18,772129
healthy.tar,healthy_20250426_155750_400rpm_20250426_155935,healthy,400,18,767976
healthy.tar,healthy_20250426_155750_400rpm_20250426_155936,healthy,400,18,763369
healthy.tar,healthy_20250426_155750_400rpm_20250426_155937,healthy,400,18,767457
healthy.tar,healthy_20250426_155750_400rpm_20250426_155938,healthy,400,18,766761
healthy.tar,healthy_20250426_155750_400rpm_20250426_155939,healthy,400,18,767600
healthy.tar,healthy_20250426_155750_400rpm_20250426_155940,healthy,400,18,763700
healthy.tar,healthy_20250426_155750_400rpm_20250426_155941,healthy,400,18,768060
healthy.tar,healthy_20250426_155750_400rpm_20250426_155942,healthy,400,18,769711
healthy.tar,healthy_20250426_155750_400rpm_20250426_155943,healthy,400,18,771490
healthy.tar,healthy_20250426_155750_400rpm_20250426_155944,healthy,400,18,763448
healthy.tar,healthy_20250426_155750_400rpm_20250426_155945,healthy,400,18,765573
healthy.tar,healthy_20250426_155750_400rpm_20250426_155946,healthy,400,18,769953
healthy.tar,healthy_20250426_155750_400rpm_20250426_155947,healthy,400,18,769126
healthy.tar,healthy_20250426_155750_400rpm_20250426_155948,healthy,400,18,764298
healthy.tar,healthy_20250426_155750_400rpm_20250426_155949,healthy,400,18,763961
healthy.tar,healthy_20250426_155750_400rpm_20250426_155950,healthy,400,18,762342
healthy.tar,healthy_20250426_155750_400rpm_20250426_155951,healthy,400,18,766038
healthy.tar,healthy_20250426_155750_400rpm_20250426_155952,healthy,400,18,765041
healthy.tar,healthy_20250426_155750_400rpm_20250426_155953,healthy,400,18,765110
healthy.tar,healthy_20250426_155750_400rpm_20250426_155954,healthy,400,18,760559
healthy.tar,healthy_20250426_155750_400rpm_20250426_155955,healthy,400,18,764334
healthy.tar,healthy_20250426_155750_400rpm_20250426_155956,healthy,400,18,767514
healthy.tar,healthy_20250426_155750_400rpm_20250426_155957,healthy,400,18,769067
healthy.tar,healthy_20250426_155750_400rpm_20250426_155958,healthy,400,18,766647
healthy.tar,healthy_20250426_155750_400rpm_20250426_155959,healthy,400,18,764492
healthy.tar,healthy_20250426_155750_400rpm_20250426_160000,healthy,400,18,764127
healthy.tar,healthy_20250426_155750_400rpm_20250426_160001,healthy,400,18,766452
healthy.tar,healthy_20250426_155750_400rpm_20250426_160002,healthy,400,18,766474
healthy.tar,healthy_20250426_155750_400rpm_20250426_160003,healthy,400,18,766637
healthy.tar,healthy_20250426_155750_400rpm_20250426_160004,healthy,400,18,764076
healthy.tar,healthy_20250426_155750_400rpm_20250426_160005,healthy,400,18,761989
healthy.tar,healthy_20250426_155750_400rpm_20250426_160006,healthy,400,18,761045
healthy.tar,healthy_20250426_155750_400rpm_20250426_160007,healthy,400,18,765656
healthy.tar,healthy_20250426_155750_400rpm_20250426_160008,healthy,400,18,768968
healthy.tar,healthy_20250426_155750_400rpm_20250426_160009,healthy,400,18,767576
healthy.tar,healthy_20250426_155750_400rpm_20250426_160010,healthy,400,18,768032
healthy.tar,healthy_20250426_155750_400rpm_20250426_160011,healthy,400,18,768817
healthy.tar,healthy_20250426_155750_400rpm_20250426_160012,healthy,400,18,765077
healthy.tar,healthy_20250426_155750_400rpm_20250426_160013,healthy,400,18,767697
healthy.tar,healthy_20250426_155750_400rpm_20250426_160014,healthy,400,18,767799
healthy.tar,healthy_20250426_155750_400rpm_20250426_160015,healthy,400,18,765734
healthy.tar,healthy_20250426_155750_400rpm_20250426_160016,healthy,400,18,761207
healthy.tar,healthy_20250426_155750_400rpm_20250426_160017,healthy,400,18,765623
healthy.tar,healthy_20250426_155750_400rpm_20250426_160018,healthy,400,18,772105
healthy.tar,healthy_20250426_155750_400rpm_20250426_160019,healthy,400,18,770118
healthy.tar,healthy_20250426_155750_400rpm_20250426_160020,healthy,400,18,768253
healthy.tar,healthy_20250426_155750_400rpm_20250426_160021,healthy,400,18,771932
healthy.tar,healthy_20250426_155750_400rpm_20250426_160022,healthy,400,18,763694
healthy.tar,healthy_20250426_155750_400rpm_20250426_160023,healthy,400,18,768405
healthy.tar,healthy_20250426_155750_400rpm_20250426_160024,healthy,400,18,769434
healthy.tar,healthy_20250426_155750_400rpm_20250426_160025,healthy,400,18,773717
healthy.tar,healthy_20250426_155750_400rpm_20250426_160026,healthy,400,18,772394
healthy.tar,healthy_20250426_155750_400rpm_20250426_160027,healthy,400,18,772803
healthy.tar,healthy_20250426_155750_400rpm_20250426_160028,healthy,400,18,768040
healthy.tar,healthy_20250426_155750_400rpm_20250426_160029,healthy,400,18,765814
healthy.tar,healthy_20250426_155750_400rpm_20250426_160030,healthy,400,18,765627
healthy.tar,healthy_20250426_155750_400rpm_20250426_160031,healthy,400,18,770276
healthy.tar,healthy_20250426_155750_400rpm_20250426_160032,healthy,400,18,764025
healthy.tar,healthy_20250426_155750_400rpm_20250426_160033,healthy,400,18,765937
healthy.tar,healthy_20250426_155750_400rpm_20250426_160034,healthy,400,18,764976
healthy.tar,healthy_20250426_155750_400rpm_20250426_160035,healthy,400,18,770485
healthy.tar,healthy_20250426_155750_400rpm_20250426_160036,healthy,400,18,768899
healthy.tar,healthy_20250426_155750_400rpm_20250426_160037,healthy,400,18,771371
healthy.tar,healthy_20250426_155750_400rpm_20250426_160038,healthy,400,18,769213
healthy.tar,healthy_20250426_155750_400rpm_20250426_160039,healthy,400,18,771539
healthy.tar,healthy_20250426_155750_400rpm_20250426_160040,healthy,400,18,778009
healthy.tar,healthy_20250426_155750_400rpm_20250426_160041,healthy,400,18,773293
healthy.tar,healthy_20250426_155750_400rpm_20250426_160042,healthy,400,18,761511
healthy.tar,healthy_20250426_155750_400rpm_20250426_160043,healthy,400,18,764542
healthy.tar,healthy_20250426_155750_400rpm_20250426_160044,healthy,400,18,767852
healthy.tar,healthy_20250426_155750_400rpm_20250426_160045,healthy,400,18,768615
healthy.tar,healthy_20250426_155750_400rpm_20250426_160046,healthy,400,18,763611
healthy.tar,healthy_20250426_155750_400rpm_20250426_160047,healthy,400,18,767790
healthy.tar,healthy_20250426_155750_400rpm_20250426_160048,healthy,400,18,767335
healthy.tar,healthy_20250426_155750_400rpm_20250426_160049,healthy,400,18,765645
healthy.tar,healthy_20250426_155750_400rpm_20250426_160050,healthy,400,18,760640
healthy.tar,healthy_20250426_155750_400rpm_20250426_160051,healthy,400,18,763801
healthy.tar,healthy_20250426_155750_400rpm_20250426_160052,healthy,400,18,765928
healthy.tar,healthy_20250426_155750_400rpm_20250426_160053,healthy,400,18,762576
healthy.tar,healthy_20250426_155750_400rpm_20250426_160054,healthy,400,18,759579
healthy.tar,healthy_20250426_155750_400rpm_20250426_160055,healthy,400,18,762185
healthy.tar,healthy_20250426_155750_400rpm_20250426_160056,healthy,400,18,761098
healthy.tar,healthy_20250426_155750_400rpm_20250426_160057,healthy,400,18,768436
healthy.tar,healthy_20250426_155750_400rpm_20250426_160058,healthy,400,18,766025
healthy.tar,healthy_20250426_155750_400rpm_20250426_160059,healthy,400,18,764148
healthy.tar,healthy_20250426_155750_400rpm_20250426_160100,healthy,400,18,761127
healthy.tar,healthy_20250426_155750_400rpm_20250426_160101,healthy,400,18,760453
healthy.tar,healthy_20250426_155750_400rpm_20250426_160102,healthy,400,18,762124
healthy.tar,healthy_20250426_155750_400rpm_20250426_160103,healthy,400,18,769001
healthy.tar,healthy_20250426_155750_400rpm_20250426_160104,healthy,400,18,766413
healthy.tar,healthy_20250426_155750_400rpm_20250426_160105,healthy,400,18,769228
healthy.tar,healthy_20250426_155750_400rpm_20250426_160106,healthy,400,18,767872
healthy.tar,healthy_20250426_155750_400rpm_20250426_160107,healthy,400,18,768370
healthy.tar,healthy_20250426_155750_400rpm_20250426_160108,healthy,400,18,767504
healthy.tar,healthy_20250426_155750_400rpm_20250426_160109,healthy,400,18,770912
healthy.tar,healthy_20250426_155750_400rpm_20250426_160110,healthy,400,18,767934
healthy.tar,healthy_20250426_155750_400rpm_20250426_160111,healthy,400,18,766566
healthy.tar,healthy_20250426_155750_400rpm_20250426_160112,healthy,400,18,767410
healthy.tar,healthy_20250426_155750_400rpm_20250426_160113,healthy,400,18,766105
healthy.tar,healthy_20250426_155750_400rpm_20250426_160114,healthy,400,18,767022
healthy.tar,healthy_20250426_155750_400rpm_20250426_160115,healthy,400,18,770751
healthy.tar,healthy_20250426_155750_400rpm_20250426_160116,healthy,400,18,773949
healthy.tar,healthy_20250426_155750_400rpm_20250426_160117,healthy,400,18,770961
healthy.tar,healthy_20250426_155750_400rpm_20250426_160118,healthy,400,18,763621
healthy.tar,healthy_20250426_155750_400rpm_20250426_160119,healthy,400,18,767177
healthy.tar,healthy_20250426_155750_400rpm_20250426_160120,healthy,400,18,764637
healthy.tar,healthy_20250426_155750_400rpm_20250426_160121,healthy,400,18,766034
healthy.tar,healthy_20250426_155750_400rpm_20250426_160122,healthy,400,18,762863
healthy.tar,healthy_20250426_155750_400rpm_20250426_160123,healthy,400,18,766482
healthy.tar,healthy_20250426_155750_400rpm_20250426_160124,healthy,400,18,769626
healthy.tar,healthy_20250426_155750_400rpm_20250426_160125,healthy,400,18,769535
healthy.tar,healthy_20250426_155750_400rpm_20250426_160126,healthy,400,18,765081
healthy.tar,healthy_20250426_155750_400rpm_20250426_160127,healthy,400,18,768222
healthy.tar,healthy_20250426_155750_400rpm_20250426_160128,healthy,400,18,764532
healthy.tar,healthy_20250426_155750_400rpm_20250426_160129,healthy,400,18,761112
healthy.tar,healthy_20250426_155750_400rpm_20250426_160130,healthy,400,18,760844
healthy.tar,healthy_20250426_155750_400rpm_20250426_160131,healthy,400,18,763710
healthy.tar,healthy_20250426_155750_400rpm_20250426_160132,healthy,400,18,763278
healthy.tar,healthy_20250426_155750_400rpm_20250426_160133,healthy,400,18,767067
healthy.tar,healthy_20250426_155750_400rpm_20250426_160134,healthy,400,18,765585
healthy.tar,healthy_20250426_155750_400rpm_20250426_160135,healthy,400,18,769120
healthy.tar,healthy_20250426_155750_400rpm_20250426_160136,healthy,400,18,769271
healthy.tar,healthy_20250426_155750_400rpm_20250426_160137,healthy,400,18,766484
healthy.tar,healthy_20250426_155750_400rpm_20250426_160138,healthy,400,18,762722
healthy.tar,healthy_20250426_155750_400rpm_20250426_160139,healthy,400,18,768145
healthy.tar,healthy_20250426_155750_400rpm_20250426_160140,healthy,400,18,769524
healthy.tar,healthy_20250426_155750_400rpm_20250426_160141,healthy,400,18,771431
healthy.tar,healthy_20250426_155750_400rpm_20250426_160142,healthy,400,18,768554
healthy.tar,healthy_20250426_155750_400rpm_20250426_160143,healthy,400,18,766539
healthy.tar,healthy_20250426_155750_400rpm_20250426_160144,healthy,400,18,762679
healthy.tar,healthy_20250426_155750_400rpm_20250426_160145,healthy,400,18,767940
healthy.tar,healthy_20250426_155750_400rpm_20250426_160146,healthy,400,18,764624
healthy.tar,healthy_20250426_155750_400rpm_20250426_160147,healthy,400,18,765415
healthy.tar,healthy_20250426_155750_400rpm_20250426_160148,healthy,400,18,771246
healthy.tar,healthy_20250426_155750_400rpm_20250426_160149,healthy,400,18,768768
healthy.tar,healthy_20250426_155750_400rpm_20250426_160150,healthy,400,18,764282
healthy.tar,healthy_20250426_155750_400rpm_20250426_160151,healthy,400,18,767458
healthy.tar,healthy_20250426_155750_400rpm_20250426_160152,healthy,400,18,766402
healthy.tar,healthy_20250426_155750_400rpm_20250426_160153,healthy,400,18,767035
healthy.tar,healthy_20250426_155750_400rpm_20250426_160154,healthy,400,18,762069
healthy.tar,healthy_20250426_155750_400rpm_20250426_160155,healthy,400,18,767600
healthy.tar,healthy_20250426_155750_400rpm_20250426_160156,healthy,400,18,763105
healthy.tar,healthy_20250426_155750_400rpm_20250426_160157,healthy,400,18,766264
healthy.tar,healthy_20250426_155750_400rpm_20250426_160158,healthy,400,18,765226
healthy.tar,healthy_20250426_155750_400rpm_20250426_160159,healthy,400,18,763424
healthy.tar,healthy_20250426_155750_400rpm_20250426_160200,healthy,400,18,759448
healthy.tar,healthy_20250426_155750_400rpm_20250426_160201,healthy,400,18,764328
healthy.tar,healthy_20250426_155750_400rpm_20250426_160202,healthy,400,18,760518
healthy.tar,healthy_20250426_155750_400rpm_20250426_160203,healthy,400,18,763541
healthy.tar,healthy_20250426_155750_400rpm_20250426_160204,healthy,400,18,764094
healthy.tar,healthy_20250426_155750_400rpm_20250426_160205,healthy,400,18,766151
healthy.tar,healthy_20250426_155750_400rpm_20250426_160206,healthy,400,18,763228
healthy.tar,healthy_20250426_155750_400rpm_20250426_160207,healthy,400,18,763913
healthy.tar,healthy_20250426_155750_400rpm_20250426_160208,healthy,400,18,759924
healthy.tar,healthy_20250426_155750_400rpm_20250426_160209,healthy,400,18,760843
minor.tar,minor_20250426_145213_400rpm_20250426_145216,minor,400,18,780187
minor.tar,minor_20250426_145213_400rpm_20250426_145217,minor,400,18,773528
minor.tar,minor_20250426_145213_400rpm_20250426_145218,minor,400,18,773311
minor.tar,minor_20250426_145213_400rpm_20250426_145219,minor,400,18,772874
minor.tar,minor_20250426_145213_400rpm_20250426_145220,minor,400,18,771688
minor.tar,minor_20250426_145213_400rpm_20250426_145221,minor,400,18,764976
minor.tar,minor_20250426_145213_400rpm_20250426_145222,minor,400,18,772802
minor.tar,minor_20250426_145213_400rpm_20250426_145223,minor,400,18,773010
minor.tar,minor_20250426_145213_400rpm_20250426_145224,minor,400,18,775596
minor.tar,minor_20250426_145213_400rpm_20250426_145225,minor,400,18,767495
minor.tar,minor_20250426_145213_400rpm_20250426_145226,minor,400,18,769094
minor.tar,minor_20250426_145213_400rpm_20250426_145227,minor,400,18,769968
minor.tar,minor_20250426_145213_400rpm_20250426_145228,minor,400,18,770925
minor.tar,minor_20250426_145213_400rpm_20250426_145229,minor,400,18,769783
minor.tar,minor_20250426_145213_400rpm_20250426_145230,minor,400,18,773952
minor.tar,minor_20250426_145213_400rpm_20250426_145231,minor,400,18,772276
minor.tar,minor_20250426_145213_400rpm_20250426_145232,minor,400,18,774726
minor.tar,minor_20250426_145213_400rpm_20250426_145233,minor,400,18,776234
minor.tar,minor_20250426_145213_400rpm_20250426_145234,minor,400,18,777139
minor.tar,minor_20250426_145213_400rpm_20250426_145235,minor,400,18,777874
minor.tar,minor_20250426_145213_400rpm_20250426_145236,minor,400,18,775670
minor.tar,minor_20250426_145213_400rpm_20250426_145237,minor,400,18,769981
minor.tar,minor_20250426_145213_400rpm_20250426_145238,minor,400,18,773640
minor.tar,minor_20250426_145213_400rpm_20250426_145239,minor,400,18,778287
minor.tar,minor_20250426_145213_400rpm_20250426_145240,minor,400,18,779370
minor.tar,minor_20250426_145213_400rpm_20250426_145241,minor,400,18,768323
minor.tar,minor_20250426_145213_400rpm_20250426_145242,minor,400,18,769488
minor.tar,minor_20250426_145213_400rpm_20250426_145243,minor,400,18,775204
minor.tar,minor_20250426_145213_400rpm_20250426_145244,minor,400,18,773415
minor.tar,minor_20250426_145213_400rpm_20250426_145245,minor,400,18,770540
minor.tar,minor_20250426_145213_400rpm_20250426_145246,minor,400,18,774837
minor.tar,minor_20250426_145213_400rpm_20250426_145247,minor,400,18,774025
minor.tar,minor_20250426_145213_400rpm_20250426_145248,minor,400,18,774614
minor.tar,minor_20250426_145213_400rpm_20250426_145249,minor,400,18,774328
minor.tar,minor_20250426_145213_400rpm_20250426_145250,minor,400,18,771293
minor.tar,minor_20250426_145213_400rpm_20250426_145251,minor,400,18,769245
minor.tar,minor_20250426_145213_400rpm_20250426_145252,minor,400,18,770824
minor.tar,minor_20250426_145213_400rpm_20250426_145253,minor,400,18,774014
minor.tar,minor_20250426_145213_400rpm_20250426_145254,minor,400,18,774396
minor.tar,minor_20250426_145213_400rpm_20250426_145255,minor,400,18,775184
minor.tar,minor_20250426_145213_400rpm_20250426_145256,minor,400,18,773663
minor.tar,minor_20250426_145213_400rpm_20250426_145257,minor,400,18,773758
minor.tar,minor_20250426_145213_400rpm_20250426_145258,minor,400,18,774103
minor.tar,minor_20250426_145213_400rpm_20250426_145259,minor,400,18,774033
minor.tar,minor_20250426_145213_400rpm_20250426_145300,minor,400,18,771349
minor.tar,minor_20250426_145213_400rpm_20250426_145302,minor,400,18,772923
minor.tar,minor_20250426_145213_400rpm_20250426_145303,minor,400,18,772666
minor.tar,minor_20250426_145213_400rpm_20250426_145304,minor,400,18,770639
minor.tar,minor_20250426_145213_400rpm_20250426_145305,minor,400,18,775562
minor.tar,minor_20250426_145213_400rpm_20250426_145306,minor,400,18,774038
minor.tar,minor_20250426_145213_400rpm_20250426_145307,minor,400,18,778828
minor.tar,minor_20250426_145213_400rpm_20250426_145308,minor,400,18,776892
minor.tar,minor_20250426_145213_400rpm_20250426_145309,minor,400,18,774504
minor.tar,minor_20250426_145213_400rpm_20250426_145310,minor,400,18,774401
minor.tar,minor_20250426_145213_400rpm_20250426_145311,minor,400,18,771636
minor.tar,minor_20250426_145213_400rpm_20250426_145312,minor,400,18,772499
minor.tar,minor_20250426_145213_400rpm_20250426_145313,minor,400,18,776140
minor.tar,minor_20250426_145213_400rpm_20250426_145314,minor,400,18,771947
minor.tar,minor_20250426_145213_400rpm_20250426_145315,minor,400,18,770523
minor.tar,minor_20250426_145213_400rpm_20250426_145316,minor,400,18,772099
minor.tar,minor_20250426_145213_400rpm_20250426_145317,minor,400,18,770939
minor.tar,minor_20250426_145213_400rpm_20250426_145318,minor,400,18,773168
minor.tar,minor_20250426_145213_400rpm_20250426_145319,minor,400,18,776432
minor.tar,minor_20250426_145213_400rpm_20250426_145320,minor,400,18,774173
minor.tar,minor_20250426_145213_400rpm_20250426_145321,minor,400,18,773451
minor.tar,minor_20250426_145213_400rpm_20250426_145322,minor,400,18,781349
minor.tar,minor_20250426_145213_400rpm_20250426_145323,minor,400,18,776806
minor.tar,minor_20250426_145213_400rpm_20250426_145324,minor,400,18,774770
minor.tar,minor_20250426_145213_400rpm_20250426_145325,minor,400,18,772955
minor.tar,minor_20250426_145213_400rpm_20250426_145326,minor,400,18,773271
minor.tar,minor_20250426_145213_400rpm_20250426_145327,minor,400,18,776133
minor.tar,minor_20250426_145213_400rpm_20250426_145328,minor,400,18,775257
minor.tar,minor_20250426_145213_400rpm_20250426_145329,minor,400,18,774947
minor.tar,minor_20250426_145213_400rpm_20250426_145330,minor,400,18,768825
minor.tar,minor_20250426_145213_400rpm_20250426_145331,minor,400,18,765754
minor.tar,minor_20250426_145213_400rpm_20250426_145332,minor,400,18,768783
minor.tar,minor_20250426_145213_400rpm_20250426_145333,minor,400,18,769461
minor.tar,minor_20250426_145213_400rpm_20250426_145334,minor,400,18,768975
minor.tar,minor_20250426_145213_400rpm_20250426_145335,minor,400,18,767120
minor.tar,minor_20250426_145213_400rpm_20250426_145336,minor,400,18,767780
minor.tar,minor_20250426_145213_400rpm_20250426_145337,minor,400,18,768840
minor.tar,minor_20250426_145213_400rpm_20250426_145338,minor,400,18,767566
minor.tar,minor_20250426_145213_400rpm_20250426_145339,minor,400,18,769147
minor.tar,minor_20250426_145213_400rpm_20250426_145340,minor,400,18,771497
minor.tar,minor_20250426_145213_400rpm_20250426_145341,minor,400,18,776570
minor.tar,minor_20250426_145213_400rpm_20250426_145342,minor,400,18,776351
minor.tar,minor_20250426_145213_400rpm_20250426_145343,minor,400,18,773511
minor.tar,minor_20250426_145213_400rpm_20250426_145344,minor,400,18,776316
minor.tar,minor_20250426_145213_400rpm_20250426_145345,minor,400,18,772226
minor.tar,minor_20250426_145213_400rpm_20250426_145346,minor,400,18,773742
minor.tar,minor_20250426_145213_400rpm_20250426_145347,minor,400,18,770658
minor.tar,minor_20250426_145213_400rpm_20250426_145348,minor,400,18,769533
minor.tar,minor_20250426_145213_400rpm_20250426_145349,minor,400,18,769494
minor.tar,minor_20250426_145213_400rpm_20250426_145350,minor,400,18,773344
minor.tar,minor_20250426_145213_400rpm_20250426_145351,minor,400,18,775593
minor.tar,minor_20250426_145213_400rpm_20250426_145352,minor,400,18,774635
minor.tar,minor_20250426_145213_400rpm_20250426_145353,minor,400,18,775121
minor.tar,minor_20250426_145213_400rpm_20250426_145354,minor,400,18,775894
minor.tar,minor_20250426_145213_400rpm_20250426_145355,minor,400,18,774254
minor.tar,minor_20250426_145213_400rpm_20250426_145356,minor,400,18,767974
minor.tar,minor_20250426_145213_400rpm_20250426_145357,minor,400,18,764139
minor.tar,minor_20250426_145213_400rpm_20250426_145358,minor,400,18,767663
minor.tar,minor_20250426_145213_400rpm_20250426_145359,minor,400,18,769723
minor.tar,minor_20250426_145213_400rpm_20250426_145400,minor,400,18,772245
minor.tar,minor_20250426_145213_400rpm_20250426_145401,minor,400,18,776574
minor.tar,minor_20250426_145213_400rpm_20250426_145402,minor,400,18,779770
minor.tar,minor_20250426_145213_400rpm_20250426_145403,minor,400,18,772948
minor.tar,minor_20250426_145213_400rpm_20250426_145404,minor,400,18,777320
minor.tar,minor_20250426_145213_400rpm_20250426_145405,minor,400,18,772040
minor.tar,minor_20250426_145213_400rpm_20250426_145406,minor,400,18,771756
minor.tar,minor_20250426_145213_400rpm_20250426_145407,minor,400,18,768773
minor.tar,minor_20250426_145213_400rpm_20250426_145408,minor,400,18,769419
minor.tar,minor_20250426_145213_400rpm_20250426_145409,minor,400,18,769570
minor.tar,minor_20250426_145213_400rpm_20250426_145410,minor,400,18,771360
minor.tar,minor_20250426_145213_400rpm_20250426_145411,minor,400,18,769051
minor.tar,minor_20250426_145213_400rpm_20250426_145412,minor,400,18,768166
minor.tar,minor_20250426_145213_400rpm_20250426_145413,minor,400,18,767703
minor.tar,minor_20250426_145213_400rpm_20250426_145414,minor,400,18,767391
minor.tar,minor_20250426_145213_400rpm_20250426_145415,minor,400,18,769520
minor.tar,minor_20250426_145213_400rpm_20250426_145416,minor,400,18,772049
minor.tar,minor_20250426_145213_400rpm_20250426_145417,minor,400,18,772433
minor.tar,minor_20250426_145213_400rpm_20250426_145418,minor,400,18,773586
minor.tar,minor_20250426_145213_400rpm_20250426_145419,minor,400,18,772643
minor.tar,minor_20250426_145213_400rpm_20250426_145420,minor,400,18,773869
minor.tar,minor_20250426_145213_400rpm_20250426_145421,minor,400,18,768988
minor.tar,minor_20250426_145213_400rpm_20250426_145422,minor,400,18,769527
minor.tar,minor_20250426_145213_400rpm_20250426_145423,minor,400,18,771575
minor.tar,minor_20250426_145213_400rpm_20250426_145424,minor,400,18,772045
minor.tar,minor_20250426_145213_400rpm_20250426_145425,minor,400,18,773826
minor.tar,minor_20250426_145213_400rpm_20250426_145426,minor,400,18,773815
minor.tar,minor_20250426_145213_400rpm_20250426_145427,minor,400,18,770372
minor.tar,minor_20250426_145213_400rpm_20250426_145428,minor,400,18,770478
minor.tar,minor_20250426_145213_400rpm_20250426_145429,minor,400,18,772150
minor.tar,minor_20250426_145213_400rpm_20250426_145430,minor,400,18,775019
minor.tar,minor_20250426_145213_400rpm_20250426_145431,minor,400,18,772925
minor.tar,minor_20250426_145213_400rpm_20250426_145432,minor,400,18,771328
minor.tar,minor_20250426_145213_400rpm_20250426_145433,minor,400,18,773272
minor.tar,minor_20250426_145213_400rpm_20250426_145434,minor,400,18,776144
minor.tar,minor_20250426_145213_400rpm_20250426_145435,minor,400,18,778793
minor.tar,minor_20250426_145213_400rpm_20250426_145436,minor,400,18,773528
minor.tar,minor_20250426_145213_400rpm_20250426_145437,minor,400,18,773469
minor.tar,minor_20250426_145213_400rpm_20250426_145438,minor,400,18,773145
minor.tar,minor_20250426_145213_400rpm_20250426_145439,minor,400,18,768206
minor.tar,minor_20250426_145213_400rpm_20250426_145440,minor,400,18,771722
minor.tar,minor_20250426_145213_400rpm_20250426_145441,minor,400,18,772791
minor.tar,minor_20250426_145213_400rpm_20250426_145442,minor,400,18,773546
minor.tar,minor_20250426_145213_400rpm_20250426_145443,minor,400,18,770355
minor.tar,minor_20250426_145213_400rpm_20250426_145444,minor,400,18,770404
minor.tar,minor_20250426_145213_400rpm_20250426_145445,minor,400,18,771215
minor.tar,minor_20250426_145213_400rpm_20250426_145446,minor,400,18,772986
minor.tar,minor_20250426_145213_400rpm_20250426_145447,minor,400,18,767330
minor.tar,minor_20250426_145213_400rpm_20250426_145448,minor,400,18,768263
minor.tar,minor_20250426_145213_400rpm_20250426_145449,minor,400,18,773234
minor.tar,minor_20250426_145213_400rpm_20250426_145450,minor,400,18,772783
minor.tar,minor_20250426_145213_400rpm_20250426_145451,minor,400,18,772964
minor.tar,minor_20250426_145213_400rpm_20250426_145452,minor,400,18,770121
minor.tar,minor_20250426_145213_400rpm_20250426_145453,minor,400,18,771855
minor.tar,minor_20250426_145213_400rpm_20250426_145454,minor,400,18,772112
minor.tar,minor_20250426_145213_400rpm_20250426_145455,minor,400,18,774508
minor.tar,minor_20250426_145213_400rpm_20250426_145456,minor,400,18,770722
minor.tar,minor_20250426_145213_400rpm_20250426_145457,minor,400,18,768441
minor.tar,minor_20250426_145213_400rpm_20250426_145458,minor,400,18,771391
minor.tar,minor_20250426_145213_400rpm_20250426_145459,minor,400,18,774614
minor.tar,minor_20250426_145213_400rpm_20250426_145500,minor,400,18,788613
minor.tar,minor_20250426_145213_400rpm_20250426_145501,minor,400,18,777647
minor.tar,minor_20250426_145213_400rpm_20250426_145502,minor,400,18,775215
minor.tar,minor_20250426_145213_400rpm_20250426_145503,minor,400,18,776486
minor.tar,minor_20250426_145213_400rpm_20250426_145504,minor,400,18,774741
minor.tar,minor_20250426_145213_400rpm_20250426_145505,minor,400,18,767343
minor.tar,minor_20250426_145213_400rpm_20250426_145506,minor,400,18,771076
minor.tar,minor_20250426_145213_400rpm_20250426_145507,minor,400,18,771592
minor.tar,minor_20250426_145213_400rpm_20250426_145508,minor,400,18,774617
minor.tar,minor_20250426_145213_400rpm_20250426_145509,minor,400,18,772366
minor.tar,minor_20250426_145213_400rpm_20250426_145510,minor,400,18,772910
minor.tar,minor_20250426_145213_400rpm_20250426_145511,minor,400,18,772409
minor.tar,minor_20250426_145213_400rpm_20250426_145512,minor,400,18,773088
minor.tar,minor_20250426_145213_400rpm_20250426_145513,minor,400,18,772189
minor.tar,minor_20250426_145213_400rpm_20250426_145514,minor,400,18,774590
minor.tar,minor_20250426_145213_400rpm_20250426_145515,minor,400,18,772798
minor.tar,minor_20250426_145213_400rpm_20250426_145516,minor,400,18,772135
minor.tar,minor_20250426_145213_400rpm_20250426_145517,minor,400,18,771929
minor.tar,minor_20250426_145213_400rpm_20250426_145518,minor,400,18,772194
minor.tar,minor_20250426_145213_400rpm_20250426_145519,minor,400,18,772812
minor.tar,minor_20250426_145213_400rpm_20250426_145520,minor,400,18,774074
minor.tar,minor_20250426_145213_400rpm_20250426_145521,minor,400,18,773487
minor.tar,minor_20250426_145213_400rpm_20250426_145522,minor,400,18,772111
minor.tar,minor_20250426_145213_400rpm_20250426_145523,minor,400,18,773617
minor.tar,minor_20250426_145213_400rpm_20250426_145524,minor,400,18,773952
minor.tar,minor_20250426_145213_400rpm_20250426_145525,minor,400,18,774310
minor.tar,minor_20250426_145213_400rpm_20250426_145526,minor,400,18,774640
minor.tar,minor_20250426_145213_400rpm_20250426_145527,minor,400,18,775958
minor.tar,minor_20250426_145213_400rpm_20250426_145528,minor,400,18,773713
minor.tar,minor_20250426_145213_400rpm_20250426_145529,minor,400,18,771329
minor.tar,minor_20250426_145213_400rpm_20250426_145530,minor,400,18,770290
minor.tar,minor_20250426_145213_400rpm_20250426_145531,minor,400,18,769237
minor.tar,minor_20250426_145213_400rpm_20250426_145532,minor,400,18,770763
minor.tar,minor_20250426_145213_400rpm_20250426_145533,minor,400,18,770513
minor.tar,minor_20250426_145213_400rpm_20250426_145534,minor,400,18,772336
minor.tar,minor_20250426_145213_400rpm_20250426_145535,minor,400,18,772778
minor.tar,minor_20250426_145213_400rpm_20250426_145536,minor,400,18,769664
minor.tar,minor_20250426_145213_400rpm_20250426_145537,minor,400,18,772682
minor.tar,minor_20250426_145213_400rpm_20250426_145538,minor,400,18,770887
minor.tar,minor_20250426_145213_400rpm_20250426_145539,minor,400,18,768785
minor.tar,minor_20250426_145213_400rpm_20250426_145540,minor,400,18,768462
minor.tar,minor_20250426_145213_400rpm_20250426_145541,minor,400,18,771379
minor.tar,minor_20250426_145213_400rpm_20250426_145542,minor,400,18,773784
minor.tar,minor_20250426_145213_400rpm_20250426_145543,minor,400,18,771056
minor.tar,minor_20250426_145213_400rpm_20250426_145544,minor,400,18,768322
minor.tar,minor_20250426_145213_400rpm_20250426_145545,minor,400,18,773295
minor.tar,minor_20250426_145213_400rpm_20250426_145546,minor,400,18,771417
minor.tar,minor_20250426_145213_400rpm_20250426_145547,minor,400,18,770021
minor.tar,minor_20250426_145213_400rpm_20250426_145548,minor,400,18,773248
minor.tar,minor_20250426_145213_400rpm_20250426_145549,minor,400,18,768878
minor.tar,minor_20250426_145213_400rpm_20250426_145550,minor,400,18,772300
minor.tar,minor_20250426_145213_400rpm_20250426_145551,minor,400,18,772059
minor.tar,minor_20250426_145213_400rpm_20250426_145552,minor,400,18,773320
minor.tar,minor_20250426_145213_400rpm_20250426_145553,minor,400,18,776504
minor.tar,minor_20250426_145213_400rpm_20250426_145554,minor,400,18,772248
minor.tar,minor_20250426_145213_400rpm_20250426_145555,minor,400,18,766011
minor.tar,minor_20250426_145213_400rpm_20250426_145556,minor,400,18,770445
minor.tar,minor_20250426_145213_400rpm_20250426_145557,minor,400,18,770915
minor.tar,minor_20250426_145213_400rpm_20250426_145558,minor,400,18,771786
minor.tar,minor_20250426_145213_400rpm_20250426_145559,minor,400,18,772649
minor.tar,minor_20250426_145213_400rpm_20250426_145600,minor,400,18,773388
minor.tar,minor_20250426_145213_400rpm_20250426_145601,minor,400,18,773952
minor.tar,minor_20250426_145213_400rpm_20250426_145602,minor,400,18,770819
minor.tar,minor_20250426_145213_400rpm_20250426_145603,minor,400,18,765037
minor.tar,minor_20250426_145213_400rpm_20250426_145604,minor,400,18,768310
minor.tar,minor_20250426_145213_400rpm_20250426_145605,minor,400,18,770275
minor.tar,minor_20250426_145213_400rpm_20250426_145606,minor,400,18,768647
minor.tar,minor_20250426_145213_400rpm_20250426_145607,minor,400,18,771574
minor.tar,minor_20250426_145639_600rpm_20250426_145641,minor,600,18,799160
minor.tar,minor_20250426_145639_600rpm_20250426_145642,minor,600,18,787517
minor.tar,minor_20250426_145639_600rpm_20250426_145643,minor,600,18,784011
minor.tar,minor_20250426_145639_600rpm_20250426_145644,minor,600,18,776726
minor.tar,minor_20250426_145639_600rpm_20250426_145645,minor,600,18,773194
minor.tar,minor_20250426_145639_600rpm_20250426_145646,minor,600,18,772096
minor.tar,minor_20250426_145639_600rpm_20250426_145647,minor,600,18,769823
minor.tar,minor_20250426_145639_600rpm_20250426_145648,minor,600,18,774057
minor.tar,minor_20250426_145639_600rpm_20250426_145649,minor,600,18,775323
minor.tar,minor_20250426_145639_600rpm_20250426_145650,minor,600,18,774550
minor.tar,minor_20250426_145639_600rpm_20250426_145651,minor,600,18,774711
minor.tar,minor_20250426_145639_600rpm_20250426_145652,minor,600,18,777884
minor.tar,minor_20250426_145639_600rpm_20250426_145653,minor,600,18,778226
minor.tar,minor_20250426_145639_600rpm_20250426_145654,minor,600,18,774225
minor.tar,minor_20250426_145639_600rpm_20250426_145655,minor,600,18,770988
minor.tar,minor_20250426_145639_600rpm_20250426_145656,minor,600,18,772881
minor.tar,minor_20250426_145639_600rpm_20250426_145657,minor,600,18,771672
minor.tar,minor_20250426_145639_600rpm_20250426_145658,minor,600,18,771527
minor.tar,minor_20250426_145639_600rpm_20250426_145659,minor,600,18,770309
minor.tar,minor_20250426_145639_600rpm_20250426_145700,minor,600,18,773105
minor.tar,minor_20250426_145639_600rpm_20250426_145701,minor,600,18,771635
minor.tar,minor_20250426_145639_600rpm_20250426_145702,minor,600,18,772312
minor.tar,minor_20250426_145639_600rpm_20250426_145703,minor,600,18,772843
minor.tar,minor_20250426_145639_600rpm_20250426_145704,minor,600,18,774907
minor.tar,minor_20250426_145639_600rpm_20250426_145705,minor,600,18,772226
minor.tar,minor_20250426_145639_600rpm_20250426_145706,minor,600,18,770413
minor.tar,minor_20250426_145639_600rpm_20250426_145707,minor,600,18,768432
minor.tar,minor_20250426_145639_600rpm_20250426_145708,minor,600,18,770410
minor.tar,minor_20250426_145639_600rpm_20250426_145709,minor,600,18,768742
minor.tar,minor_20250426_145639_600rpm_20250426_145710,minor,600,18,767372
minor.tar,minor_20250426_145639_600rpm_20250426_145711,minor,600,18,766671
minor.tar,minor_20250426_145639_600rpm_20250426_145712,minor,600,18,771469
minor.tar,minor_20250426_145639_600rpm_20250426_145713,minor,600,18,773877
minor.tar,minor_20250426_145639_600rpm_20250426_145714,minor,600,18,771891
minor.tar,minor_20250426_145639_600rpm_20250426_145715,minor,600,18,769397
minor.tar,minor_20250426_145639_600rpm_20250426_145716,minor,600,18,769809
minor.tar,minor_20250426_145639_600rpm_20250426_145717,minor,600,18,768513
minor.tar,minor_20250426_145639_600rpm_20250426_145718,minor,600,18,769870
minor.tar,minor_20250426_145639_600rpm_20250426_145719,minor,600,18,774948
minor.tar,minor_20250426_145639_600rpm_20250426_145720,minor,600,18,767654
minor.tar,minor_20250426_145639_600rpm_20250426_145721,minor,600,18,766080
minor.tar,minor_20250426_145639_600rpm_20250426_145722,minor,600,18,773466
minor.tar,minor_20250426_145639_600rpm_20250426_145723,minor,600,18,775006
minor.tar,minor_20250426_145639_600rpm_20250426_145724,minor,600,18,773037
minor.tar,minor_20250426_145639_600rpm_20250426_145725,minor,600,18,771833
minor.tar,minor_20250426_145639_600rpm_20250426_145726,minor,600,18,770103
minor.tar,minor_20250426_145639_600rpm_20250426_145727,minor,600,18,770648
minor.tar,minor_20250426_145639_600rpm_20250426_145728,minor,600,18,773459
minor.tar,minor_20250426_145639_600rpm_20250426_145729,minor,600,18,769604
minor.tar,minor_20250426_145639_600rpm_20250426_145730,minor,600,18,773391
minor.tar,minor_20250426_145639_600rpm_20250426_145731,minor,600,18,772201
minor.tar,minor_20250426_145639_600rpm_20250426_145732,minor,600,18,773372
minor.tar,minor_20250426_145639_600rpm_20250426_145733,minor,600,18,775312
minor.tar,minor_20250426_145639_600rpm_20250426_145734,minor,600,18,769100
minor.tar,minor_20250426_145639_600rpm_20250426_145735,minor,600,18,763840
minor.tar,minor_20250426_145639_600rpm_20250426_145736,minor,600,18,767713
minor.tar,minor_20250426_145639_600rpm_20250426_145737,minor,600,18,768549
minor.tar,minor_20250426_145639_600rpm_20250426_145738,minor,600,18,769994
minor.tar,minor_20250426_145639_600rpm_20250426_145739,minor,600,18,772023
minor.tar,minor_20250426_145639_600rpm_20250426_145740,minor,600,18,771274
minor.tar,minor_20250426_145639_600rpm_20250426_145741,minor,600,18,769195
minor.tar,minor_20250426_145639_600rpm_20250426_145742,minor,600,18,771749
minor.tar,minor_20250426_145639_600rpm_20250426_145743,minor,600,18,773290
minor.tar,minor_20250426_145639_600rpm_20250426_145744,minor,600,18,770385
minor.tar,minor_20250426_145639_600rpm_20250426_145745,minor,600,18,772682
minor.tar,minor_20250426_145639_600rpm_20250426_145746,minor,600,18,769396
minor.tar,minor_20250426_145639_600rpm_20250426_145747,minor,600,18,765693
minor.tar,minor_20250426_145639_600rpm_20250426_145748,minor,600,18,767915
minor.tar,minor_20250426_145639_600rpm_20250426_145749,minor,600,18,765770
minor.tar,minor_20250426_145639_600rpm_20250426_145750,minor,600,18,769751
minor.tar,minor_20250426_145639_600rpm_20250426_145751,minor,600,18,764056
minor.tar,minor_20250426_145639_600rpm_20250426_145752,minor,600,18,769098
minor.tar,minor_20250426_145639_600rpm_20250426_145753,minor,600,18,769928
minor.tar,minor_20250426_145639_600rpm_20250426_145754,minor,600,18,769968
minor.tar,minor_20250426_145639_600rpm_20250426_145755,minor,600,18,769429
minor.tar,minor_20250426_145639_600rpm_20250426_145756,minor,600,18,769682
minor.tar,minor_20250426_145639_600rpm_20250426_145757,minor,600,18,768548
minor.tar,minor_20250426_145639_600rpm_20250426_145758,minor,600,18,770925
minor.tar,minor_20250426_145639_600rpm_20250426_145759,minor,600,18,768173
minor.tar,minor_20250426_145639_600rpm_20250426_145800,minor,600,18,770848
minor.tar,minor_20250426_145639_600rpm_20250426_145801,minor,600,18,768901
minor.tar,minor_20250426_145639_600rpm_20250426_145802,minor,600,18,770413
minor.tar,minor_20250426_145639_600rpm_20250426_145803,minor,600,18,772045
minor.tar,minor_20250426_145639_600rpm_20250426_145804,minor,600,18,770650
minor.tar,minor_20250426_145639_600rpm_20250426_145805,minor,600,18,767372
minor.tar,minor_20250426_145639_600rpm_20250426_145807,minor,600,18,766496
minor.tar,minor_20250426_145639_600rpm_20250426_145808,minor,600,18,767344
minor.tar,minor_20250426_145639_600rpm_20250426_145809,minor,600,18,763467
minor.tar,minor_20250426_145639_600rpm_20250426_145810,minor,600,18,766741
minor.tar,minor_20250426_145639_600rpm_20250426_145812,minor,600,18,769364
minor.tar,minor_20250426_145639_600rpm_20250426_145813,minor,600,18,768829
minor.tar,minor_20250426_145639_600rpm_20250426_145814,minor,600,18,768429
minor.tar,minor_20250426_145639_600rpm_20250426_145815,minor,600,18,768050
minor.tar,minor_20250426_145639_600rpm_20250426_145818,minor,600,18,766131
minor.tar,minor_20250426_145639_600rpm_20250426_145819,minor,600,18,763073
minor.tar,minor_20250426_145639_600rpm_20250426_145820,minor,600,18,768258
minor.tar,minor_20250426_145639_600rpm_20250426_145821,minor,600,18,771035
minor.tar,minor_20250426_145639_600rpm_20250426_145822,minor,600,18,771057
minor.tar,minor_20250426_145639_600rpm_20250426_145823,minor,600,18,771058
minor.tar,minor_20250426_145639_600rpm_20250426_145824,minor,600,18,768822
minor.tar,minor_20250426_145639_600rpm_20250426_145825,minor,600,18,765218
minor.tar,minor_20250426_145639_600rpm_20250426_145826,minor,600,18,768260
minor.tar,minor_20250426_145639_600rpm_20250426_145827,minor,600,18,765982
minor.tar,minor_20250426_145639_600rpm_20250426_145828,minor,600,18,770989
minor.tar,minor_20250426_145639_600rpm_20250426_145829,minor,600,18,768504
minor.tar,minor_20250426_145639_600rpm_20250426_145830,minor,600,18,772413
minor.tar,minor_20250426_145639_600rpm_20250426_145831,minor,600,18,772351
minor.tar,minor_20250426_145639_600rpm_20250426_145832,minor,600,18,772002
minor.tar,minor_20250426_145639_600rpm_20250426_145833,minor,600,18,773238
minor.tar,minor_20250426_145639_600rpm_20250426_145834,minor,600,18,772590
minor.tar,minor_20250426_145639_600rpm_20250426_145835,minor,600,18,767869
minor.tar,minor_20250426_145639_600rpm_20250426_145836,minor,600,18,775514
minor.tar,minor_20250426_145639_600rpm_20250426_145837,minor,600,18,776502
minor.tar,minor_20250426_145639_600rpm_20250426_145838,minor,600,18,778246
minor.tar,minor_20250426_145639_600rpm_20250426_145839,minor,600,18,774002
minor.tar,minor_20250426_145639_600rpm_20250426_145840,minor,600,18,770804
minor.tar,minor_20250426_145639_600rpm_20250426_145841,minor,600,18,765670
minor.tar,minor_20250426_145639_600rpm_20250426_145842,minor,600,18,771152
minor.tar,minor_20250426_145639_600rpm_20250426_145843,minor,600,18,773083
minor.tar,minor_20250426_145639_600rpm_20250426_145844,minor,600,18,772189
minor.tar,minor_20250426_145639_600rpm_20250426_145845,minor,600,18,768553
minor.tar,minor_20250426_145639_600rpm_20250426_145846,minor,600,18,769769
minor.tar,minor_20250426_145639_600rpm_20250426_145847,minor,600,18,769289
minor.tar,minor_20250426_145639_600rpm_20250426_145848,minor,600,18,772991
minor.tar,minor_20250426_145639_600rpm_20250426_145849,minor,600,18,767948
minor.tar,minor_20250426_145639_600rpm_20250426_145850,minor,600,18,770700
minor.tar,minor_20250426_145639_600rpm_20250426_145851,minor,600,18,770924
minor.tar,minor_20250426_145639_600rpm_20250426_145852,minor,600,18,771872
minor.tar,minor_20250426_145639_600rpm_20250426_145853,minor,600,18,768888
minor.tar,minor_20250426_145639_600rpm_20250426_145854,minor,600,18,772032
minor.tar,minor_20250426_145639_600rpm_20250426_145855,minor,600,18,773616
minor.tar,minor_20250426_145639_600rpm_20250426_145856,minor,600,18,775396
minor.tar,minor_20250426_145639_600rpm_20250426_145857,minor,600,18,778587
minor.tar,minor_20250426_145639_600rpm_20250426_145858,minor,600,18,774926
minor.tar,minor_20250426_145639_600rpm_20250426_145859,minor,600,18,772080
minor.tar,minor_20250426_145639_600rpm_20250426_145900,minor,600,18,768726
minor.tar,minor_20250426_145639_600rpm_20250426_145901,minor,600,18,766184
minor.tar,minor_20250426_145639_600rpm_20250426_145902,minor,600,18,769763
minor.tar,minor_20250426_145639_600rpm_20250426_145903,minor,600,18,770510
minor.tar,minor_20250426_145639_600rpm_20250426_145904,minor,600,18,772595
minor.tar,minor_20250426_145639_600rpm_20250426_145905,minor,600,18,770823
minor.tar,minor_20250426_145639_600rpm_20250426_145906,minor,600,18,771041
minor.tar,minor_20250426_145639_600rpm_20250426_145907,minor,600,18,771997
minor.tar,minor_20250426_145639_600rpm_20250426_145908,minor,600,18,772681
minor.tar,minor_20250426_145639_600rpm_20250426_145909,minor,600,18,772255
minor.tar,minor_20250426_145639_600rpm_20250426_145910,minor,600,18,768392
minor.tar,minor_20250426_145639_600rpm_20250426_145911,minor,600,18,766250
minor.tar,minor_20250426_145639_600rpm_20250426_145912,minor,600,18,771060
minor.tar,minor_20250426_145639_600rpm_20250426_145913,minor,600,18,774698
minor.tar,minor_20250426_145639_600rpm_20250426_145914,minor,600,18,774258
minor.tar,minor_20250426_145639_600rpm_20250426_145915,minor,600,18,775674
minor.tar,minor_20250426_145639_600rpm_20250426_145916,minor,600,18,773660
minor.tar,minor_20250426_145639_600rpm_20250426_145917,minor,600,18,767209
minor.tar,minor_20250426_145639_600rpm_20250426_145918,minor,600,18,769553
minor.tar,minor_20250426_145639_600rpm_20250426_145919,minor,600,18,767785
minor.tar,minor_20250426_145639_600rpm_20250426_145920,minor,600,18,771844
minor.tar,minor_20250426_145639_600rpm_20250426_145921,minor,600,18,766990
minor.tar,minor_20250426_145639_600rpm_20250426_145922,minor,600,18,770399
minor.tar,minor_20250426_145639_600rpm_20250426_145923,minor,600,18,774524
minor.tar,minor_20250426_145639_600rpm_20250426_145924,minor,600,18,774382
minor.tar,minor_20250426_145639_600rpm_20250426_145925,minor,600,18,776535
minor.tar,minor_20250426_145639_600rpm_20250426_145926,minor,600,18,770669
minor.tar,minor_20250426_145639_600rpm_20250426_145927,minor,600,18,768511
minor.tar,minor_20250426_145639_600rpm_20250426_145928,minor,600,18,770776
minor.tar,minor_20250426_145639_600rpm_20250426_145929,minor,600,18,773814
minor.tar,minor_20250426_145639_600rpm_20250426_145930,minor,600,18,770858
minor.tar,minor_20250426_145639_600rpm_20250426_145931,minor,600,18,768462
minor.tar,minor_20250426_145639_600rpm_20250426_145932,minor,600,18,769277
minor.tar,minor_20250426_145639_600rpm_20250426_145933,minor,600,18,769150
minor.tar,minor_20250426_145639_600rpm_20250426_145934,minor,600,18,770432
minor.tar,minor_20250426_145639_600rpm_20250426_145935,minor,600,18,768096
minor.tar,minor_20250426_145639_600rpm_20250426_145936,minor,600,18,769475
minor.tar,minor_20250426_145639_600rpm_20250426_145937,minor,600,18,767537
minor.tar,minor_20250426_145639_600rpm_20250426_145938,minor,600,18,771255
minor.tar,minor_20250426_145639_600rpm_20250426_145939,minor,600,18,770127
minor.tar,minor_20250426_145639_600rpm_20250426_145940,minor,600,18,773165
minor.tar,minor_20250426_145639_600rpm_20250426_145941,minor,600,18,771427
minor.tar,minor_20250426_145639_600rpm_20250426_145942,minor,600,18,770366
minor.tar,minor_20250426_145639_600rpm_20250426_145943,minor,600,18,771068
minor.tar,minor_20250426_145639_600rpm_20250426_145944,minor,600,18,771023
minor.tar,minor_20250426_145639_600rpm_20250426_145945,minor,600,18,771009
minor.tar,minor_20250426_145639_600rpm_20250426_145946,minor,600,18,774076
minor.tar,minor_20250426_145639_600rpm_20250426_145947,minor,600,18,772457
minor.tar,minor_20250426_145639_600rpm_20250426_145948,minor,600,18,773876
minor.tar,minor_20250426_145639_600rpm_20250426_145949,minor,600,18,773750
minor.tar,minor_20250426_145639_600rpm_20250426_145950,minor,600,18,774477
minor.tar,minor_20250426_145639_600rpm_20250426_145951,minor,600,18,770601
minor.tar,minor_20250426_145639_600rpm_20250426_145952,minor,600,18,772444
minor.tar,minor_20250426_145639_600rpm_20250426_145953,minor,600,18,771798
minor.tar,minor_20250426_145639_600rpm_20250426_145954,minor,600,18,775475
minor.tar,minor_20250426_145639_600rpm_20250426_145955,minor,600,18,776197
minor.tar,minor_20250426_145639_600rpm_20250426_145956,minor,600,18,772444
minor.tar,minor_20250426_145639_600rpm_20250426_145957,minor,600,18,771368
minor.tar,minor_20250426_145639_600rpm_20250426_145958,minor,600,18,774837
minor.tar,minor_20250426_145639_600rpm_20250426_145959,minor,600,18,773502
minor.tar,minor_20250426_145639_600rpm_20250426_150000,minor,600,18,772883
minor.tar,minor_20250426_145639_600rpm_20250426_150001,minor,600,18,769364
minor.tar,minor_20250426_145639_600rpm_20250426_150002,minor,600,18,771103
minor.tar,minor_20250426_145639_600rpm_20250426_150003,minor,600,18,772710
minor.tar,minor_20250426_145639_600rpm_20250426_150004,minor,600,18,770492
minor.tar,minor_20250426_145639_600rpm_20250426_150005,minor,600,18,768211
minor.tar,minor_20250426_145639_600rpm_20250426_150006,minor,600,18,770400
minor.tar,minor_20250426_145639_600rpm_20250426_150007,minor,600,18,766903
minor.tar,minor_20250426_145639_600rpm_20250426_150008,minor,600,18,769641
minor.tar,minor_20250426_145639_600rpm_20250426_150009,minor,600,18,769315
minor.tar,minor_20250426_145639_600rpm_20250426_150010,minor,600,18,772510
minor.tar,minor_20250426_145639_600rpm_20250426_150011,minor,600,18,772778
minor.tar,minor_20250426_145639_600rpm_20250426_150012,minor,600,18,774599
minor.tar,minor_20250426_145639_600rpm_20250426_150013,minor,600,18,765684
minor.tar,minor_20250426_145639_600rpm_20250426_150014,minor,600,18,771893
minor.tar,minor_20250426_145639_600rpm_20250426_150015,minor,600,18,772114
minor.tar,minor_20250426_145639_600rpm_20250426_150016,minor,600,18,771588
minor.tar,minor_20250426_145639_600rpm_20250426_150017,minor,600,18,769884
minor.tar,minor_20250426_145639_600rpm_20250426_150018,minor,600,18,772299
minor.tar,minor_20250426_145639_600rpm_20250426_150019,minor,600,18,771667
minor.tar,minor_20250426_145639_600rpm_20250426_150020,minor,600,18,773664
minor.tar,minor_20250426_145639_600rpm_20250426_150021,minor,600,18,774680
minor.tar,minor_20250426_145639_600rpm_20250426_150022,minor,600,18,772548
minor.tar,minor_20250426_145639_600rpm_20250426_150023,minor,600,18,768693
minor.tar,minor_20250426_145639_600rpm_20250426_150024,minor,600,18,774038
minor.tar,minor_20250426_145639_600rpm_20250426_150025,minor,600,18,772837
minor.tar,minor_20250426_145639_600rpm_20250426_150026,minor,600,18,772953
minor.tar,minor_20250426_145639_600rpm_20250426_150027,minor,600,18,768501
minor.tar,minor_20250426_145639_600rpm_20250426_150028,minor,600,18,768341
minor.tar,minor_20250426_145639_600rpm_20250426_150029,minor,600,18,765769
minor.tar,minor_20250426_145639_600rpm_20250426_150030,minor,600,18,768220
minor.tar,minor_20250426_145639_600rpm_20250426_150031,minor,600,18,765499
minor.tar,minor_20250426_145639_600rpm_20250426_150032,minor,600,18,769249
minor.tar,minor_20250426_145639_600rpm_20250426_150033,minor,600,18,770515
minor.tar,minor_20250426_145639_600rpm_20250426_150034,minor,600,18,771587
minor.tar,minor_20250426_145639_600rpm_20250426_150035,minor,600,18,769916
minor.tar,minor_20250426_145639_600rpm_20250426_150036,minor,600,18,771241
minor.tar,minor_20250426_145639_600rpm_20250426_150037,minor,600,18,773836
minor.tar,minor_20250426_145639_600rpm_20250426_150038,minor,600,18,771402
minor.tar,minor_20250426_145639_600rpm_20250426_150039,minor,600,18,769287
minor.tar,minor_20250426_145639_600rpm_20250426_150040,minor,600,18,771490
minor.tar,minor_20250426_145639_600rpm_20250426_150041,minor,600,18,771374
minor.tar,minor_20250426_145639_600rpm_20250426_150042,minor,600,18,769899
minor.tar,minor_20250426_145639_600rpm_20250426_150043,minor,600,18,767556
minor.tar,minor_20250426_145639_600rpm_20250426_150044,minor,600,18,773082
minor.tar,minor_20250426_145639_600rpm_20250426_150045,minor,600,18,775957
minor.tar,minor_20250426_145639_600rpm_20250426_150046,minor,600,18,769899
minor.tar,minor_20250426_145639_600rpm_20250426_150047,minor,600,18,768797
minor.tar,minor_20250426_145639_600rpm_20250426_150048,minor,600,18,768455
minor.tar,minor_20250426_145639_600rpm_20250426_150049,minor,600,18,771550
minor.tar,minor_20250426_145639_600rpm_20250426_150050,minor,600,18,772211
minor.tar,minor_20250426_145639_600rpm_20250426_150051,minor,600,18,774244
minor.tar,minor_20250426_145639_600rpm_20250426_150052,minor,600,18,771525
minor.tar,minor_20250426_145639_600rpm_20250426_150053,minor,600,18,770438
minor.tar,minor_20250426_145639_600rpm_20250426_150054,minor,600,18,772159
minor.tar,minor_20250426_145639_600rpm_20250426_150055,minor,600,18,769742
minor.tar,minor_20250426_145639_600rpm_20250426_150056,minor,600,18,765389
minor.tar,minor_20250426_145639_600rpm_20250426_150057,minor,600,18,765263
minor.tar,minor_20250426_145639_600rpm_20250426_150058,minor,600,18,766484
minor.tar,minor_20250426_145639_600rpm_20250426_150059,minor,600,18,766644
minor.tar,minor_20250426_145639_600rpm_20250426_150100,minor,600,18,767239
minor.tar,minor_20250426_145639_600rpm_20250426_150101,minor,600,18,767625
minor.tar,minor_20250426_145639_600rpm_20250426_150102,minor,600,18,768504
minor.tar,minor_20250426_145639_600rpm_20250426_150103,minor,600,18,765353
minor.tar,minor_20250426_145639_600rpm_20250426_150104,minor,600,18,767262
minor.tar,minor_20250426_145639_600rpm_20250426_150105,minor,600,18,766427
minor.tar,minor_20250426_145639_600rpm_20250426_150106,minor,600,18,768758
minor.tar,minor_20250426_145639_600rpm_20250426_150107,minor,600,18,770470
minor.tar,minor_20250426_145639_600rpm_20250426_150108,minor,600,18,767728
minor.tar,minor_20250426_145639_600rpm_20250426_150109,minor,600,18,767998
minor.tar,minor_20250426_150129_800rpm_20250426_150131,minor,800,18,784901
minor.tar,minor_20250426_150129_800rpm_20250426_150132,minor,800,18,758787
minor.tar,minor_20250426_150129_800rpm_20250426_150133,minor,800,18,755700
minor.tar,minor_20250426_150129_800rpm_20250426_150134,minor,800,18,759116
minor.tar,minor_20250426_150129_800rpm_20250426_150135,minor,800,18,757317
minor.tar,minor_20250426_150129_800rpm_20250426_150136,minor,800,18,754234
minor.tar,minor_20250426_150129_800rpm_20250426_150137,minor,800,18,752941
minor.tar,minor_20250426_150129_800rpm_20250426_150138,minor,800,18,754185
minor.tar,minor_20250426_150129_800rpm_20250426_150139,minor,800,18,749902
minor.tar,minor_20250426_150129_800rpm_20250426_150140,minor,800,18,757791
minor.tar,minor_20250426_150129_800rpm_20250426_150141,minor,800,18,761993
minor.tar,minor_20250426_150129_800rpm_20250426_150142,minor,800,18,760863
minor.tar,minor_20250426_150129_800rpm_20250426_150143,minor,800,18,751609
minor.tar,minor_20250426_150129_800rpm_20250426_150144,minor,800,18,756487
minor.tar,minor_20250426_150129_800rpm_20250426_150145,minor,800,18,756472
minor.tar,minor_20250426_150129_800rpm_20250426_150146,minor,800,18,756234
minor.tar,minor_20250426_150129_800rpm_20250426_150147,minor,800,18,755465
minor.tar,minor_20250426_150129_800rpm_20250426_150148,minor,800,18,760852
minor.tar,minor_20250426_150129_800rpm_20250426_150149,minor,800,18,756981
minor.tar,minor_20250426_150129_800rpm_20250426_150150,minor,800,18,759149
minor.tar,minor_20250426_150129_800rpm_20250426_150151,minor,800,18,756094
minor.tar,minor_20250426_150129_800rpm_20250426_150152,minor,800,18,759755
minor.tar,minor_20250426_150129_800rpm_20250426_150153,minor,800,18,759837
minor.tar,minor_20250426_150129_800rpm_20250426_150154,minor,800,18,756708
minor.tar,minor_20250426_150129_800rpm_20250426_150155,minor,800,18,754999
minor.tar,minor_20250426_150129_800rpm_20250426_150156,minor,800,18,764191
minor.tar,minor_20250426_150129_800rpm_20250426_150157,minor,800,18,768652
minor.tar,minor_20250426_150129_800rpm_20250426_150158,minor,800,18,760561
minor.tar,minor_20250426_150129_800rpm_20250426_150159,minor,800,18,763882
minor.tar,minor_20250426_150129_800rpm_20250426_150200,minor,800,18,760960
minor.tar,minor_20250426_150129_800rpm_20250426_150201,minor,800,18,757892
minor.tar,minor_20250426_150129_800rpm_20250426_150202,minor,800,18,758341
minor.tar,minor_20250426_150129_800rpm_20250426_150203,minor,800,18,760296
minor.tar,minor_20250426_150129_800rpm_20250426_150204,minor,800,18,758284
minor.tar,minor_20250426_150129_800rpm_20250426_150205,minor,800,18,751918
minor.tar,minor_20250426_150129_800rpm_20250426_150206,minor,800,18,757709
minor.tar,minor_20250426_150129_800rpm_20250426_150207,minor,800,18,759340
minor.tar,minor_20250426_150129_800rpm_20250426_150208,minor,800,18,754252
minor.tar,minor_20250426_150129_800rpm_20250426_150209,minor,800,18,752786
minor.tar,minor_20250426_150129_800rpm_20250426_150210,minor,800,18,754266
minor.tar,minor_20250426_150129_800rpm_20250426_150211,minor,800,18,751185
minor.tar,minor_20250426_150129_800rpm_20250426_150212,minor,800,18,756075
minor.tar,minor_20250426_150129_800rpm_20250426_150213,minor,800,18,762072
minor.tar,minor_20250426_150129_800rpm_20250426_150214,minor,800,18,763758
minor.tar,minor_20250426_150129_800rpm_20250426_150215,minor,800,18,762225
minor.tar,minor_20250426_150129_800rpm_20250426_150216,minor,800,18,757548
minor.tar,minor_20250426_150129_800rpm_20250426_150217,minor,800,18,757276
minor.tar,minor_20250426_150129_800rpm_20250426_150218,minor,800,18,754287
minor.tar,minor_20250426_150129_800rpm_20250426_150219,minor,800,18,752402
minor.tar,minor_20250426_150129_800rpm_20250426_150220,minor,800,18,756497
minor.tar,minor_20250426_150129_800rpm_20250426_150221,minor,800,18,752275
minor.tar,minor_20250426_150129_800rpm_20250426_150222,minor,800,18,753614
minor.tar,minor_20250426_150129_800rpm_20250426_150223,minor,800,18,752025
minor.tar,minor_20250426_150129_800rpm_20250426_150224,minor,800,18,751146
minor.tar,minor_20250426_150129_800rpm_20250426_150225,minor,800,18,755049
minor.tar,minor_20250426_150129_800rpm_20250426_150226,minor,800,18,757819
minor.tar,minor_20250426_150129_800rpm_20250426_150227,minor,800,18,755019
minor.tar,minor_20250426_150129_800rpm_20250426_150228,minor,800,18,752812
minor.tar,minor_20250426_150129_800rpm_20250426_150229,minor,800,18,752409
minor.tar,minor_20250426_150129_800rpm_20250426_150230,minor,800,18,753030
minor.tar,minor_20250426_150129_800rpm_20250426_150231,minor,800,18,755539
minor.tar,minor_20250426_150129_800rpm_20250426_150232,minor,800,18,751758
minor.tar,minor_20250426_150129_800rpm_20250426_150233,minor,800,18,749655
minor.tar,minor_20250426_150129_800rpm_20250426_150234,minor,800,18,751219
minor.tar,minor_20250426_150129_800rpm_20250426_150235,minor,800,18,749332
minor.tar,minor_20250426_150129_800rpm_20250426_150236,minor,800,18,751085
minor.tar,minor_20250426_150129_800rpm_20250426_150237,minor,800,18,751874
minor.tar,minor_20250426_150129_800rpm_20250426_150238,minor,800,18,753868
minor.tar,minor_20250426_150129_800rpm_20250426_150239,minor,800,18,754018
minor.tar,minor_20250426_150129_800rpm_20250426_150240,minor,800,18,755689
minor.tar,minor_20250426_150129_800rpm_20250426_150241,minor,800,18,749551
minor.tar,minor_20250426_150129_800rpm_20250426_150242,minor,800,18,751450
minor.tar,minor_20250426_150129_800rpm_20250426_150243,minor,800,18,750014
minor.tar,minor_20250426_150129_800rpm_20250426_150244,minor,800,18,753289
minor.tar,minor_20250426_150129_800rpm_20250426_150245,minor,800,18,752233
minor.tar,minor_20250426_150129_800rpm_20250426_150246,minor,800,18,759236
minor.tar,minor_20250426_150129_800rpm_20250426_150247,minor,800,18,758060
minor.tar,minor_20250426_150129_800rpm_20250426_150248,minor,800,18,759769
minor.tar,minor_20250426_150129_800rpm_20250426_150249,minor,800,18,760407
minor.tar,minor_20250426_150129_800rpm_20250426_150250,minor,800,18,759998
minor.tar,minor_20250426_150129_800rpm_20250426_150251,minor,800,18,758107
minor.tar,minor_20250426_150129_800rpm_20250426_150252,minor,800,18,758166
minor.tar,minor_20250426_150129_800rpm_20250426_150253,minor,800,18,758127
minor.tar,minor_20250426_150129_800rpm_20250426_150254,minor,800,18,762963
minor.tar,minor_20250426_150129_800rpm_20250426_150255,minor,800,18,763826
minor.tar,minor_20250426_150129_800rpm_20250426_150256,minor,800,18,759252
minor.tar,minor_20250426_150129_800rpm_20250426_150257,minor,800,18,757520
minor.tar,minor_20250426_150129_800rpm_20250426_150258,minor,800,18,764632
minor.tar,minor_20250426_150129_800rpm_20250426_150259,minor,800,18,766309
minor.tar,minor_20250426_150129_800rpm_20250426_150300,minor,800,18,767782
minor.tar,minor_20250426_150129_800rpm_20250426_150301,minor,800,18,764862
minor.tar,minor_20250426_150129_800rpm_20250426_150302,minor,800,18,761238
minor.tar,minor_20250426_150129_800rpm_20250426_150303,minor,800,18,762564
minor.tar,minor_20250426_150129_800rpm_20250426_150304,minor,800,18,768768
minor.tar,minor_20250426_150129_800rpm_20250426_150305,minor,800,18,766833
minor.tar,minor_20250426_150129_800rpm_20250426_150306,minor,800,18,765546
minor.tar,minor_20250426_150129_800rpm_20250426_150307,minor,800,18,760561
minor.tar,minor_20250426_150129_800rpm_20250426_150308,minor,800,18,762295
minor.tar,minor_20250426_150129_800rpm_20250426_150309,minor,800,18,757170
minor.tar,minor_20250426_150129_800rpm_20250426_150310,minor,800,18,762509
minor.tar,minor_20250426_150129_800rpm_20250426_150311,minor,800,18,763725
minor.tar,minor_20250426_150129_800rpm_20250426_150312,minor,800,18,766803
minor.tar,minor_20250426_150129_800rpm_20250426_150313,minor,800,18,771010
minor.tar,minor_20250426_150129_800rpm_20250426_150314,minor,800,18,764391
minor.tar,minor_20250426_150129_800rpm_20250426_150315,minor,800,18,758297
minor.tar,minor_20250426_150129_800rpm_20250426_150316,minor,800,18,760000
minor.tar,minor_20250426_150129_800rpm_20250426_150317,minor,800,18,761421
minor.tar,minor_20250426_150129_800rpm_20250426_150318,minor,800,18,758989
minor.tar,minor_20250426_150129_800rpm_20250426_150319,minor,800,18,756214
minor.tar,minor_20250426_150129_800rpm_20250426_150320,minor,800,18,758045
minor.tar,minor_20250426_150129_800rpm_20250426_150321,minor,800,18,762410
minor.tar,minor_20250426_150129_800rpm_20250426_150322,minor,800,18,759693
minor.tar,minor_20250426_150129_800rpm_20250426_150323,minor,800,18,760962
minor.tar,minor_20250426_150129_800rpm_20250426_150324,minor,800,18,762239
minor.tar,minor_20250426_150129_800rpm_20250426_150325,minor,800,18,760957
minor.tar,minor_20250426_150129_800rpm_20250426_150326,minor,800,18,761186
minor.tar,minor_20250426_150129_800rpm_20250426_150327,minor,800,18,766665
minor.tar,minor_20250426_150129_800rpm_20250426_150328,minor,800,18,765103
minor.tar,minor_20250426_150129_800rpm_20250426_150329,minor,800,18,763200
minor.tar,minor_20250426_150129_800rpm_20250426_150330,minor,800,18,766407
minor.tar,minor_20250426_150129_800rpm_20250426_150331,minor,800,18,770937
minor.tar,minor_20250426_150129_800rpm_20250426_150332,minor,800,18,763094
minor.tar,minor_20250426_150129_800rpm_20250426_150333,minor,800,18,760415
minor.tar,minor_20250426_150129_800rpm_20250426_150334,minor,800,18,763340
minor.tar,minor_20250426_150129_800rpm_20250426_150335,minor,800,18,759643
minor.tar,minor_20250426_150129_800rpm_20250426_150336,minor,800,18,762531
minor.tar,minor_20250426_150129_800rpm_20250426_150337,minor,800,18,761982
minor.tar,minor_20250426_150129_800rpm_20250426_150338,minor,800,18,764880
minor.tar,minor_20250426_150129_800rpm_20250426_150339,minor,800,18,769504
minor.tar,minor_20250426_150129_800rpm_20250426_150340,minor,800,18,764153
minor.tar,minor_20250426_150129_800rpm_20250426_150341,minor,800,18,757936
minor.tar,minor_20250426_150129_800rpm_20250426_150342,minor,800,18,760139
minor.tar,minor_20250426_150129_800rpm_20250426_150343,minor,800,18,765426
minor.tar,minor_20250426_150129_800rpm_20250426_150344,minor,800,18,764352
minor.tar,minor_20250426_150129_800rpm_20250426_150345,minor,800,18,762286
minor.tar,minor_20250426_150129_800rpm_20250426_150346,minor,800,18,760753
minor.tar,minor_20250426_150129_800rpm_20250426_150347,minor,800,18,761887
minor.tar,minor_20250426_150129_800rpm_20250426_150348,minor,800,18,760973
minor.tar,minor_20250426_150129_800rpm_20250426_150349,minor,800,18,758261
minor.tar,minor_20250426_150129_800rpm_20250426_150350,minor,800,18,757524
minor.tar,minor_20250426_150129_800rpm_20250426_150351,minor,800,18,755806
minor.tar,minor_20250426_150129_800rpm_20250426_150352,minor,800,18,759462
minor.tar,minor_20250426_150129_800rpm_20250426_150353,minor,800,18,757004
minor.tar,minor_20250426_150129_800rpm_20250426_150354,minor,800,18,754607
minor.tar,minor_20250426_150129_800rpm_20250426_150355,minor,800,18,754923
minor.tar,minor_20250426_150129_800rpm_20250426_150356,minor,800,18,751832
minor.tar,minor_20250426_150129_800rpm_20250426_150357,minor,800,18,752282
minor.tar,minor_20250426_150129_800rpm_20250426_150358,minor,800,18,752434
minor.tar,minor_20250426_150129_800rpm_20250426_150359,minor,800,18,748506
minor.tar,minor_20250426_150129_800rpm_20250426_150400,minor,800,18,750388
minor.tar,minor_20250426_150129_800rpm_20250426_150401,minor,800,18,748275
minor.tar,minor_20250426_150129_800rpm_20250426_150402,minor,800,18,751620
minor.tar,minor_20250426_150129_800rpm_20250426_150403,minor,800,18,751955
minor.tar,minor_20250426_150129_800rpm_20250426_150404,minor,800,18,755096
minor.tar,minor_20250426_150129_800rpm_20250426_150405,minor,800,18,755688
minor.tar,minor_20250426_150129_800rpm_20250426_150406,minor,800,18,752804
minor.tar,minor_20250426_150129_800rpm_20250426_150407,minor,800,18,748882
minor.tar,minor_20250426_150129_800rpm_20250426_150408,minor,800,18,752464
minor.tar,minor_20250426_150129_800rpm_20250426_150409,minor,800,18,754126
minor.tar,minor_20250426_150129_800rpm_20250426_150410,minor,800,18,747894
minor.tar,minor_20250426_150129_800rpm_20250426_150411,minor,800,18,749045
minor.tar,minor_20250426_150129_800rpm_20250426_150412,minor,800,18,750388
minor.tar,minor_20250426_150129_800rpm_20250426_150413,minor,800,18,753253
minor.tar,minor_20250426_150129_800rpm_20250426_150414,minor,800,18,750941
minor.tar,minor_20250426_150129_800rpm_20250426_150415,minor,800,18,748036
minor.tar,minor_20250426_150129_800rpm_20250426_150416,minor,800,18,751124
minor.tar,minor_20250426_150129_800rpm_20250426_150417,minor,800,18,750289
minor.tar,minor_20250426_150129_800rpm_20250426_150418,minor,800,18,752123
minor.tar,minor_20250426_150129_800rpm_20250426_150419,minor,800,18,747765
minor.tar,minor_20250426_150129_800rpm_20250426_150420,minor,800,18,747762
minor.tar,minor_20250426_150129_800rpm_20250426_150421,minor,800,18,745697
minor.tar,minor_20250426_150129_800rpm_20250426_150422,minor,800,18,751024
minor.tar,minor_20250426_150129_800rpm_20250426_150423,minor,800,18,751472
minor.tar,minor_20250426_150129_800rpm_20250426_150424,minor,800,18,749211
minor.tar,minor_20250426_150129_800rpm_20250426_150425,minor,800,18,747599
minor.tar,minor_20250426_150129_800rpm_20250426_150426,minor,800,18,749338
minor.tar,minor_20250426_150129_800rpm_20250426_150427,minor,800,18,749578
minor.tar,minor_20250426_150129_800rpm_20250426_150428,minor,800,18,770170
minor.tar,minor_20250426_150129_800rpm_20250426_150429,minor,800,18,763432
minor.tar,minor_20250426_150129_800rpm_20250426_150430,minor,800,18,755143
minor.tar,minor_20250426_150129_800rpm_20250426_150431,minor,800,18,750094
minor.tar,minor_20250426_150129_800rpm_20250426_150432,minor,800,18,748583
minor.tar,minor_20250426_150129_800rpm_20250426_150433,minor,800,18,748405
minor.tar,minor_20250426_150129_800rpm_20250426_150434,minor,800,18,751012
minor.tar,minor_20250426_150129_800rpm_20250426_150435,minor,800,18,749853
minor.tar,minor_20250426_150129_800rpm_20250426_150436,minor,800,18,749140
minor.tar,minor_20250426_150129_800rpm_20250426_150437,minor,800,18,746934
minor.tar,minor_20250426_150129_800rpm_20250426_150438,minor,800,18,750960
minor.tar,minor_20250426_150129_800rpm_20250426_150439,minor,800,18,751334
minor.tar,minor_20250426_150129_800rpm_20250426_150440,minor,800,18,755162
minor.tar,minor_20250426_150129_800rpm_20250426_150441,minor,800,18,755416
minor.tar,minor_20250426_150129_800rpm_20250426_150442,minor,800,18,748909
minor.tar,minor_20250426_150129_800rpm_20250426_150443,minor,800,18,746224
minor.tar,minor_20250426_150129_800rpm_20250426_150444,minor,800,18,752808
minor.tar,minor_20250426_150129_800rpm_20250426_150445,minor,800,18,750912
minor.tar,minor_20250426_150129_800rpm_20250426_150446,minor,800,18,753289
minor.tar,minor_20250426_150129_800rpm_20250426_150447,minor,800,18,748329
minor.tar,minor_20250426_150129_800rpm_20250426_150448,minor,800,18,746922
minor.tar,minor_20250426_150129_800rpm_20250426_150449,minor,800,18,746935
minor.tar,minor_20250426_150129_800rpm_20250426_150450,minor,800,18,750107
minor.tar,minor_20250426_150129_800rpm_20250426_150451,minor,800,18,745124
minor.tar,minor_20250426_150129_800rpm_20250426_150452,minor,800,18,746758
minor.tar,minor_20250426_150129_800rpm_20250426_150453,minor,800,18,748428
minor.tar,minor_20250426_150129_800rpm_20250426_150454,minor,800,18,750369
minor.tar,minor_20250426_150129_800rpm_20250426_150455,minor,800,18,747758
minor.tar,minor_20250426_150129_800rpm_20250426_150456,minor,800,18,744452
minor.tar,minor_20250426_150129_800rpm_20250426_150457,minor,800,18,744199
minor.tar,minor_20250426_150129_800rpm_20250426_150458,minor,800,18,746578
minor.tar,minor_20250426_150129_800rpm_20250426_150459,minor,800,18,750008
minor.tar,minor_20250426_150129_800rpm_20250426_150500,minor,800,18,751195
minor.tar,minor_20250426_150129_800rpm_20250426_150501,minor,800,18,753771
minor.tar,minor_20250426_150129_800rpm_20250426_150502,minor,800,18,753842
minor.tar,minor_20250426_150129_800rpm_20250426_150503,minor,800,18,750543
minor.tar,minor_20250426_150129_800rpm_20250426_150504,minor,800,18,748710
minor.tar,minor_20250426_150129_800rpm_20250426_150505,minor,800,18,747064
minor.tar,minor_20250426_150129_800rpm_20250426_150506,minor,800,18,748298
serious.tar,serious_20250426_151324_400rpm_20250426_151327,serious,400,18,780311
serious.tar,serious_20250426_151324_400rpm_20250426_151328,serious,400,18,770668
serious.tar,serious_20250426_151324_400rpm_20250426_151329,serious,400,18,778996
serious.tar,serious_20250426_151324_400rpm_20250426_151330,serious,400,18,771722
serious.tar,serious_20250426_151324_400rpm_20250426_151331,serious,400,18,772871
serious.tar,serious_20250426_151324_400rpm_20250426_151332,serious,400,18,770173
serious.tar,serious_20250426_151324_400rpm_20250426_151333,serious,400,18,773473
serious.tar,serious_20250426_151324_400rpm_20250426_151334,serious,400,18,774075
serious.tar,serious_20250426_151324_400rpm_20250426_151335,serious,400,18,769380
serious.tar,serious_20250426_151324_400rpm_20250426_151336,serious,400,18,764079
serious.tar,serious_20250426_151324_400rpm_20250426_151337,serious,400,18,763242
serious.tar,serious_20250426_151324_400rpm_20250426_151339,serious,400,18,767900
serious.tar,serious_20250426_151324_400rpm_20250426_151340,serious,400,18,768625
serious.tar,serious_20250426_151324_400rpm_20250426_151341,serious,400,18,768928
serious.tar,serious_20250426_151324_400rpm_20250426_151342,serious,400,18,766921
serious.tar,serious_20250426_151324_400rpm_20250426_151343,serious,400,18,768951
serious.tar,serious_20250426_151324_400rpm_20250426_151344,serious,400,18,772312
serious.tar,serious_20250426_151324_400rpm_20250426_151345,serious,400,18,770042
serious.tar,serious_20250426_151324_400rpm_20250426_151346,serious,400,18,763327
serious.tar,serious_20250426_151324_400rpm_20250426_151347,serious,400,18,766126
serious.tar,serious_20250426_151324_400rpm_20250426_151348,serious,400,18,770679
serious.tar,serious_20250426_151324_400rpm_20250426_151349,serious,400,18,772160
serious.tar,serious_20250426_151324_400rpm_20250426_151350,serious,400,18,768888
serious.tar,serious_20250426_151324_400rpm_20250426_151351,serious,400,18,767026
serious.tar,serious_20250426_151324_400rpm_20250426_151352,serious,400,18,765458
serious.tar,serious_20250426_151324_400rpm_20250426_151353,serious,400,18,768534
serious.tar,serious_20250426_151324_400rpm_20250426_151354,serious,400,18,770831
serious.tar,serious_20250426_151324_400rpm_20250426_151355,serious,400,18,769337
serious.tar,serious_20250426_151324_400rpm_20250426_151356,serious,400,18,766604
serious.tar,serious_20250426_151324_400rpm_20250426_151357,serious,400,18,765694
serious.tar,serious_20250426_151324_400rpm_20250426_151358,serious,400,18,765512
serious.tar,serious_20250426_151324_400rpm_20250426_151359,serious,400,18,766484
serious.tar,serious_20250426_151324_400rpm_20250426_151400,serious,400,18,766868
serious.tar,serious_20250426_151324_400rpm_20250426_151401,serious,400,18,765262
serious.tar,serious_20250426_151324_400rpm_20250426_151402,serious,400,18,762202
serious.tar,serious_20250426_151324_400rpm_20250426_151403,serious,400,18,762977
serious.tar,serious_20250426_151324_400rpm_20250426_151404,serious,400,18,764053
serious.tar,serious_20250426_151324_400rpm_20250426_151405,serious,400,18,765002
serious.tar,serious_20250426_151324_400rpm_20250426_151406,serious,400,18,765378
serious.tar,serious_20250426_151324_400rpm_20250426_151407,serious,400,18,761453
serious.tar,serious_20250426_151324_400rpm_20250426_151408,serious,400,18,763407
serious.tar,serious_20250426_151324_400rpm_20250426_151409,serious,400,18,765770
serious.tar,serious_20250426_151324_400rpm_20250426_151410,serious,400,18,768103
serious.tar,serious_20250426_151324_400rpm_20250426_151411,serious,400,18,767896
serious.tar,serious_20250426_151324_400rpm_20250426_151412,serious,400,18,767788
serious.tar,serious_20250426_151324_400rpm_20250426_151413,serious,400,18,772072
serious.tar,serious_20250426_151324_400rpm_20250426_151414,serious,400,18,770675
serious.tar,serious_20250426_151324_400rpm_20250426_151415,serious,400,18,768828
serious.tar,serious_20250426_151324_400rpm_20250426_151416,serious,400,18,768497
serious.tar,serious_20250426_151324_400rpm_20250426_151417,serious,400,18,768574
serious.tar,serious_20250426_151324_400rpm_20250426_151418,serious,400,18,767483
serious.tar,serious_20250426_151324_400rpm_20250426_151419,serious,400,18,771750
serious.tar,serious_20250426_151324_400rpm_20250426_151420,serious,400,18,770326
serious.tar,serious_20250426_151324_400rpm_20250426_151421,serious,400,18,770239
serious.tar,serious_20250426_151324_400rpm_20250426_151422,serious,400,18,764510
serious.tar,serious_20250426_151324_400rpm_20250426_151423,serious,400,18,766045
serious.tar,serious_20250426_151324_400rpm_20250426_151424,serious,400,18,765865
serious.tar,serious_20250426_151324_400rpm_20250426_151425,serious,400,18,764123
serious.tar,serious_20250426_151324_400rpm_20250426_151426,serious,400,18,766421
serious.tar,serious_20250426_151324_400rpm_20250426_151427,serious,400,18,765252
serious.tar,serious_20250426_151324_400rpm_20250426_151428,serious,400,18,763754
serious.tar,serious_20250426_151324_400rpm_20250426_151429,serious,400,18,765546
serious.tar,serious_20250426_151324_400rpm_20250426_151430,serious,400,18,764009
serious.tar,serious_20250426_151324_400rpm_20250426_151431,serious,400,18,765434
serious.tar,serious_20250426_151324_400rpm_20250426_151432,serious,400,18,768675
serious.tar,serious_20250426_151324_400rpm_20250426_151433,serious,400,18,768366
serious.tar,serious_20250426_151324_400rpm_20250426_151434,serious,400,18,768207
serious.tar,serious_20250426_151324_400rpm_20250426_151435,serious,400,18,767880
serious.tar,serious_20250426_151324_400rpm_20250426_151436,serious,400,18,764723
serious.tar,serious_20250426_151324_400rpm_20250426_151437,serious,400,18,763319
serious.tar,serious_20250426_151324_400rpm_20250426_151438,serious,400,18,763971
serious.tar,serious_20250426_151324_400rpm_20250426_151439,serious,400,18,766491
serious.tar,serious_20250426_151324_400rpm_20250426_151440,serious,400,18,767127
serious.tar,serious_20250426_151324_400rpm_20250426_151441,serious,400,18,766794
serious.tar,serious_20250426_151324_400rpm_20250426_151442,serious,400,18,765801
serious.tar,serious_20250426_151324_400rpm_20250426_151443,serious,400,18,762332
serious.tar,serious_20250426_151324_400rpm_20250426_151444,serious,400,18,765724
serious.tar,serious_20250426_151324_400rpm_20250426_151445,serious,400,18,767877
serious.tar,serious_20250426_151324_400rpm_20250426_151446,serious,400,18,766222
serious.tar,serious_20250426_151324_400rpm_20250426_151447,serious,400,18,765929
serious.tar,serious_20250426_151324_400rpm_20250426_151448,serious,400,18,767561
serious.tar,serious_20250426_151324_400rpm_20250426_151449,serious,400,18,767746
serious.tar,serious_20250426_151324_400rpm_20250426_151450,serious,400,18,762220
serious.tar,serious_20250426_151324_400rpm_20250426_151451,serious,400,18,763437
serious.tar,serious_20250426_151324_400rpm_20250426_151452,serious,400,18,764100
serious.tar,serious_20250426_151324_400rpm_20250426_151453,serious,400,18,763986
serious.tar,serious_20250426_151324_400rpm_20250426_151454,serious,400,18,762875
serious.tar,serious_20250426_151324_400rpm_20250426_151455,serious,400,18,766664
serious.tar,serious_20250426_151324_400rpm_20250426_151456,serious,400,18,768259
serious.tar,serious_20250426_151324_400rpm_20250426_151457,serious,400,18,775318
serious.tar,serious_20250426_151324_400rpm_20250426_151458,serious,400,18,773999
serious.tar,serious_20250426_151324_400rpm_20250426_151459,serious,400,18,769190
serious.tar,serious_20250426_151324_400rpm_20250426_151500,serious,400,18,764532
serious.tar,serious_20250426_151324_400rpm_20250426_151501,serious,400,18,767168
serious.tar,serious_20250426_151324_400rpm_20250426_151502,serious,400,18,769147
serious.tar,serious_20250426_151324_400rpm_20250426_151503,serious,400,18,768099
serious.tar,serious_20250426_151324_400rpm_20250426_151504,serious,400,18,761340
serious.tar,serious_20250426_151324_400rpm_20250426_151505,serious,400,18,766010
serious.tar,serious_20250426_151324_400rpm_20250426_151506,serious,400,18,769986
serious.tar,serious_20250426_151324_400rpm_20250426_151507,serious,400,18,768986
serious.tar,serious_20250426_151324_400rpm_20250426_151508,serious,400,18,765948
serious.tar,serious_20250426_151324_400rpm_20250426_151509,serious,400,18,770237
serious.tar,serious_20250426_151324_400rpm_20250426_151510,serious,400,18,769240
serious.tar,serious_20250426_151324_400rpm_20250426_151511,serious,400,18,768664
serious.tar,serious_20250426_151324_400rpm_20250426_151512,serious,400,18,769033
serious.tar,serious_20250426_151324_400rpm_20250426_151513,serious,400,18,770533
serious.tar,serious_20250426_151324_400rpm_20250426_151514,serious,400,18,765116
serious.tar,serious_20250426_151324_400rpm_20250426_151515,serious,400,18,765596
serious.tar,serious_20250426_151324_400rpm_20250426_151516,serious,400,18,760578
serious.tar,serious_20250426_151324_400rpm_20250426_151517,serious,400,18,763658
serious.tar,serious_20250426_151324_400rpm_20250426_151518,serious,400,18,767868
serious.tar,serious_20250426_151324_400rpm_20250426_151519,serious,400,18,766129
serious.tar,serious_20250426_151324_400rpm_20250426_151520,serious,400,18,765879
serious.tar,serious_20250426_151324_400rpm_20250426_151521,serious,400,18,769689
serious.tar,serious_20250426_151324_400rpm_20250426_151522,serious,400,18,769213
serious.tar,serious_20250426_151324_400rpm_20250426_151523,serious,400,18,765177
serious.tar,serious_20250426_151324_400rpm_20250426_151524,serious,400,18,763330
serious.tar,serious_20250426_151324_400rpm_20250426_151525,serious,400,18,762140
serious.tar,serious_20250426_151324_400rpm_20250426_151526,serious,400,18,761410
serious.tar,serious_20250426_151324_400rpm_20250426_151527,serious,400,18,764111
serious.tar,serious_20250426_151324_400rpm_20250426_151528,serious,400,18,765158
serious.tar,serious_20250426_151324_400rpm_20250426_151529,serious,400,18,766450
serious.tar,serious_20250426_151324_400rpm_20250426_151530,serious,400,18,767906
serious.tar,serious_20250426_151324_400rpm_20250426_151531,serious,400,18,767159
serious.tar,serious_20250426_151324_400rpm_20250426_151532,serious,400,18,769152
serious.tar,serious_20250426_151324_400rpm_20250426_151533,serious,400,18,771229
serious.tar,serious_20250426_151324_400rpm_20250426_151534,serious,400,18,766429
serious.tar,serious_20250426_151324_400rpm_20250426_151535,serious,400,18,763605
serious.tar,serious_20250426_151324_400rpm_20250426_151536,serious,400,18,771079
serious.tar,serious_20250426_151324_400rpm_20250426_151537,serious,400,18,773348
serious.tar,serious_20250426_151324_400rpm_20250426_151538,serious,400,18,772778
serious.tar,serious_20250426_151324_400rpm_20250426_151539,serious,400,18,775268
serious.tar,serious_20250426_151324_400rpm_20250426_151540,serious,400,18,777981
serious.tar,serious_20250426_151324_400rpm_20250426_151541,serious,400,18,777638
serious.tar,serious_20250426_151324_400rpm_20250426_151542,serious,400,18,777220
serious.tar,serious_20250426_151324_400rpm_20250426_151543,serious,400,18,777131
serious.tar,serious_20250426_151324_400rpm_20250426_151544,serious,400,18,779751
serious.tar,serious_20250426_151324_400rpm_20250426_151545,serious,400,18,778666
serious.tar,serious_20250426_151324_400rpm_20250426_151546,serious,400,18,783718
serious.tar,serious_20250426_151324_400rpm_20250426_151547,serious,400,18,780164
serious.tar,serious_20250426_151324_400rpm_20250426_151548,serious,400,18,777453
serious.tar,serious_20250426_151324_400rpm_20250426_151549,serious,400,18,775464
serious.tar,serious_20250426_151324_400rpm_20250426_151550,serious,400,18,770470
serious.tar,serious_20250426_151324_400rpm_20250426_151551,serious,400,18,778455
serious.tar,serious_20250426_151324_400rpm_20250426_151552,serious,400,18,782426
serious.tar,serious_20250426_151324_400rpm_20250426_151553,serious,400,18,779981
serious.tar,serious_20250426_151324_400rpm_20250426_151554,serious,400,18,779064
serious.tar,serious_20250426_151324_400rpm_20250426_151555,serious,400,18,776396
serious.tar,serious_20250426_151324_400rpm_20250426_151556,serious,400,18,780117
serious.tar,serious_20250426_151324_400rpm_20250426_151557,serious,400,18,777730
serious.tar,serious_20250426_151324_400rpm_20250426_151558,serious,400,18,768113
serious.tar,serious_20250426_151324_400rpm_20250426_151559,serious,400,18,772354
serious.tar,serious_20250426_151324_400rpm_20250426_151600,serious,400,18,777736
serious.tar,serious_20250426_151324_400rpm_20250426_151601,serious,400,18,779163
serious.tar,serious_20250426_151324_400rpm_20250426_151602,serious,400,18,777535
serious.tar,serious_20250426_151324_400rpm_20250426_151603,serious,400,18,779865
serious.tar,serious_20250426_151324_400rpm_20250426_151604,serious,400,18,778666
serious.tar,serious_20250426_151324_400rpm_20250426_151605,serious,400,18,778706
serious.tar,serious_20250426_151324_400rpm_20250426_151606,serious,400,18,780075
serious.tar,serious_20250426_151324_400rpm_20250426_151607,serious,400,18,780490
serious.tar,serious_20250426_151324_400rpm_20250426_151608,serious,400,18,778442
serious.tar,serious_20250426_151324_400rpm_20250426_151609,serious,400,18,776884
serious.tar,serious_20250426_151324_400rpm_20250426_151610,serious,400,18,774641
serious.tar,serious_20250426_151324_400rpm_20250426_151611,serious,400,18,772750
serious.tar,serious_20250426_151324_400rpm_20250426_151612,serious,400,18,767311
serious.tar,serious_20250426_151324_400rpm_20250426_151613,serious,400,18,770024
serious.tar,serious_20250426_151324_400rpm_20250426_151614,serious,400,18,768315
serious.tar,serious_20250426_151324_400rpm_20250426_151615,serious,400,18,771758
serious.tar,serious_20250426_151324_400rpm_20250426_151616,serious,400,18,767605
serious.tar,serious_20250426_151324_400rpm_20250426_151617,serious,400,18,768877
serious.tar,serious_20250426_151324_400rpm_20250426_151618,serious,400,18,769144
serious.tar,serious_20250426_151324_400rpm_20250426_151619,serious,400,18,771118
serious.tar,serious_20250426_151324_400rpm_20250426_151620,serious,400,18,770202
serious.tar,serious_20250426_151324_400rpm_20250426_151621,serious,400,18,767425
serious.tar,serious_20250426_151324_400rpm_20250426_151622,serious,400,18,767172
serious.tar,serious_20250426_151324_400rpm_20250426_151623,serious,400,18,767728
serious.tar,serious_20250426_151324_400rpm_20250426_151624,serious,400,18,765257
serious.tar,serious_20250426_151324_400rpm_20250426_151625,serious,400,18,764561
serious.tar,serious_20250426_151324_400rpm_20250426_151626,serious,400,18,765524
serious.tar,serious_20250426_151324_400rpm_20250426_151627,serious,400,18,771208
serious.tar,serious_20250426_151324_400rpm_20250426_151628,serious,400,18,767507
serious.tar,serious_20250426_151324_400rpm_20250426_151629,serious,400,18,771046
serious.tar,serious_20250426_151324_400rpm_20250426_151630,serious,400,18,773023
serious.tar,serious_20250426_151324_400rpm_20250426_151631,serious,400,18,770169
serious.tar,serious_20250426_151324_400rpm_20250426_151632,serious,400,18,767813
serious.tar,serious_20250426_151324_400rpm_20250426_151633,serious,400,18,769486
serious.tar,serious_20250426_151324_400rpm_20250426_151634,serious,400,18,770973
serious.tar,serious_20250426_151324_400rpm_20250426_151635,serious,400,18,769031
serious.tar,serious_20250426_151324_400rpm_20250426_151636,serious,400,18,768880
serious.tar,serious_20250426_151324_400rpm_20250426_151637,serious,400,18,768358
serious.tar,serious_20250426_151324_400rpm_20250426_151638,serious,400,18,768874
serious.tar,serious_20250426_151324_400rpm_20250426_151639,serious,400,18,765743
serious.tar,serious_20250426_151324_400rpm_20250426_151640,serious,400,18,764497
serious.tar,serious_20250426_151324_400rpm_20250426_151641,serious,400,18,768917
serious.tar,serious_20250426_151324_400rpm_20250426_151642,serious,400,18,770412
serious.tar,serious_20250426_151324_400rpm_20250426_151643,serious,400,18,770611
serious.tar,serious_20250426_151324_400rpm_20250426_151644,serious,400,18,770602
serious.tar,serious_20250426_151324_400rpm_20250426_151645,serious,400,18,771137
serious.tar,serious_20250426_151324_400rpm_20250426_151646,serious,400,18,772896
serious.tar,serious_20250426_151324_400rpm_20250426_151647,serious,400,18,772432
serious.tar,serious_20250426_151324_400rpm_20250426_151648,serious,400,18,771840
serious.tar,serious_20250426_151324_400rpm_20250426_151649,serious,400,18,770099
serious.tar,serious_20250426_151324_400rpm_20250426_151650,serious,400,18,768037
serious.tar,serious_20250426_151324_400rpm_20250426_151651,serious,400,18,766683
serious.tar,serious_20250426_151324_400rpm_20250426_151652,serious,400,18,769301
serious.tar,serious_20250426_151324_400rpm_20250426_151653,serious,400,18,769518
serious.tar,serious_20250426_151324_400rpm_20250426_151654,serious,400,18,770710
serious.tar,serious_20250426_151324_400rpm_20250426_151655,serious,400,18,771416
serious.tar,serious_20250426_151324_400rpm_20250426_151656,serious,400,18,773499
serious.tar,serious_20250426_151324_400rpm_20250426_151657,serious,400,18,775516
serious.tar,serious_20250426_151324_400rpm_20250426_151658,serious,400,18,771316
serious.tar,serious_20250426_151324_400rpm_20250426_151659,serious,400,18,772284
serious.tar,serious_20250426_151324_400rpm_20250426_151700,serious,400,18,772278
serious.tar,serious_20250426_151324_400rpm_20250426_151701,serious,400,18,770306
serious.tar,serious_20250426_151324_400rpm_20250426_151702,serious,400,18,770663
serious.tar,serious_20250426_151324_400rpm_20250426_151703,serious,400,18,771717
serious.tar,serious_20250426_151324_400rpm_20250426_151704,serious,400,18,771821
serious.tar,serious_20250426_151324_400rpm_20250426_151705,serious,400,18,768015
serious.tar,serious_20250426_151324_400rpm_20250426_151706,serious,400,18,769260
serious.tar,serious_20250426_151324_400rpm_20250426_151707,serious,400,18,771533
serious.tar,serious_20250426_151324_400rpm_20250426_151708,serious,400,18,771718
serious.tar,serious_20250426_151324_400rpm_20250426_151709,serious,400,18,770156
serious.tar,serious_20250426_151324_400rpm_20250426_151710,serious,400,18,770830
serious.tar,serious_20250426_151324_400rpm_20250426_151711,serious,400,18,772163
serious.tar,serious_20250426_151324_400rpm_20250426_151712,serious,400,18,771718
serious.tar,serious_20250426_151324_400rpm_20250426_151713,serious,400,18,774506
serious.tar,serious_20250426_151324_400rpm_20250426_151714,serious,400,18,774521
serious.tar,serious_20250426_151324_400rpm_20250426_151715,serious,400,18,771961
serious.tar,serious_20250426_151324_400rpm_20250426_151716,serious,400,18,772969
serious.tar,serious_20250426_151324_400rpm_20250426_151717,serious,400,18,772773
serious.tar,serious_20250426_151324_400rpm_20250426_151718,serious,400,18,773266
serious.tar,serious_20250426_151324_400rpm_20250426_151719,serious,400,18,775044
serious.tar,serious_20250426_151324_400rpm_20250426_151720,serious,400,18,775438
serious.tar,serious_20250426_151324_400rpm_20250426_151721,serious,400,18,774659
serious.tar,serious_20250426_151324_400rpm_20250426_151722,serious,400,18,772431
serious.tar,serious_20250426_151324_400rpm_20250426_151723,serious,400,18,769619
serious.tar,serious_20250426_151324_400rpm_20250426_151724,serious,400,18,768517
serious.tar,serious_20250426_151324_400rpm_20250426_151725,serious,400,18,769950
serious.tar,serious_20250426_151324_400rpm_20250426_151726,serious,400,18,771172
serious.tar,serious_20250426_151324_400rpm_20250426_151727,serious,400,18,770381
serious.tar,serious_20250426_151324_400rpm_20250426_151728,serious,400,18,764119
serious.tar,serious_20250426_151324_400rpm_20250426_151729,serious,400,18,767640
serious.tar,serious_20250426_151324_400rpm_20250426_151730,serious,400,18,769952
serious.tar,serious_20250426_151324_400rpm_20250426_151731,serious,400,18,771647
serious.tar,serious_20250426_151324_400rpm_20250426_151732,serious,400,18,770143
serious.tar,serious_20250426_151324_400rpm_20250426_151733,serious,400,18,771705
serious.tar,serious_20250426_151324_400rpm_20250426_151734,serious,400,18,770118
serious.tar,serious_20250426_151324_400rpm_20250426_151735,serious,400,18,770674
serious.tar,serious_20250426_151324_400rpm_20250426_151736,serious,400,18,771636
serious.tar,serious_20250426_151324_400rpm_20250426_151737,serious,400,18,769268
serious.tar,serious_20250426_151324_400rpm_20250426_151738,serious,400,18,770023
serious.tar,serious_20250426_151324_400rpm_20250426_151739,serious,400,18,771784
serious.tar,serious_20250426_151324_400rpm_20250426_151740,serious,400,18,772728
serious.tar,serious_20250426_151749_600rpm_20250426_151752,serious,600,18,770221
serious.tar,serious_20250426_151749_600rpm_20250426_151753,serious,600,18,767035
serious.tar,serious_20250426_151749_600rpm_20250426_151754,serious,600,18,770737
serious.tar,serious_20250426_151749_600rpm_20250426_151755,serious,600,18,759261
serious.tar,serious_20250426_151749_600rpm_20250426_151756,serious,600,18,758992
serious.tar,serious_20250426_151749_600rpm_20250426_151757,serious,600,18,754188
serious.tar,serious_20250426_151749_600rpm_20250426_151758,serious,600,18,756258
serious.tar,serious_20250426_151749_600rpm_20250426_151759,serious,600,18,759673
serious.tar,serious_20250426_151749_600rpm_20250426_151800,serious,600,18,763312
serious.tar,serious_20250426_151749_600rpm_20250426_151801,serious,600,18,755377
serious.tar,serious_20250426_151749_600rpm_20250426_151802,serious,600,18,758670
serious.tar,serious_20250426_151749_600rpm_20250426_151803,serious,600,18,759953
serious.tar,serious_20250426_151749_600rpm_20250426_151804,serious,600,18,760989
serious.tar,serious_20250426_151749_600rpm_20250426_151805,serious,600,18,760182
serious.tar,serious_20250426_151749_600rpm_20250426_151806,serious,600,18,761237
serious.tar,serious_20250426_151749_600rpm_20250426_151807,serious,600,18,759967
serious.tar,serious_20250426_151749_600rpm_20250426_151808,serious,600,18,759517
serious.tar,serious_20250426_151749_600rpm_20250426_151809,serious,600,18,758848
serious.tar,serious_20250426_151749_600rpm_20250426_151810,serious,600,18,760576
serious.tar,serious_20250426_151749_600rpm_20250426_151811,serious,600,18,755420
serious.tar,serious_20250426_151749_600rpm_20250426_151812,serious,600,18,753047
serious.tar,serious_20250426_151749_600rpm_20250426_151813,serious,600,18,751272
serious.tar,serious_20250426_151749_600rpm_20250426_151814,serious,600,18,756147
serious.tar,serious_20250426_151749_600rpm_20250426_151815,serious,600,18,755931
serious.tar,serious_20250426_151749_600rpm_20250426_151816,serious,600,18,754896
serious.tar,serious_20250426_151749_600rpm_20250426_151817,serious,600,18,760329
serious.tar,serious_20250426_151749_600rpm_20250426_151818,serious,600,18,760542
serious.tar,serious_20250426_151749_600rpm_20250426_151819,serious,600,18,762303
serious.tar,serious_20250426_151749_600rpm_20250426_151820,serious,600,18,757914
serious.tar,serious_20250426_151749_600rpm_20250426_151821,serious,600,18,762402
serious.tar,serious_20250426_151749_600rpm_20250426_151822,serious,600,18,756774
serious.tar,serious_20250426_151749_600rpm_20250426_151823,serious,600,18,754417
serious.tar,serious_20250426_151749_600rpm_20250426_151824,serious,600,18,751197
serious.tar,serious_20250426_151749_600rpm_20250426_151825,serious,600,18,757080
serious.tar,serious_20250426_151749_600rpm_20250426_151826,serious,600,18,755649
serious.tar,serious_20250426_151749_600rpm_20250426_151827,serious,600,18,753762
serious.tar,serious_20250426_151749_600rpm_20250426_151828,serious,600,18,755199
serious.tar,serious_20250426_151749_600rpm_20250426_151829,serious,600,18,758542
serious.tar,serious_20250426_151749_600rpm_20250426_151830,serious,600,18,757667
serious.tar,serious_20250426_151749_600rpm_20250426_151831,serious,600,18,762607
serious.tar,serious_20250426_151749_600rpm_20250426_151832,serious,600,18,761665
serious.tar,serious_20250426_151749_600rpm_20250426_151833,serious,600,18,761046
serious.tar,serious_20250426_151749_600rpm_20250426_151834,serious,600,18,757564
serious.tar,serious_20250426_151749_600rpm_20250426_151835,serious,600,18,753383
serious.tar,serious_20250426_151749_600rpm_20250426_151836,serious,600,18,752960
serious.tar,serious_20250426_151749_600rpm_20250426_151837,serious,600,18,753327
serious.tar,serious_20250426_151749_600rpm_20250426_151838,serious,600,18,754691
serious.tar,serious_20250426_151749_600rpm_20250426_151839,serious,600,18,759211
serious.tar,serious_20250426_151749_600rpm_20250426_151840,serious,600,18,753695
serious.tar,serious_20250426_151749_600rpm_20250426_151841,serious,600,18,759305
serious.tar,serious_20250426_151749_600rpm_20250426_151842,serious,600,18,758777
serious.tar,serious_20250426_151749_600rpm_20250426_151843,serious,600,18,756632
serious.tar,serious_20250426_151749_600rpm_20250426_151844,serious,600,18,757918
serious.tar,serious_20250426_151749_600rpm_20250426_151845,serious,600,18,754375
serious.tar,serious_20250426_151749_600rpm_20250426_151846,serious,600,18,755082
serious.tar,serious_20250426_151749_600rpm_20250426_151847,serious,600,18,755867
serious.tar,serious_20250426_151749_600rpm_20250426_151848,serious,600,18,758442
serious.tar,serious_20250426_151749_600rpm_20250426_151849,serious,600,18,764634
serious.tar,serious_20250426_151749_600rpm_20250426_151850,serious,600,18,761206
serious.tar,serious_20250426_151749_600rpm_20250426_151851,serious,600,18,757980
serious.tar,serious_20250426_151749_600rpm_20250426_151852,serious,600,18,757604
serious.tar,serious_20250426_151749_600rpm_20250426_151853,serious,600,18,757369
serious.tar,serious_20250426_151749_600rpm_20250426_151854,serious,600,18,758250
serious.tar,serious_20250426_151749_600rpm_20250426_151855,serious,600,18,762059
serious.tar,serious_20250426_151749_600rpm_20250426_151856,serious,600,18,761654
serious.tar,serious_20250426_151749_600rpm_20250426_151857,serious,600,18,760950
serious.tar,serious_20250426_151749_600rpm_20250426_151858,serious,600,18,761189
serious.tar,serious_20250426_151749_600rpm_20250426_151859,serious,600,18,761225
serious.tar,serious_20250426_151749_600rpm_20250426_151900,serious,600,18,763114
serious.tar,serious_20250426_151749_600rpm_20250426_151901,serious,600,18,759878
serious.tar,serious_20250426_151749_600rpm_20250426_151902,serious,600,18,762453
serious.tar,serious_20250426_151749_600rpm_20250426_151904,serious,600,18,761864
serious.tar,serious_20250426_151749_600rpm_20250426_151905,serious,600,18,760365
serious.tar,serious_20250426_151749_600rpm_20250426_151906,serious,600,18,764040
serious.tar,serious_20250426_151749_600rpm_20250426_151907,serious,600,18,760340
serious.tar,serious_20250426_151749_600rpm_20250426_151908,serious,600,18,761323
serious.tar,serious_20250426_151749_600rpm_20250426_151909,serious,600,18,760826
serious.tar,serious_20250426_151749_600rpm_20250426_151910,serious,600,18,763950
serious.tar,serious_20250426_151749_600rpm_20250426_151911,serious,600,18,762329
serious.tar,serious_20250426_151749_600rpm_20250426_151912,serious,600,18,762342
serious.tar,serious_20250426_151749_600rpm_20250426_151913,serious,600,18,762032
serious.tar,serious_20250426_151749_600rpm_20250426_151914,serious,600,18,761810
serious.tar,serious_20250426_151749_600rpm_20250426_151915,serious,600,18,758126
serious.tar,serious_20250426_151749_600rpm_20250426_151916,serious,600,18,759166
serious.tar,serious_20250426_151749_600rpm_20250426_151917,serious,600,18,761502
serious.tar,serious_20250426_151749_600rpm_20250426_151918,serious,600,18,772367
serious.tar,serious_20250426_151749_600rpm_20250426_151919,serious,600,18,760210
serious.tar,serious_20250426_151749_600rpm_20250426_151920,serious,600,18,761412
serious.tar,serious_20250426_151749_600rpm_20250426_151921,serious,600,18,759999
serious.tar,serious_20250426_151749_600rpm_20250426_151922,serious,600,18,760140
serious.tar,serious_20250426_151749_600rpm_20250426_151923,serious,600,18,757238
serious.tar,serious_20250426_151749_600rpm_20250426_151924,serious,600,18,756422
serious.tar,serious_20250426_151749_600rpm_20250426_151925,serious,600,18,756444
serious.tar,serious_20250426_151749_600rpm_20250426_151926,serious,600,18,755553
serious.tar,serious_20250426_151749_600rpm_20250426_151927,serious,600,18,753275
serious.tar,serious_20250426_151749_600rpm_20250426_151928,serious,600,18,755109
serious.tar,serious_20250426_151749_600rpm_20250426_151929,serious,600,18,756916
serious.tar,serious_20250426_151749_600rpm_20250426_151930,serious,600,18,757253
serious.tar,serious_20250426_151749_600rpm_20250426_151931,serious,600,18,758411
serious.tar,serious_20250426_151749_600rpm_20250426_151932,serious,600,18,757450
serious.tar,serious_20250426_151749_600rpm_20250426_151933,serious,600,18,756893
serious.tar,serious_20250426_151749_600rpm_20250426_151934,serious,600,18,755678
serious.tar,serious_20250426_151749_600rpm_20250426_151935,serious,600,18,760781
serious.tar,serious_20250426_151749_600rpm_20250426_151936,serious,600,18,761835
serious.tar,serious_20250426_151749_600rpm_20250426_151937,serious,600,18,762585
serious.tar,serious_20250426_151749_600rpm_20250426_151939,serious,600,18,762599
serious.tar,serious_20250426_151749_600rpm_20250426_151940,serious,600,18,763100
serious.tar,serious_20250426_151749_600rpm_20250426_151941,serious,600,18,761363
serious.tar,serious_20250426_151749_600rpm_20250426_151942,serious,600,18,762161
serious.tar,serious_20250426_151749_600rpm_20250426_151943,serious,600,18,762853
serious.tar,serious_20250426_151749_600rpm_20250426_151944,serious,600,18,764808
serious.tar,serious_20250426_151749_600rpm_20250426_151945,serious,600,18,766233
serious.tar,serious_20250426_151749_600rpm_20250426_151946,serious,600,18,765767
serious.tar,serious_20250426_151749_600rpm_20250426_151947,serious,600,18,763303
serious.tar,serious_20250426_151749_600rpm_20250426_151948,serious,600,18,761576
serious.tar,serious_20250426_151749_600rpm_20250426_151949,serious,600,18,763906
serious.tar,serious_20250426_151749_600rpm_20250426_151950,serious,600,18,762594
serious.tar,serious_20250426_151749_600rpm_20250426_151951,serious,600,18,760314
serious.tar,serious_20250426_151749_600rpm_20250426_151952,serious,600,18,762720
serious.tar,serious_20250426_151749_600rpm_20250426_151953,serious,600,18,765913
serious.tar,serious_20250426_151749_600rpm_20250426_151954,serious,600,18,765044
serious.tar,serious_20250426_151749_600rpm_20250426_151955,serious,600,18,769373
serious.tar,serious_20250426_151749_600rpm_20250426_151956,serious,600,18,767203
serious.tar,serious_20250426_151749_600rpm_20250426_151957,serious,600,18,763642
serious.tar,serious_20250426_151749_600rpm_20250426_151958,serious,600,18,763755
serious.tar,serious_20250426_151749_600rpm_20250426_151959,serious,600,18,767241
serious.tar,serious_20250426_151749_600rpm_20250426_152000,serious,600,18,766059
serious.tar,serious_20250426_151749_600rpm_20250426_152001,serious,600,18,766139
serious.tar,serious_20250426_151749_600rpm_20250426_152002,serious,600,18,783195
serious.tar,serious_20250426_151749_600rpm_20250426_152003,serious,600,18,762842
serious.tar,serious_20250426_151749_600rpm_20250426_152004,serious,600,18,761752
serious.tar,serious_20250426_151749_600rpm_20250426_152005,serious,600,18,762278
serious.tar,serious_20250426_151749_600rpm_20250426_152006,serious,600,18,763307
serious.tar,serious_20250426_151749_600rpm_20250426_152007,serious,600,18,770766
serious.tar,serious_20250426_151749_600rpm_20250426_152008,serious,600,18,766569
serious.tar,serious_20250426_151749_600rpm_20250426_152009,serious,600,18,758819
serious.tar,serious_20250426_151749_600rpm_20250426_152010,serious,600,18,759173
serious.tar,serious_20250426_151749_600rpm_20250426_152011,serious,600,18,761876
serious.tar,serious_20250426_151749_600rpm_20250426_152012,serious,600,18,762245
serious.tar,serious_20250426_151749_600rpm_20250426_152013,serious,600,18,765060
serious.tar,serious_20250426_151749_600rpm_20250426_152014,serious,600,18,763509
serious.tar,serious_20250426_151749_600rpm_20250426_152015,serious,600,18,759965
serious.tar,serious_20250426_151749_600rpm_20250426_152016,serious,600,18,762297
serious.tar,serious_20250426_151749_600rpm_20250426_152017,serious,600,18,762355
serious.tar,serious_20250426_151749_600rpm_20250426_152018,serious,600,18,761438
serious.tar,serious_20250426_151749_600rpm_20250426_152019,serious,600,18,760484
serious.tar,serious_20250426_151749_600rpm_20250426_152020,serious,600,18,758545
serious.tar,serious_20250426_151749_600rpm_20250426_152021,serious,600,18,764967
serious.tar,serious_20250426_151749_600rpm_20250426_152022,serious,600,18,765885
serious.tar,serious_20250426_151749_600rpm_20250426_152023,serious,600,18,758704
serious.tar,serious_20250426_151749_600rpm_20250426_152024,serious,600,18,763840
serious.tar,serious_20250426_151749_600rpm_20250426_152025,serious,600,18,761474
serious.tar,serious_20250426_151749_600rpm_20250426_152026,serious,600,18,761487
serious.tar,serious_20250426_151749_600rpm_20250426_152027,serious,600,18,758108
serious.tar,serious_20250426_151749_600rpm_20250426_152028,serious,600,18,758166
serious.tar,serious_20250426_151749_600rpm_20250426_152029,serious,600,18,763631
serious.tar,serious_20250426_151749_600rpm_20250426_152030,serious,600,18,763029
serious.tar,serious_20250426_151749_600rpm_20250426_152031,serious,600,18,760423
serious.tar,serious_20250426_151749_600rpm_20250426_152032,serious,600,18,756322
serious.tar,serious_20250426_151749_600rpm_20250426_152033,serious,600,18,756754
serious.tar,serious_20250426_151749_600rpm_20250426_152034,serious,600,18,757034
serious.tar,serious_20250426_151749_600rpm_20250426_152035,serious,600,18,760542
serious.tar,serious_20250426_151749_600rpm_20250426_152036,serious,600,18,758733
serious.tar,serious_20250426_151749_600rpm_20250426_152037,serious,600,18,761406
serious.tar,serious_20250426_151749_600rpm_20250426_152038,serious,600,18,762502
serious.tar,serious_20250426_151749_600rpm_20250426_152039,serious,600,18,760753
serious.tar,serious_20250426_151749_600rpm_20250426_152040,serious,600,18,759413
serious.tar,serious_20250426_151749_600rpm_20250426_152041,serious,600,18,758128
serious.tar,serious_20250426_151749_600rpm_20250426_152042,serious,600,18,757654
serious.tar,serious_20250426_151749_600rpm_20250426_152043,serious,600,18,758163
serious.tar,serious_20250426_151749_600rpm_20250426_152044,serious,600,18,759107
serious.tar,serious_20250426_151749_600rpm_20250426_152045,serious,600,18,760153
serious.tar,serious_20250426_151749_600rpm_20250426_152046,serious,600,18,757737
serious.tar,serious_20250426_151749_600rpm_20250426_152047,serious,600,18,754317
serious.tar,serious_20250426_151749_600rpm_20250426_152048,serious,600,18,755756
serious.tar,serious_20250426_151749_600rpm_20250426_152049,serious,600,18,756533
serious.tar,serious_20250426_151749_600rpm_20250426_152050,serious,600,18,757420
serious.tar,serious_20250426_151749_600rpm_20250426_152051,serious,600,18,761043
serious.tar,serious_20250426_151749_600rpm_20250426_152052,serious,600,18,756239
serious.tar,serious_20250426_151749_600rpm_20250426_152053,serious,600,18,758291
serious.tar,serious_20250426_151749_600rpm_20250426_152054,serious,600,18,759590
serious.tar,serious_20250426_151749_600rpm_20250426_152055,serious,600,18,759919
serious.tar,serious_20250426_151749_600rpm_20250426_152056,serious,600,18,759514
serious.tar,serious_20250426_151749_600rpm_20250426_152057,serious,600,18,754919
serious.tar,serious_20250426_151749_600rpm_20250426_152058,serious,600,18,755467
serious.tar,serious_20250426_151749_600rpm_20250426_152059,serious,600,18,759294
serious.tar,serious_20250426_151749_600rpm_20250426_152100,serious,600,18,757945
serious.tar,serious_20250426_151749_600rpm_20250426_152101,serious,600,18,759919
serious.tar,serious_20250426_151749_600rpm_20250426_152102,serious,600,18,758629
serious.tar,serious_20250426_151749_600rpm_20250426_152103,serious,600,18,760824
serious.tar,serious_20250426_151749_600rpm_20250426_152104,serious,600,18,759729
serious.tar,serious_20250426_151749_600rpm_20250426_152105,serious,600,18,761805
serious.tar,serious_20250426_151749_600rpm_20250426_152106,serious,600,18,758026
serious.tar,serious_20250426_151749_600rpm_20250426_152107,serious,600,18,759598
serious.tar,serious_20250426_151749_600rpm_20250426_152108,serious,600,18,760751
serious.tar,serious_20250426_151749_600rpm_20250426_152109,serious,600,18,760113
serious.tar,serious_20250426_151749_600rpm_20250426_152110,serious,600,18,758178
serious.tar,serious_20250426_151749_600rpm_20250426_152111,serious,600,18,760430
serious.tar,serious_20250426_151749_600rpm_20250426_152112,serious,600,18,759330
serious.tar,serious_20250426_151749_600rpm_20250426_152113,serious,600,18,753733
serious.tar,serious_20250426_151749_600rpm_20250426_152114,serious,600,18,755534
serious.tar,serious_20250426_151749_600rpm_20250426_152115,serious,600,18,762761
serious.tar,serious_20250426_151749_600rpm_20250426_152116,serious,600,18,761006
serious.tar,serious_20250426_151749_600rpm_20250426_152117,serious,600,18,758456
serious.tar,serious_20250426_151749_600rpm_20250426_152118,serious,600,18,762240
serious.tar,serious_20250426_151749_600rpm_20250426_152119,serious,600,18,761984
serious.tar,serious_20250426_151749_600rpm_20250426_152120,serious,600,18,761994
serious.tar,serious_20250426_151749_600rpm_20250426_152121,serious,600,18,755960
serious.tar,serious_20250426_151749_600rpm_20250426_152122,serious,600,18,755403
serious.tar,serious_20250426_151749_600rpm_20250426_152123,serious,600,18,750878
serious.tar,serious_20250426_151749_600rpm_20250426_152124,serious,600,18,749574
serious.tar,serious_20250426_151749_600rpm_20250426_152125,serious,600,18,749592
serious.tar,serious_20250426_151749_600rpm_20250426_152126,serious,600,18,752596
serious.tar,serious_20250426_151749_600rpm_20250426_152127,serious,600,18,754885
serious.tar,serious_20250426_151749_600rpm_20250426_152128,serious,600,18,752618
serious.tar,serious_20250426_151749_600rpm_20250426_152129,serious,600,18,751602
serious.tar,serious_20250426_151749_600rpm_20250426_152130,serious,600,18,748330
serious.tar,serious_20250426_151749_600rpm_20250426_152131,serious,600,18,760014
serious.tar,serious_20250426_151749_600rpm_20250426_152132,serious,600,18,761718
serious.tar,serious_20250426_151749_600rpm_20250426_152133,serious,600,18,750330
serious.tar,serious_20250426_151749_600rpm_20250426_152134,serious,600,18,746203
serious.tar,serious_20250426_151749_600rpm_20250426_152135,serious,600,18,753974
serious.tar,serious_20250426_151749_600rpm_20250426_152136,serious,600,18,752627
serious.tar,serious_20250426_151749_600rpm_20250426_152137,serious,600,18,749098
serious.tar,serious_20250426_151749_600rpm_20250426_152138,serious,600,18,750980
serious.tar,serious_20250426_151749_600rpm_20250426_152139,serious,600,18,747635
serious.tar,serious_20250426_152148_800rpm_20250426_152150,serious,800,18,777984
serious.tar,serious_20250426_152148_800rpm_20250426_152151,serious,800,18,755429
serious.tar,serious_20250426_152148_800rpm_20250426_152152,serious,800,18,748774
serious.tar,serious_20250426_152148_800rpm_20250426_152153,serious,800,18,744790
serious.tar,serious_20250426_152148_800rpm_20250426_152154,serious,800,18,741895
serious.tar,serious_20250426_152148_800rpm_20250426_152155,serious,800,18,748724
serious.tar,serious_20250426_152148_800rpm_20250426_152156,serious,800,18,746375
serious.tar,serious_20250426_152148_800rpm_20250426_152157,serious,800,18,747850
serious.tar,serious_20250426_152148_800rpm_20250426_152158,serious,800,18,743202
serious.tar,serious_20250426_152148_800rpm_20250426_152159,serious,800,18,750531
serious.tar,serious_20250426_152148_800rpm_20250426_152200,serious,800,18,753270
serious.tar,serious_20250426_152148_800rpm_20250426_152201,serious,800,18,744810
serious.tar,serious_20250426_152148_800rpm_20250426_152202,serious,800,18,738617
serious.tar,serious_20250426_152148_800rpm_20250426_152203,serious,800,18,742971
serious.tar,serious_20250426_152148_800rpm_20250426_152204,serious,800,18,741680
serious.tar,serious_20250426_152148_800rpm_20250426_152205,serious,800,18,745358
serious.tar,serious_20250426_152148_800rpm_20250426_152206,serious,800,18,747017
serious.tar,serious_20250426_152148_800rpm_20250426_152207,serious,800,18,748845
serious.tar,serious_20250426_152148_800rpm_20250426_152208,serious,800,18,747461
serious.tar,serious_20250426_152148_800rpm_20250426_152209,serious,800,18,746439
serious.tar,serious_20250426_152148_800rpm_20250426_152210,serious,800,18,747708
serious.tar,serious_20250426_152148_800rpm_20250426_152211,serious,800,18,751434
serious.tar,serious_20250426_152148_800rpm_20250426_152212,serious,800,18,748341
serious.tar,serious_20250426_152148_800rpm_20250426_152213,serious,800,18,750991
serious.tar,serious_20250426_152148_800rpm_20250426_152214,serious,800,18,763788
serious.tar,serious_20250426_152148_800rpm_20250426_152215,serious,800,18,760164
serious.tar,serious_20250426_152148_800rpm_20250426_152216,serious,800,18,758367
serious.tar,serious_20250426_152148_800rpm_20250426_152217,serious,800,18,753737
serious.tar,serious_20250426_152148_800rpm_20250426_152218,serious,800,18,756197
serious.tar,serious_20250426_152148_800rpm_20250426_152219,serious,800,18,753754
serious.tar,serious_20250426_152148_800rpm_20250426_152220,serious,800,18,751834
serious.tar,serious_20250426_152148_800rpm_20250426_152221,serious,800,18,756090
serious.tar,serious_20250426_152148_800rpm_20250426_152222,serious,800,18,752916
serious.tar,serious_20250426_152148_800rpm_20250426_152223,serious,800,18,758233
serious.tar,serious_20250426_152148_800rpm_20250426_152224,serious,800,18,813606
serious.tar,serious_20250426_152148_800rpm_20250426_152225,serious,800,18,767953
serious.tar,serious_20250426_152148_800rpm_20250426_152226,serious,800,18,755394
serious.tar,serious_20250426_152148_800rpm_20250426_152227,serious,800,18,760195
serious.tar,serious_20250426_152148_800rpm_20250426_152228,serious,800,18,755587
serious.tar,serious_20250426_152148_800rpm_20250426_152229,serious,800,18,758414
serious.tar,serious_20250426_152148_800rpm_20250426_152230,serious,800,18,761172
serious.tar,serious_20250426_152148_800rpm_20250426_152231,serious,800,18,752921
serious.tar,serious_20250426_152148_800rpm_20250426_152232,serious,800,18,749476
serious.tar,serious_20250426_152148_800rpm_20250426_152233,serious,800,18,755792
serious.tar,serious_20250426_152148_800rpm_20250426_152234,serious,800,18,752344
serious.tar,serious_20250426_152148_800rpm_20250426_152235,serious,800,18,758822
serious.tar,serious_20250426_152148_800rpm_20250426_152236,serious,800,18,760426
serious.tar,serious_20250426_152148_800rpm_20250426_152237,serious,800,18,765156
serious.tar,serious_20250426_152148_800rpm_20250426_152238,serious,800,18,778016
serious.tar,serious_20250426_152148_800rpm_20250426_152239,serious,800,18,764501
serious.tar,serious_20250426_152148_800rpm_20250426_152240,serious,800,18,755016
serious.tar,serious_20250426_152148_800rpm_20250426_152241,serious,800,18,759926
serious.tar,serious_20250426_152148_800rpm_20250426_152242,serious,800,18,762716
serious.tar,serious_20250426_152148_800rpm_20250426_152243,serious,800,18,762906
serious.tar,serious_20250426_152148_800rpm_20250426_152244,serious,800,18,759461
serious.tar,serious_20250426_152148_800rpm_20250426_152245,serious,800,18,759055
serious.tar,serious_20250426_152148_800rpm_20250426_152246,serious,800,18,755427
serious.tar,serious_20250426_152148_800rpm_20250426_152247,serious,800,18,757657
serious.tar,serious_20250426_152148_800rpm_20250426_152248,serious,800,18,766993
serious.tar,serious_20250426_152148_800rpm_20250426_152249,serious,800,18,759941
serious.tar,serious_20250426_152148_800rpm_20250426_152250,serious,800,18,760663
serious.tar,serious_20250426_152148_800rpm_20250426_152251,serious,800,18,759138
serious.tar,serious_20250426_152148_800rpm_20250426_152252,serious,800,18,754585
serious.tar,serious_20250426_152148_800rpm_20250426_152253,serious,800,18,756875
serious.tar,serious_20250426_152148_800rpm_20250426_152254,serious,800,18,755299
serious.tar,serious_20250426_152148_800rpm_20250426_152255,serious,800,18,750679
serious.tar,serious_20250426_152148_800rpm_20250426_152256,serious,800,18,753189
serious.tar,serious_20250426_152148_800rpm_20250426_152257,serious,800,18,750669
serious.tar,serious_20250426_152148_800rpm_20250426_152258,serious,800,18,749183
serious.tar,serious_20250426_152148_800rpm_20250426_152259,serious,800,18,750835
serious.tar,serious_20250426_152148_800rpm_20250426_152300,serious,800,18,750649
serious.tar,serious_20250426_152148_800rpm_20250426_152301,serious,800,18,750484
serious.tar,serious_20250426_152148_800rpm_20250426_152302,serious,800,18,748587
serious.tar,serious_20250426_152148_800rpm_20250426_152303,serious,800,18,751782
serious.tar,serious_20250426_152148_800rpm_20250426_152304,serious,800,18,751476
serious.tar,serious_20250426_152148_800rpm_20250426_152305,serious,800,18,755326
serious.tar,serious_20250426_152148_800rpm_20250426_152306,serious,800,18,750585
serious.tar,serious_20250426_152148_800rpm_20250426_152307,serious,800,18,752855
serious.tar,serious_20250426_152148_800rpm_20250426_152308,serious,800,18,752821
serious.tar,serious_20250426_152148_800rpm_20250426_152309,serious,800,18,755288
serious.tar,serious_20250426_152148_800rpm_20250426_152310,serious,800,18,754399
serious.tar,serious_20250426_152148_800rpm_20250426_152311,serious,800,18,752588
serious.tar,serious_20250426_152148_800rpm_20250426_152312,serious,800,18,755431
serious.tar,serious_20250426_152148_800rpm_20250426_152313,serious,800,18,757434
serious.tar,serious_20250426_152148_800rpm_20250426_152314,serious,800,18,750594
serious.tar,serious_20250426_152148_800rpm_20250426_152315,serious,800,18,747619
serious.tar,serious_20250426_152148_800rpm_20250426_152316,serious,800,18,743832
serious.tar,serious_20250426_152148_800rpm_20250426_152317,serious,800,18,747867
serious.tar,serious_20250426_152148_800rpm_20250426_152318,serious,800,18,745209
serious.tar,serious_20250426_152148_800rpm_20250426_152319,serious,800,18,754373
serious.tar,serious_20250426_152148_800rpm_20250426_152320,serious,800,18,754839
serious.tar,serious_20250426_152148_800rpm_20250426_152321,serious,800,18,756881
serious.tar,serious_20250426_152148_800rpm_20250426_152322,serious,800,18,756819
serious.tar,serious_20250426_152148_800rpm_20250426_152323,serious,800,18,753892
serious.tar,serious_20250426_152148_800rpm_20250426_152324,serious,800,18,751247
serious.tar,serious_20250426_152148_800rpm_20250426_152325,serious,800,18,749363
serious.tar,serious_20250426_152148_800rpm_20250426_152326,serious,800,18,746480
serious.tar,serious_20250426_152148_800rpm_20250426_152327,serious,800,18,750567
serious.tar,serious_20250426_152148_800rpm_20250426_152328,serious,800,18,745324
serious.tar,serious_20250426_152148_800rpm_20250426_152329,serious,800,18,750999
serious.tar,serious_20250426_152148_800rpm_20250426_152330,serious,800,18,755759
serious.tar,serious_20250426_152148_800rpm_20250426_152331,serious,800,18,757549
serious.tar,serious_20250426_152148_800rpm_20250426_152332,serious,800,18,757937
serious.tar,serious_20250426_152148_800rpm_20250426_152333,serious,800,18,756003
serious.tar,serious_20250426_152148_800rpm_20250426_152334,serious,800,18,753625
serious.tar,serious_20250426_152148_800rpm_20250426_152335,serious,800,18,751124
serious.tar,serious_20250426_152148_800rpm_20250426_152336,serious,800,18,749064
serious.tar,serious_20250426_152148_800rpm_20250426_152337,serious,800,18,747451
serious.tar,serious_20250426_152148_800rpm_20250426_152338,serious,800,18,747652
serious.tar,serious_20250426_152148_800rpm_20250426_152339,serious,800,18,753549
serious.tar,serious_20250426_152148_800rpm_20250426_152340,serious,800,18,753599
serious.tar,serious_20250426_152148_800rpm_20250426_152341,serious,800,18,755688
serious.tar,serious_20250426_152148_800rpm_20250426_152342,serious,800,18,752810
serious.tar,serious_20250426_152148_800rpm_20250426_152343,serious,800,18,752464
serious.tar,serious_20250426_152148_800rpm_20250426_152344,serious,800,18,756804
serious.tar,serious_20250426_152148_800rpm_20250426_152345,serious,800,18,752971
serious.tar,serious_20250426_152148_800rpm_20250426_152346,serious,800,18,750049
serious.tar,serious_20250426_152148_800rpm_20250426_152347,serious,800,18,751780
serious.tar,serious_20250426_152148_800rpm_20250426_152348,serious,800,18,747272
serious.tar,serious_20250426_152148_800rpm_20250426_152349,serious,800,18,754322
serious.tar,serious_20250426_152148_800rpm_20250426_152350,serious,800,18,758095
serious.tar,serious_20250426_152148_800rpm_20250426_152351,serious,800,18,753012
serious.tar,serious_20250426_152148_800rpm_20250426_152352,serious,800,18,747169
serious.tar,serious_20250426_152148_800rpm_20250426_152353,serious,800,18,753600
serious.tar,serious_20250426_152148_800rpm_20250426_152354,serious,800,18,754462
serious.tar,serious_20250426_152148_800rpm_20250426_152355,serious,800,18,755363
serious.tar,serious_20250426_152148_800rpm_20250426_152356,serious,800,18,757153
serious.tar,serious_20250426_152148_800rpm_20250426_152357,serious,800,18,758511
serious.tar,serious_20250426_152148_800rpm_20250426_152358,serious,800,18,755289
serious.tar,serious_20250426_152148_800rpm_20250426_152359,serious,800,18,752181
serious.tar,serious_20250426_152148_800rpm_20250426_152400,serious,800,18,751327
serious.tar,serious_20250426_152148_800rpm_20250426_152401,serious,800,18,749213
serious.tar,serious_20250426_152148_800rpm_20250426_152402,serious,800,18,749449
serious.tar,serious_20250426_152148_800rpm_20250426_152403,serious,800,18,749802
serious.tar,serious_20250426_152148_800rpm_20250426_152404,serious,800,18,749383
serious.tar,serious_20250426_152148_800rpm_20250426_152405,serious,800,18,750007
serious.tar,serious_20250426_152148_800rpm_20250426_152406,serious,800,18,751566
serious.tar,serious_20250426_152148_800rpm_20250426_152407,serious,800,18,752391
serious.tar,serious_20250426_152148_800rpm_20250426_152408,serious,800,18,758523
serious.tar,serious_20250426_152148_800rpm_20250426_152409,serious,800,18,754008
serious.tar,serious_20250426_152148_800rpm_20250426_152410,serious,800,18,753020
serious.tar,serious_20250426_152148_800rpm_20250426_152411,serious,800,18,754198
serious.tar,serious_20250426_152148_800rpm_20250426_152412,serious,800,18,752073
serious.tar,serious_20250426_152148_800rpm_20250426_152413,serious,800,18,751538
serious.tar,serious_20250426_152148_800rpm_20250426_152414,serious,800,18,748564
serious.tar,serious_20250426_152148_800rpm_20250426_152415,serious,800,18,752406
serious.tar,serious_20250426_152148_800rpm_20250426_152416,serious,800,18,751053
serious.tar,serious_20250426_152148_800rpm_20250426_152417,serious,800,18,750310
serious.tar,serious_20250426_152148_800rpm_20250426_152418,serious,800,18,752377
serious.tar,serious_20250426_152148_800rpm_20250426_152419,serious,800,18,755239
serious.tar,serious_20250426_152148_800rpm_20250426_152420,serious,800,18,750770
serious.tar,serious_20250426_152148_800rpm_20250426_152421,serious,800,18,754908
serious.tar,serious_20250426_152148_800rpm_20250426_152422,serious,800,18,749369
serious.tar,serious_20250426_152148_800rpm_20250426_152423,serious,800,18,754087
serious.tar,serious_20250426_152148_800rpm_20250426_152424,serious,800,18,753548
serious.tar,serious_20250426_152148_800rpm_20250426_152425,serious,800,18,752832
serious.tar,serious_20250426_152148_800rpm_20250426_152426,serious,800,18,750219
serious.tar,serious_20250426_152148_800rpm_20250426_152427,serious,800,18,753796
serious.tar,serious_20250426_152148_800rpm_20250426_152428,serious,800,18,749521
serious.tar,serious_20250426_152148_800rpm_20250426_152429,serious,800,18,755361
serious.tar,serious_20250426_152148_800rpm_20250426_152430,serious,800,18,757956
serious.tar,serious_20250426_152148_800rpm_20250426_152431,serious,800,18,754038
serious.tar,serious_20250426_152148_800rpm_20250426_152432,serious,800,18,753897
serious.tar,serious_20250426_152148_800rpm_20250426_152433,serious,800,18,754448
serious.tar,serious_20250426_152148_800rpm_20250426_152434,serious,800,18,755994
serious.tar,serious_20250426_152148_800rpm_20250426_152435,serious,800,18,748961
serious.tar,serious_20250426_152148_800rpm_20250426_152436,serious,800,18,752524
serious.tar,serious_20250426_152148_800rpm_20250426_152437,serious,800,18,755558
serious.tar,serious_20250426_152148_800rpm_20250426_152438,serious,800,18,754755
serious.tar,serious_20250426_152148_800rpm_20250426_152439,serious,800,18,749453
serious.tar,serious_20250426_152148_800rpm_20250426_152440,serious,800,18,747267
serious.tar,serious_20250426_152148_800rpm_20250426_152441,serious,800,18,748022
serious.tar,serious_20250426_152148_800rpm_20250426_152442,serious,800,18,751511
serious.tar,serious_20250426_152148_800rpm_20250426_152443,serious,800,18,754085
serious.tar,serious_20250426_152148_800rpm_20250426_152444,serious,800,18,751715
serious.tar,serious_20250426_152148_800rpm_20250426_152445,serious,800,18,756211
serious.tar,serious_20250426_152148_800rpm_20250426_152446,serious,800,18,753284
serious.tar,serious_20250426_152148_800rpm_20250426_152447,serious,800,18,751583
serious.tar,serious_20250426_152148_800rpm_20250426_152448,serious,800,18,752889
serious.tar,serious_20250426_152148_800rpm_20250426_152449,serious,800,18,757291
serious.tar,serious_20250426_152148_800rpm_20250426_152450,serious,800,18,751685
serious.tar,serious_20250426_152148_800rpm_20250426_152451,serious,800,18,753370
serious.tar,serious_20250426_152148_800rpm_20250426_152452,serious,800,18,750077
serious.tar,serious_20250426_152148_800rpm_20250426_152453,serious,800,18,754366
serious.tar,serious_20250426_152148_800rpm_20250426_152454,serious,800,18,753489
serious.tar,serious_20250426_152148_800rpm_20250426_152455,serious,800,18,754663
serious.tar,serious_20250426_152148_800rpm_20250426_152456,serious,800,18,752999
serious.tar,serious_20250426_152148_800rpm_20250426_152457,serious,800,18,754972
serious.tar,serious_20250426_152148_800rpm_20250426_152458,serious,800,18,753944
serious.tar,serious_20250426_152148_800rpm_20250426_152459,serious,800,18,754118
serious.tar,serious_20250426_152148_800rpm_20250426_152500,serious,800,18,754502
serious.tar,serious_20250426_152148_800rpm_20250426_152501,serious,800,18,753199
serious.tar,serious_20250426_152148_800rpm_20250426_152502,serious,800,18,756150
serious.tar,serious_20250426_152148_800rpm_20250426_152503,serious,800,18,752944
serious.tar,serious_20250426_152148_800rpm_20250426_152504,serious,800,18,750439
serious.tar,serious_20250426_152148_800rpm_20250426_152505,serious,800,18,748758
serious.tar,serious_20250426_152148_800rpm_20250426_152506,serious,800,18,744463
serious.tar,serious_20250426_152148_800rpm_20250426_152507,serious,800,18,750781
serious.tar,serious_20250426_152148_800rpm_20250426_152508,serious,800,18,750527
serious.tar,serious_20250426_152148_800rpm_20250426_152509,serious,800,18,755567
serious.tar,serious_20250426_152148_800rpm_20250426_152510,serious,800,18,753929
serious.tar,serious_20250426_152148_800rpm_20250426_152511,serious,800,18,754281
serious.tar,serious_20250426_152148_800rpm_20250426_152512,serious,800,18,751298
serious.tar,serious_20250426_152148_800rpm_20250426_152513,serious,800,18,761153
serious.tar,serious_20250426_152148_800rpm_20250426_152514,serious,800,18,757743
serious.tar,serious_20250426_152148_800rpm_20250426_152515,serious,800,18,749281
serious.tar,serious_20250426_152148_800rpm_20250426_152516,serious,800,18,747049
serious.tar,serious_20250426_152148_800rpm_20250426_152517,serious,800,18,751629
serious.tar,serious_20250426_152148_800rpm_20250426_152518,serious,800,18,751860
serious.tar,serious_20250426_152148_800rpm_20250426_152519,serious,800,18,752929
serious.tar,serious_20250426_152148_800rpm_20250426_152520,serious,800,18,750937
serious.tar,serious_20250426_152148_800rpm_20250426_152521,serious,800,18,753345
serious.tar,serious_20250426_152148_800rpm_20250426_152522,serious,800,18,751105
serious.tar,serious_20250426_152148_800rpm_20250426_152523,serious,800,18,755245
serious.tar,serious_20250426_152148_800rpm_20250426_152524,serious,800,18,752693
serious.tar,serious_20250426_152148_800rpm_20250426_152525,serious,800,18,756583
serious.tar,serious_20250426_152148_800rpm_20250426_152526,serious,800,18,751911
serious.tar,serious_20250426_152148_800rpm_20250426_152527,serious,800,18,752437
serious.tar,serious_20250426_152148_800rpm_20250426_152528,serious,800,18,750378
serious.tar,serious_20250426_152148_800rpm_20250426_152529,serious,800,18,749923
serious.tar,serious_20250426_152148_800rpm_20250426_152530,serious,800,18,748451
serious.tar,serious_20250426_152148_800rpm_20250426_152531,serious,800,18,751992
serious.tar,serious_20250426_152148_800rpm_20250426_152532,serious,800,18,749759
serious.tar,serious_20250426_152148_800rpm_20250426_152533,serious,800,18,752533
serious.tar,serious_20250426_152148_800rpm_20250426_152534,serious,800,18,756557
loss.tar,loss_20250426_190130_400rpm_20250426_190135,loss,400,18,958548
loss.tar,loss_20250426_190130_400rpm_20250426_190136,loss,400,18,983718
loss.tar,loss_20250426_190130_400rpm_20250426_190137,loss,400,18,929407
loss.tar,loss_20250426_190130_400rpm_20250426_190138,loss,400,18,990204
loss.tar,loss_20250426_190130_400rpm_20250426_190139,loss,400,18,910876
loss.tar,loss_20250426_190130_400rpm_20250426_190140,loss,400,18,990928
loss.tar,loss_20250426_190130_400rpm_20250426_190141,loss,400,18,934889
loss.tar,loss_20250426_190130_400rpm_20250426_190142,loss,400,18,986984
loss.tar,loss_20250426_190130_400rpm_20250426_190143,loss,400,18,926234
loss.tar,loss_20250426_190130_400rpm_20250426_190144,loss,400,18,994165
loss.tar,loss_20250426_190130_400rpm_20250426_190145,loss,400,18,936330
loss.tar,loss_20250426_190130_400rpm_20250426_190146,loss,400,18,989029
loss.tar,loss_20250426_190130_400rpm_20250426_190147,loss,400,18,936015
loss.tar,loss_20250426_190130_400rpm_20250426_190148,loss,400,18,991471
loss.tar,loss_20250426_190130_400rpm_20250426_190149,loss,400,18,935125
loss.tar,loss_20250426_190130_400rpm_20250426_190150,loss,400,18,990004
loss.tar,loss_20250426_190130_400rpm_20250426_190151,loss,400,18,934563
loss.tar,loss_20250426_190130_400rpm_20250426_190152,loss,400,18,994591
loss.tar,loss_20250426_190130_400rpm_20250426_190153,loss,400,18,935019
loss.tar,loss_20250426_190130_400rpm_20250426_190154,loss,400,18,988639
loss.tar,loss_20250426_190130_400rpm_20250426_190155,loss,400,18,931328
loss.tar,loss_20250426_190130_400rpm_20250426_190156,loss,400,18,990141
loss.tar,loss_20250426_190130_400rpm_20250426_190157,loss,400,18,930499
loss.tar,loss_20250426_190130_400rpm_20250426_190158,loss,400,18,983670
loss.tar,loss_20250426_190130_400rpm_20250426_190159,loss,400,18,931147
loss.tar,loss_20250426_190130_400rpm_20250426_190200,loss,400,18,988204
loss.tar,loss_20250426_190130_400rpm_20250426_190201,loss,400,18,928219
loss.tar,loss_20250426_190130_400rpm_20250426_190202,loss,400,18,993595
loss.tar,loss_20250426_190130_400rpm_20250426_190203,loss,400,18,935323
loss.tar,loss_20250426_190130_400rpm_20250426_190204,loss,400,18,988640
loss.tar,loss_20250426_190130_400rpm_20250426_190205,loss,400,18,934769
loss.tar,loss_20250426_190130_400rpm_20250426_190206,loss,400,18,998143
loss.tar,loss_20250426_190130_400rpm_20250426_190207,loss,400,18,932544
loss.tar,loss_20250426_190130_400rpm_20250426_190208,loss,400,18,988964
loss.tar,loss_20250426_190130_400rpm_20250426_190209,loss,400,18,934405
loss.tar,loss_20250426_190130_400rpm_20250426_190210,loss,400,18,995168
loss.tar,loss_20250426_190130_400rpm_20250426_190211,loss,400,18,932113
loss.tar,loss_20250426_190130_400rpm_20250426_190212,loss,400,18,995108
loss.tar,loss_20250426_190130_400rpm_20250426_190213,loss,400,18,932825
loss.tar,loss_20250426_190130_400rpm_20250426_190214,loss,400,18,997482
loss.tar,loss_20250426_190130_400rpm_20250426_190215,loss,400,18,922670
loss.tar,loss_20250426_190130_400rpm_20250426_190216,loss,400,18,996819
loss.tar,loss_20250426_190130_400rpm_20250426_190217,loss,400,18,927229
loss.tar,loss_20250426_190130_400rpm_20250426_190218,loss,400,18,998309
loss.tar,loss_20250426_190130_400rpm_20250426_190219,loss,400,18,926237
loss.tar,loss_20250426_190130_400rpm_20250426_190220,loss,400,18,997319
loss.tar,loss_20250426_190130_400rpm_20250426_190221,loss,400,18,933110
loss.tar,loss_20250426_190130_400rpm_20250426_190222,loss,400,18,995742
loss.tar,loss_20250426_190130_400rpm_20250426_190223,loss,400,18,919558
loss.tar,loss_20250426_190130_400rpm_20250426_190224,loss,400,18,985573
loss.tar,loss_20250426_190130_400rpm_20250426_190225,loss,400,18,923122
loss.tar,loss_20250426_190130_400rpm_20250426_190226,loss,400,18,992210
loss.tar,loss_20250426_190130_400rpm_20250426_190227,loss,400,18,930692
loss.tar,loss_20250426_190130_400rpm_20250426_190228,loss,400,18,987622
loss.tar,loss_20250426_190130_400rpm_20250426_190229,loss,400,18,923498
loss.tar,loss_20250426_190130_400rpm_20250426_190230,loss,400,18,986489
loss.tar,loss_20250426_190130_400rpm_20250426_190231,loss,400,18,924168
loss.tar,loss_20250426_190130_400rpm_20250426_190232,loss,400,18,994504
loss.tar,loss_20250426_190130_400rpm_20250426_190233,loss,400,18,928819
loss.tar,loss_20250426_190130_400rpm_20250426_190234,loss,400,18,994853
loss.tar,loss_20250426_190130_400rpm_20250426_190235,loss,400,18,930892
loss.tar,loss_20250426_190130_400rpm_20250426_190236,loss,400,18,999929
loss.tar,loss_20250426_190130_400rpm_20250426_190237,loss,400,18,929130
loss.tar,loss_20250426_190130_400rpm_20250426_190239,loss,400,18,956842
loss.tar,loss_20250426_190130_400rpm_20250426_190240,loss,400,18,1001799
loss.tar,loss_20250426_190130_400rpm_20250426_190241,loss,400,18,923348
loss.tar,loss_20250426_190130_400rpm_20250426_190242,loss,400,18,1003150
loss.tar,loss_20250426_190130_400rpm_20250426_190243,loss,400,18,925591
loss.tar,loss_20250426_190130_400rpm_20250426_190244,loss,400,18,996835
loss.tar,loss_20250426_190130_400rpm_20250426_190245,loss,400,18,920325
loss.tar,loss_20250426_190130_400rpm_20250426_190246,loss,400,18,999417
loss.tar,loss_20250426_190130_400rpm_20250426_190247,loss,400,18,925502
loss.tar,loss_20250426_190130_400rpm_20250426_190248,loss,400,18,999232
loss.tar,loss_20250426_190130_400rpm_20250426_190249,loss,400,18,922339
loss.tar,loss_20250426_190130_400rpm_20250426_190250,loss,400,18,992384
loss.tar,loss_20250426_190130_400rpm_20250426_190251,loss,400,18,922371
loss.tar,loss_20250426_190130_400rpm_20250426_190252,loss,400,18,1001222
loss.tar,loss_20250426_190130_400rpm_20250426_190253,loss,400,18,928328
loss.tar,loss_20250426_190130_400rpm_20250426_190254,loss,400,18,1000287
loss.tar,loss_20250426_190130_400rpm_20250426_190255,loss,400,18,924610
loss.tar,loss_20250426_190130_400rpm_20250426_190256,loss,400,18,995866
loss.tar,loss_20250426_190130_400rpm_20250426_190257,loss,400,18,913448
loss.tar,loss_20250426_190130_400rpm_20250426_190258,loss,400,18,988437
loss.tar,loss_20250426_190130_400rpm_20250426_190259,loss,400,18,935330
loss.tar,loss_20250426_190130_400rpm_20250426_190300,loss,400,18,999510
loss.tar,loss_20250426_190130_400rpm_20250426_190301,loss,400,18,921160
loss.tar,loss_20250426_190130_400rpm_20250426_190302,loss,400,18,997207
loss.tar,loss_20250426_190130_400rpm_20250426_190303,loss,400,18,921120
loss.tar,loss_20250426_190130_400rpm_20250426_190304,loss,400,18,995264
loss.tar,loss_20250426_190130_400rpm_20250426_190305,loss,400,18,929183
loss.tar,loss_20250426_190130_400rpm_20250426_190306,loss,400,18,991426
loss.tar,loss_20250426_190130_400rpm_20250426_190307,loss,400,18,923254
loss.tar,loss_20250426_190130_400rpm_20250426_190308,loss,400,18,1001284
loss.tar,loss_20250426_190130_400rpm_20250426_190309,loss,400,18,923474
loss.tar,loss_20250426_190130_400rpm_20250426_190310,loss,400,18,993740
loss.tar,loss_20250426_190130_400rpm_20250426_190311,loss,400,18,925849
loss.tar,loss_20250426_190130_400rpm_20250426_190312,loss,400,18,998114
loss.tar,loss_20250426_190130_400rpm_20250426_190313,loss,400,18,929000
loss.tar,loss_20250426_190130_400rpm_20250426_190314,loss,400,18,999304
loss.tar,loss_20250426_190130_400rpm_20250426_190315,loss,400,18,925057
loss.tar,loss_20250426_190130_400rpm_20250426_190316,loss,400,18,1001557
loss.tar,loss_20250426_190130_400rpm_20250426_190317,loss,400,18,922489
loss.tar,loss_20250426_190130_400rpm_20250426_190318,loss,400,18,999541
loss.tar,loss_20250426_190130_400rpm_20250426_190319,loss,400,18,926556
loss.tar,loss_20250426_190130_400rpm_20250426_190320,loss,400,18,995894
loss.tar,loss_20250426_190130_400rpm_20250426_190321,loss,400,18,924628
loss.tar,loss_20250426_190130_400rpm_20250426_190322,loss,400,18,1000836
loss.tar,loss_20250426_190130_400rpm_20250426_190323,loss,400,18,929971
loss.tar,loss_20250426_190130_400rpm_20250426_190324,loss,400,18,994031
loss.tar,loss_20250426_190130_400rpm_20250426_190325,loss,400,18,919209
loss.tar,loss_20250426_190130_400rpm_20250426_190326,loss,400,18,994422
loss.tar,loss_20250426_190130_400rpm_20250426_190327,loss,400,18,922534
loss.tar,loss_20250426_190130_400rpm_20250426_190328,loss,400,18,998299
loss.tar,loss_20250426_190130_400rpm_20250426_190329,loss,400,18,929309
loss.tar,loss_20250426_190130_400rpm_20250426_190330,loss,400,18,995536
loss.tar,loss_20250426_190130_400rpm_20250426_190331,loss,400,18,921370
loss.tar,loss_20250426_190130_400rpm_20250426_190332,loss,400,18,993328
loss.tar,loss_20250426_190130_400rpm_20250426_190333,loss,400,18,922790
loss.tar,loss_20250426_190130_400rpm_20250426_190334,loss,400,18,997231
loss.tar,loss_20250426_190130_400rpm_20250426_190335,loss,400,18,920818
loss.tar,loss_20250426_190130_400rpm_20250426_190336,loss,400,18,1000389
loss.tar,loss_20250426_190130_400rpm_20250426_190337,loss,400,18,928470
loss.tar,loss_20250426_190130_400rpm_20250426_190338,loss,400,18,994281
loss.tar,loss_20250426_190130_400rpm_20250426_190339,loss,400,18,924258
loss.tar,loss_20250426_190130_400rpm_20250426_190340,loss,400,18,994407
loss.tar,loss_20250426_190130_400rpm_20250426_190341,loss,400,18,929688
loss.tar,loss_20250426_190130_400rpm_20250426_190342,loss,400,18,1002971
loss.tar,loss_20250426_190130_400rpm_20250426_190343,loss,400,18,928208
loss.tar,loss_20250426_190130_400rpm_20250426_190344,loss,400,18,994783
loss.tar,loss_20250426_190130_400rpm_20250426_190345,loss,400,18,918629
loss.tar,loss_20250426_190130_400rpm_20250426_190346,loss,400,18,994038
loss.tar,loss_20250426_190130_400rpm_20250426_190347,loss,400,18,925589
loss.tar,loss_20250426_190130_400rpm_20250426_190348,loss,400,18,995698
loss.tar,loss_20250426_190130_400rpm_20250426_190349,loss,400,18,921320
loss.tar,loss_20250426_190130_400rpm_20250426_190350,loss,400,18,997509
loss.tar,loss_20250426_190130_400rpm_20250426_190351,loss,400,18,923725
loss.tar,loss_20250426_190130_400rpm_20250426_190352,loss,400,18,999095
loss.tar,loss_20250426_190130_400rpm_20250426_190353,loss,400,18,933210
loss.tar,loss_20250426_190130_400rpm_20250426_190354,loss,400,18,997810
loss.tar,loss_20250426_190130_400rpm_20250426_190355,loss,400,18,924752
loss.tar,loss_20250426_190130_400rpm_20250426_190356,loss,400,18,998630
loss.tar,loss_20250426_190130_400rpm_20250426_190357,loss,400,18,925319
loss.tar,loss_20250426_190130_400rpm_20250426_190358,loss,400,18,997165
loss.tar,loss_20250426_190130_400rpm_20250426_190359,loss,400,18,926553
loss.tar,loss_20250426_190130_400rpm_20250426_190400,loss,400,18,998462
loss.tar,loss_20250426_190130_400rpm_20250426_190401,loss,400,18,927621
loss.tar,loss_20250426_190130_400rpm_20250426_190402,loss,400,18,999189
loss.tar,loss_20250426_190130_400rpm_20250426_190403,loss,400,18,923242
loss.tar,loss_20250426_190130_400rpm_20250426_190404,loss,400,18,998622
loss.tar,loss_20250426_190130_400rpm_20250426_190405,loss,400,18,930027
loss.tar,loss_20250426_190130_400rpm_20250426_190406,loss,400,18,998755
loss.tar,loss_20250426_190130_400rpm_20250426_190407,loss,400,18,926373
loss.tar,loss_20250426_190130_400rpm_20250426_190408,loss,400,18,988185
loss.tar,loss_20250426_190130_400rpm_20250426_190409,loss,400,18,929028
loss.tar,loss_20250426_190130_400rpm_20250426_190410,loss,400,18,1001280
loss.tar,loss_20250426_190130_400rpm_20250426_190411,loss,400,18,929963
loss.tar,loss_20250426_190130_400rpm_20250426_190412,loss,400,18,999439
loss.tar,loss_20250426_190130_400rpm_20250426_190413,loss,400,18,923009
loss.tar,loss_20250426_190130_400rpm_20250426_190414,loss,400,18,994659
loss.tar,loss_20250426_190130_400rpm_20250426_190415,loss,400,18,919076
loss.tar,loss_20250426_190130_400rpm_20250426_190416,loss,400,18,997994
loss.tar,loss_20250426_190130_400rpm_20250426_190417,loss,400,18,924711
loss.tar,loss_20250426_190130_400rpm_20250426_190418,loss,400,18,1004611
loss.tar,loss_20250426_190130_400rpm_20250426_190419,loss,400,18,931149
loss.tar,loss_20250426_190130_400rpm_20250426_190420,loss,400,18,992055
loss.tar,loss_20250426_190130_400rpm_20250426_190421,loss,400,18,926754
loss.tar,loss_20250426_190130_400rpm_20250426_190422,loss,400,18,999357
loss.tar,loss_20250426_190130_400rpm_20250426_190423,loss,400,18,922269
loss.tar,loss_20250426_190130_400rpm_20250426_190424,loss,400,18,997913
loss.tar,loss_20250426_190130_400rpm_20250426_190425,loss,400,18,931032
loss.tar,loss_20250426_190130_400rpm_20250426_190426,loss,400,18,993899
loss.tar,loss_20250426_190130_400rpm_20250426_190427,loss,400,18,924788
loss.tar,loss_20250426_190130_400rpm_20250426_190428,loss,400,18,998121
loss.tar,loss_20250426_190130_400rpm_20250426_190429,loss,400,18,928410
loss.tar,loss_20250426_190130_400rpm_20250426_190430,loss,400,18,1000677
loss.tar,loss_20250426_190130_400rpm_20250426_190431,loss,400,18,928036
loss.tar,loss_20250426_190130_400rpm_20250426_190432,loss,400,18,991654
loss.tar,loss_20250426_190130_400rpm_20250426_190433,loss,400,18,925948
loss.tar,loss_20250426_190130_400rpm_20250426_190434,loss,400,18,994896
loss.tar,loss_20250426_190130_400rpm_20250426_190435,loss,400,18,925205
loss.tar,loss_20250426_190130_400rpm_20250426_190436,loss,400,18,996283
loss.tar,loss_20250426_190130_400rpm_20250426_190437,loss,400,18,926283
loss.tar,loss_20250426_190130_400rpm_20250426_190438,loss,400,18,1003212
loss.tar,loss_20250426_190130_400rpm_20250426_190439,loss,400,18,924084
loss.tar,loss_20250426_190130_400rpm_20250426_190440,loss,400,18,998780
loss.tar,loss_20250426_190130_400rpm_20250426_190441,loss,400,18,933893
loss.tar,loss_20250426_190130_400rpm_20250426_190442,loss,400,18,996983
loss.tar,loss_20250426_190130_400rpm_20250426_190443,loss,400,18,929500
loss.tar,loss_20250426_190130_400rpm_20250426_190444,loss,400,18,997654
loss.tar,loss_20250426_190130_400rpm_20250426_190445,loss,400,18,926088
loss.tar,loss_20250426_190130_400rpm_20250426_190446,loss,400,18,998235
loss.tar,loss_20250426_190130_400rpm_20250426_190447,loss,400,18,925856
loss.tar,loss_20250426_190130_400rpm_20250426_190448,loss,400,18,997774
loss.tar,loss_20250426_190130_400rpm_20250426_190449,loss,400,18,923720
loss.tar,loss_20250426_190130_400rpm_20250426_190450,loss,400,18,1001813
loss.tar,loss_20250426_190130_400rpm_20250426_190451,loss,400,18,928067
loss.tar,loss_20250426_190130_400rpm_20250426_190452,loss,400,18,996035
loss.tar,loss_20250426_190130_400rpm_20250426_190453,loss,400,18,911821
loss.tar,loss_20250426_190130_400rpm_20250426_190454,loss,400,18,997683
loss.tar,loss_20250426_190130_400rpm_20250426_190455,loss,400,18,919567
loss.tar,loss_20250426_190130_400rpm_20250426_190456,loss,400,18,996870
loss.tar,loss_20250426_190130_400rpm_20250426_190457,loss,400,18,932811
loss.tar,loss_20250426_190130_400rpm_20250426_190458,loss,400,18,1000131
loss.tar,loss_20250426_190130_400rpm_20250426_190459,loss,400,18,915447
loss.tar,loss_20250426_190130_400rpm_20250426_190500,loss,400,18,1001619
loss.tar,loss_20250426_190130_400rpm_20250426_190501,loss,400,18,927849
loss.tar,loss_20250426_190130_400rpm_20250426_190502,loss,400,18,998173
loss.tar,loss_20250426_190130_400rpm_20250426_190503,loss,400,18,928231
loss.tar,loss_20250426_190130_400rpm_20250426_190504,loss,400,18,994404
loss.tar,loss_20250426_190130_400rpm_20250426_190505,loss,400,18,921921
loss.tar,loss_20250426_190130_400rpm_20250426_190506,loss,400,18,997607
loss.tar,loss_20250426_190130_400rpm_20250426_190507,loss,400,18,927222
loss.tar,loss_20250426_190130_400rpm_20250426_190508,loss,400,18,993748
loss.tar,loss_20250426_190130_400rpm_20250426_190509,loss,400,18,920603
loss.tar,loss_20250426_190130_400rpm_20250426_190510,loss,400,18,991571
loss.tar,loss_20250426_190130_400rpm_20250426_190511,loss,400,18,921151
loss.tar,loss_20250426_190130_400rpm_20250426_190512,loss,400,18,998448
loss.tar,loss_20250426_190130_400rpm_20250426_190513,loss,400,18,928176
loss.tar,loss_20250426_190130_400rpm_20250426_190514,loss,400,18,996416
loss.tar,loss_20250426_190130_400rpm_20250426_190515,loss,400,18,914723
loss.tar,loss_20250426_190130_400rpm_20250426_190516,loss,400,18,1008073
loss.tar,loss_20250426_190130_400rpm_20250426_190517,loss,400,18,924814
loss.tar,loss_20250426_190130_400rpm_20250426_190518,loss,400,18,1000508
loss.tar,loss_20250426_190130_400rpm_20250426_190519,loss,400,18,921337
loss.tar,loss_20250426_190130_400rpm_20250426_190520,loss,400,18,1005522
loss.tar,loss_20250426_190130_400rpm_20250426_190521,loss,400,18,917051
loss.tar,loss_20250426_190130_400rpm_20250426_190522,loss,400,18,1002839
loss.tar,loss_20250426_190130_400rpm_20250426_190523,loss,400,18,929871
loss.tar,loss_20250426_190130_400rpm_20250426_190524,loss,400,18,1001383
loss.tar,loss_20250426_190130_400rpm_20250426_190525,loss,400,18,933161
loss.tar,loss_20250426_190130_400rpm_20250426_190526,loss,400,18,1003262
loss.tar,loss_20250426_190130_400rpm_20250426_190527,loss,400,18,933815
loss.tar,loss_20250426_190130_400rpm_20250426_190528,loss,400,18,996837
loss.tar,loss_20250426_190130_400rpm_20250426_190529,loss,400,18,920934
loss.tar,loss_20250426_190130_400rpm_20250426_190530,loss,400,18,1005184
loss.tar,loss_20250426_190130_400rpm_20250426_190531,loss,400,18,927968
loss.tar,loss_20250426_190130_400rpm_20250426_190532,loss,400,18,1003719
loss.tar,loss_20250426_190130_400rpm_20250426_190533,loss,400,18,926721
loss.tar,loss_20250426_190130_400rpm_20250426_190534,loss,400,18,997094
loss.tar,loss_20250426_190130_400rpm_20250426_190535,loss,400,18,915347
loss.tar,loss_20250426_190130_400rpm_20250426_190536,loss,400,18,1004416
loss.tar,loss_20250426_190130_400rpm_20250426_190537,loss,400,18,916611
loss.tar,loss_20250426_190130_400rpm_20250426_190538,loss,400,18,1002732
loss.tar,loss_20250426_190130_400rpm_20250426_190539,loss,400,18,913909
loss.tar,loss_20250426_190130_400rpm_20250426_190540,loss,400,18,1004093
loss.tar,loss_20250426_190130_400rpm_20250426_190541,loss,400,18,923211
loss.tar,loss_20250426_190130_400rpm_20250426_190542,loss,400,18,1003535
loss.tar,loss_20250426_190130_400rpm_20250426_190543,loss,400,18,919932
loss.tar,loss_20250426_190130_400rpm_20250426_190544,loss,400,18,1003977
loss.tar,loss_20250426_190130_400rpm_20250426_190545,loss,400,18,921362
loss.tar,loss_20250426_190130_400rpm_20250426_190546,loss,400,18,997107
loss.tar,loss_20250426_190130_400rpm_20250426_190547,loss,400,18,908757
loss.tar,loss_20250426_190130_400rpm_20250426_190548,loss,400,18,1003310
loss.tar,loss_20250426_190130_400rpm_20250426_190549,loss,400,18,923380
loss.tar,loss_20250426_190130_400rpm_20250426_190550,loss,400,18,1002017
loss.tar,loss_20250426_190130_400rpm_20250426_190551,loss,400,18,917386
loss.tar,loss_20250426_190130_400rpm_20250426_190552,loss,400,18,1003151
loss.tar,loss_20250426_190130_400rpm_20250426_190553,loss,400,18,916699
loss.tar,loss_20250426_190130_400rpm_20250426_190554,loss,400,18,999782
loss.tar,loss_20250426_190130_400rpm_20250426_190555,loss,400,18,911413
loss.tar,loss_20250426_190130_400rpm_20250426_190556,loss,400,18,1005210
loss.tar,loss_20250426_190130_400rpm_20250426_190557,loss,400,18,915447
loss.tar,loss_20250426_190130_400rpm_20250426_190558,loss,400,18,998871
loss.tar,loss_20250426_190130_400rpm_20250426_190559,loss,400,18,911390
loss.tar,loss_20250426_190130_400rpm_20250426_190600,loss,400,18,1008613
loss.tar,loss_20250426_190130_400rpm_20250426_190601,loss,400,18,916733
loss.tar,loss_20250426_190130_400rpm_20250426_190602,loss,400,18,1001853
loss.tar,loss_20250426_190130_400rpm_20250426_190603,loss,400,18,917310
loss.tar,loss_20250426_190130_400rpm_20250426_190604,loss,400,18,1001828
loss.tar,loss_20250426_190130_400rpm_20250426_190605,loss,400,18,915631
loss.tar,loss_20250426_190130_400rpm_20250426_190606,loss,400,18,1006301
loss.tar,loss_20250426_190130_400rpm_20250426_190607,loss,400,18,925766
loss.tar,loss_20250426_190130_400rpm_20250426_190608,loss,400,18,999527
loss.tar,loss_20250426_190130_400rpm_20250426_190609,loss,400,18,916175
loss.tar,loss_20250426_190130_400rpm_20250426_190610,loss,400,18,1005101
loss.tar,loss_20250426_190130_400rpm_20250426_190611,loss,400,18,921984
loss.tar,loss_20250426_190130_400rpm_20250426_190612,loss,400,18,1005139
loss.tar,loss_20250426_190130_400rpm_20250426_190613,loss,400,18,922286
loss.tar,loss_20250426_190130_400rpm_20250426_190614,loss,400,18,1010967
loss.tar,loss_20250426_190130_400rpm_20250426_190615,loss,400,18,921816
loss.tar,loss_20250426_190130_400rpm_20250426_190616,loss,400,18,1002659
loss.tar,loss_20250426_190130_400rpm_20250426_190617,loss,400,18,916818
loss.tar,loss_20250426_190130_400rpm_20250426_190618,loss,400,18,1005456
loss.tar,loss_20250426_190130_400rpm_20250426_190619,loss,400,18,919145
loss.tar,loss_20250426_190130_400rpm_20250426_190620,loss,400,18,1003246
loss.tar,loss_20250426_190632_600rpm_20250426_190635,loss,600,18,957425
loss.tar,loss_20250426_190632_600rpm_20250426_190636,loss,600,18,985487
loss.tar,loss_20250426_190632_600rpm_20250426_190637,loss,600,18,947070
loss.tar,loss_20250426_190632_600rpm_20250426_190638,loss,600,18,988358
loss.tar,loss_20250426_190632_600rpm_20250426_190639,loss,600,18,942966
loss.tar,loss_20250426_190632_600rpm_20250426_190640,loss,600,18,978739
loss.tar,loss_20250426_190632_600rpm_20250426_190641,loss,600,18,937976
loss.tar,loss_20250426_190632_600rpm_20250426_190642,loss,600,18,982152
loss.tar,loss_20250426_190632_600rpm_20250426_190643,loss,600,18,939824
loss.tar,loss_20250426_190632_600rpm_20250426_190644,loss,600,18,980850
loss.tar,loss_20250426_190632_600rpm_20250426_190645,loss,600,18,939218
loss.tar,loss_20250426_190632_600rpm_20250426_190646,loss,600,18,986009
loss.tar,loss_20250426_190632_600rpm_20250426_190647,loss,600,18,943291
loss.tar,loss_20250426_190632_600rpm_20250426_190648,loss,600,18,981064
loss.tar,loss_20250426_190632_600rpm_20250426_190649,loss,600,18,946030
loss.tar,loss_20250426_190632_600rpm_20250426_190650,loss,600,18,987336
loss.tar,loss_20250426_190632_600rpm_20250426_190651,loss,600,18,943777
loss.tar,loss_20250426_190632_600rpm_20250426_190652,loss,600,18,986669
loss.tar,loss_20250426_190632_600rpm_20250426_190653,loss,600,18,945808
loss.tar,loss_20250426_190632_600rpm_20250426_190654,loss,600,18,983180
loss.tar,loss_20250426_190632_600rpm_20250426_190655,loss,600,18,942670
loss.tar,loss_20250426_190632_600rpm_20250426_190656,loss,600,18,987561
loss.tar,loss_20250426_190632_600rpm_20250426_190657,loss,600,18,944172
loss.tar,loss_20250426_190632_600rpm_20250426_190658,loss,600,18,986632
loss.tar,loss_20250426_190632_600rpm_20250426_190659,loss,600,18,943888
loss.tar,loss_20250426_190632_600rpm_20250426_190700,loss,600,18,984271
loss.tar,loss_20250426_190632_600rpm_20250426_190701,loss,600,18,938605
loss.tar,loss_20250426_190632_600rpm_20250426_190702,loss,600,18,987529
loss.tar,loss_20250426_190632_600rpm_20250426_190703,loss,600,18,940465
loss.tar,loss_20250426_190632_600rpm_20250426_190704,loss,600,18,983506
loss.tar,loss_20250426_190632_600rpm_20250426_190705,loss,600,18,940361
loss.tar,loss_20250426_190632_600rpm_20250426_190706,loss,600,18,982581
loss.tar,loss_20250426_190632_600rpm_20250426_190707,loss,600,18,935938
loss.tar,loss_20250426_190632_600rpm_20250426_190708,loss,600,18,978277
loss.tar,loss_20250426_190632_600rpm_20250426_190709,loss,600,18,941314
loss.tar,loss_20250426_190632_600rpm_20250426_190710,loss,600,18,981134
loss.tar,loss_20250426_190632_600rpm_20250426_190711,loss,600,18,937201
loss.tar,loss_20250426_190632_600rpm_20250426_190712,loss,600,18,983094
loss.tar,loss_20250426_190632_600rpm_20250426_190713,loss,600,18,936363
loss.tar,loss_20250426_190632_600rpm_20250426_190714,loss,600,18,975260
loss.tar,loss_20250426_190632_600rpm_20250426_190715,loss,600,18,941013
loss.tar,loss_20250426_190632_600rpm_20250426_190716,loss,600,18,981063
loss.tar,loss_20250426_190632_600rpm_20250426_190717,loss,600,18,939487
loss.tar,loss_20250426_190632_600rpm_20250426_190718,loss,600,18,982342
loss.tar,loss_20250426_190632_600rpm_20250426_190719,loss,600,18,938419
loss.tar,loss_20250426_190632_600rpm_20250426_190720,loss,600,18,980251
loss.tar,loss_20250426_190632_600rpm_20250426_190721,loss,600,18,941737
loss.tar,loss_20250426_190632_600rpm_20250426_190722,loss,600,18,987798
loss.tar,loss_20250426_190632_600rpm_20250426_190723,loss,600,18,945185
loss.tar,loss_20250426_190632_600rpm_20250426_190724,loss,600,18,988768
loss.tar,loss_20250426_190632_600rpm_20250426_190725,loss,600,18,940924
loss.tar,loss_20250426_190632_600rpm_20250426_190726,loss,600,18,984967
loss.tar,loss_20250426_190632_600rpm_20250426_190727,loss,600,18,944807
loss.tar,loss_20250426_190632_600rpm_20250426_190728,loss,600,18,993158
loss.tar,loss_20250426_190632_600rpm_20250426_190729,loss,600,18,940182
loss.tar,loss_20250426_190632_600rpm_20250426_190730,loss,600,18,986916
loss.tar,loss_20250426_190632_600rpm_20250426_190731,loss,600,18,941564
loss.tar,loss_20250426_190632_600rpm_20250426_190732,loss,600,18,980428
loss.tar,loss_20250426_190632_600rpm_20250426_190733,loss,600,18,939926
loss.tar,loss_20250426_190632_600rpm_20250426_190734,loss,600,18,981024
loss.tar,loss_20250426_190632_600rpm_20250426_190735,loss,600,18,909001
loss.tar,loss_20250426_190632_600rpm_20250426_190736,loss,600,18,984414
loss.tar,loss_20250426_190632_600rpm_20250426_190737,loss,600,18,943978
loss.tar,loss_20250426_190632_600rpm_20250426_190738,loss,600,18,986467
loss.tar,loss_20250426_190632_600rpm_20250426_190739,loss,600,18,942803
loss.tar,loss_20250426_190632_600rpm_20250426_190740,loss,600,18,977870
loss.tar,loss_20250426_190632_600rpm_20250426_190741,loss,600,18,936440
loss.tar,loss_20250426_190632_600rpm_20250426_190742,loss,600,18,992181
loss.tar,loss_20250426_190632_600rpm_20250426_190743,loss,600,18,942843
loss.tar,loss_20250426_190632_600rpm_20250426_190744,loss,600,18,981283
loss.tar,loss_20250426_190632_600rpm_20250426_190745,loss,600,18,937766
loss.tar,loss_20250426_190632_600rpm_20250426_190746,loss,600,18,980449
loss.tar,loss_20250426_190632_600rpm_20250426_190747,loss,600,18,942263
loss.tar,loss_20250426_190632_600rpm_20250426_190748,loss,600,18,986299
loss.tar,loss_20250426_190632_600rpm_20250426_190749,loss,600,18,942763
loss.tar,loss_20250426_190632_600rpm_20250426_190750,loss,600,18,981934
loss.tar,loss_20250426_190632_600rpm_20250426_190751,loss,600,18,942816
loss.tar,loss_20250426_190632_600rpm_20250426_190752,loss,600,18,982870
loss.tar,loss_20250426_190632_600rpm_20250426_190753,loss,600,18,941817
loss.tar,loss_20250426_190632_600rpm_20250426_190754,loss,600,18,982539
loss.tar,loss_20250426_190632_600rpm_20250426_190755,loss,600,18,938410
loss.tar,loss_20250426_190632_600rpm_20250426_190756,loss,600,18,980645
loss.tar,loss_20250426_190632_600rpm_20250426_190757,loss,600,18,938936
loss.tar,loss_20250426_190632_600rpm_20250426_190758,loss,600,18,978096
loss.tar,loss_20250426_190632_600rpm_20250426_190759,loss,600,18,936469
loss.tar,loss_20250426_190632_600rpm_20250426_190800,loss,600,18,987697
loss.tar,loss_20250426_190632_600rpm_20250426_190801,loss,600,18,929000
loss.tar,loss_20250426_190632_600rpm_20250426_190802,loss,600,18,984965
loss.tar,loss_20250426_190632_600rpm_20250426_190803,loss,600,18,939334
loss.tar,loss_20250426_190632_600rpm_20250426_190804,loss,600,18,984864
loss.tar,loss_20250426_190632_600rpm_20250426_190805,loss,600,18,940536
loss.tar,loss_20250426_190632_600rpm_20250426_190806,loss,600,18,990285
loss.tar,loss_20250426_190632_600rpm_20250426_190807,loss,600,18,939094
loss.tar,loss_20250426_190632_600rpm_20250426_190808,loss,600,18,984943
loss.tar,loss_20250426_190632_600rpm_20250426_190809,loss,600,18,941596
loss.tar,loss_20250426_190632_600rpm_20250426_190810,loss,600,18,983521
loss.tar,loss_20250426_190632_600rpm_20250426_190811,loss,600,18,940865
loss.tar,loss_20250426_190632_600rpm_20250426_190812,loss,600,18,978363
loss.tar,loss_20250426_190632_600rpm_20250426_190813,loss,600,18,938221
loss.tar,loss_20250426_190632_600rpm_20250426_190814,loss,600,18,984753
loss.tar,loss_20250426_190632_600rpm_20250426_190815,loss,600,18,941284
loss.tar,loss_20250426_190632_600rpm_20250426_190816,loss,600,18,983648
loss.tar,loss_20250426_190632_600rpm_20250426_190817,loss,600,18,941396
loss.tar,loss_20250426_190632_600rpm_20250426_190818,loss,600,18,986176
loss.tar,loss_20250426_190632_600rpm_20250426_190819,loss,600,18,941166
loss.tar,loss_20250426_190632_600rpm_20250426_190820,loss,600,18,980455
loss.tar,loss_20250426_190632_600rpm_20250426_190821,loss,600,18,935608
loss.tar,loss_20250426_190632_600rpm_20250426_190822,loss,600,18,984956
loss.tar,loss_20250426_190632_600rpm_20250426_190823,loss,600,18,941447
loss.tar,loss_20250426_190632_600rpm_20250426_190824,loss,600,18,982460
loss.tar,loss_20250426_190632_600rpm_20250426_190825,loss,600,18,931968
loss.tar,loss_20250426_190632_600rpm_20250426_190826,loss,600,18,987357
loss.tar,loss_20250426_190632_600rpm_20250426_190827,loss,600,18,933175
loss.tar,loss_20250426_190632_600rpm_20250426_190828,loss,600,18,993283
loss.tar,loss_20250426_190632_600rpm_20250426_190829,loss,600,18,932967
loss.tar,loss_20250426_190632_600rpm_20250426_190830,loss,600,18,985985
loss.tar,loss_20250426_190632_600rpm_20250426_190831,loss,600,18,936926
loss.tar,loss_20250426_190632_600rpm_20250426_190832,loss,600,18,979667
loss.tar,loss_20250426_190632_600rpm_20250426_190833,loss,600,18,936423
loss.tar,loss_20250426_190632_600rpm_20250426_190834,loss,600,18,993293
loss.tar,loss_20250426_190632_600rpm_20250426_190835,loss,600,18,928752
loss.tar,loss_20250426_190632_600rpm_20250426_190836,loss,600,18,987322
loss.tar,loss_20250426_190632_600rpm_20250426_190837,loss,600,18,941112
loss.tar,loss_20250426_190632_600rpm_20250426_190838,loss,600,18,990933
loss.tar,loss_20250426_190632_600rpm_20250426_190839,loss,600,18,942013
loss.tar,loss_20250426_190632_600rpm_20250426_190840,loss,600,18,991167
loss.tar,loss_20250426_190632_600rpm_20250426_190841,loss,600,18,931778
loss.tar,loss_20250426_190632_600rpm_20250426_190842,loss,600,18,992916
loss.tar,loss_20250426_190632_600rpm_20250426_190843,loss,600,18,940332
loss.tar,loss_20250426_190632_600rpm_20250426_190844,loss,600,18,987860
loss.tar,loss_20250426_190632_600rpm_20250426_190845,loss,600,18,939325
loss.tar,loss_20250426_190632_600rpm_20250426_190846,loss,600,18,989224
loss.tar,loss_20250426_190632_600rpm_20250426_190847,loss,600,18,928718
loss.tar,loss_20250426_190632_600rpm_20250426_190848,loss,600,18,982521
loss.tar,loss_20250426_190632_600rpm_20250426_190849,loss,600,18,927049
loss.tar,loss_20250426_190632_600rpm_20250426_190850,loss,600,18,987188
loss.tar,loss_20250426_190632_600rpm_20250426_190851,loss,600,18,934142
loss.tar,loss_20250426_190632_600rpm_20250426_190852,loss,600,18,988870
loss.tar,loss_20250426_190632_600rpm_20250426_190853,loss,600,18,931021
loss.tar,loss_20250426_190632_600rpm_20250426_190854,loss,600,18,990634
loss.tar,loss_20250426_190632_600rpm_20250426_190855,loss,600,18,931175
loss.tar,loss_20250426_190632_600rpm_20250426_190856,loss,600,18,993731
loss.tar,loss_20250426_190632_600rpm_20250426_190857,loss,600,18,942028
loss.tar,loss_20250426_190632_600rpm_20250426_190858,loss,600,18,983495
loss.tar,loss_20250426_190632_600rpm_20250426_190859,loss,600,18,930584
loss.tar,loss_20250426_190632_600rpm_20250426_190900,loss,600,18,987199
loss.tar,loss_20250426_190632_600rpm_20250426_190901,loss,600,18,933911
loss.tar,loss_20250426_190632_600rpm_20250426_190902,loss,600,18,991231
loss.tar,loss_20250426_190632_600rpm_20250426_190903,loss,600,18,938968
loss.tar,loss_20250426_190632_600rpm_20250426_190904,loss,600,18,988208
loss.tar,loss_20250426_190632_600rpm_20250426_190905,loss,600,18,931466
loss.tar,loss_20250426_190632_600rpm_20250426_190906,loss,600,18,984581
loss.tar,loss_20250426_190632_600rpm_20250426_190907,loss,600,18,929636
loss.tar,loss_20250426_190632_600rpm_20250426_190908,loss,600,18,989415
loss.tar,loss_20250426_190632_600rpm_20250426_190909,loss,600,18,931197
loss.tar,loss_20250426_190632_600rpm_20250426_190910,loss,600,18,992792
loss.tar,loss_20250426_190632_600rpm_20250426_190911,loss,600,18,932230
loss.tar,loss_20250426_190632_600rpm_20250426_190912,loss,600,18,990948
loss.tar,loss_20250426_190632_600rpm_20250426_190913,loss,600,18,932123
loss.tar,loss_20250426_190632_600rpm_20250426_190914,loss,600,18,993151
loss.tar,loss_20250426_190632_600rpm_20250426_190915,loss,600,18,936768
loss.tar,loss_20250426_190632_600rpm_20250426_190916,loss,600,18,989922
loss.tar,loss_20250426_190632_600rpm_20250426_190917,loss,600,18,934910
loss.tar,loss_20250426_190632_600rpm_20250426_190918,loss,600,18,987971
loss.tar,loss_20250426_190632_600rpm_20250426_190919,loss,600,18,932731
loss.tar,loss_20250426_190632_600rpm_20250426_190920,loss,600,18,988142
loss.tar,loss_20250426_190632_600rpm_20250426_190921,loss,600,18,928586
loss.tar,loss_20250426_190632_600rpm_20250426_190922,loss,600,18,990273
loss.tar,loss_20250426_190632_600rpm_20250426_190923,loss,600,18,932444
loss.tar,loss_20250426_190632_600rpm_20250426_190924,loss,600,18,991683
loss.tar,loss_20250426_190632_600rpm_20250426_190925,loss,600,18,932479
loss.tar,loss_20250426_190632_600rpm_20250426_190926,loss,600,18,990907
loss.tar,loss_20250426_190632_600rpm_20250426_190927,loss,600,18,934759
loss.tar,loss_20250426_190632_600rpm_20250426_190928,loss,600,18,989630
loss.tar,loss_20250426_190632_600rpm_20250426_190929,loss,600,18,926953
loss.tar,loss_20250426_190632_600rpm_20250426_190930,loss,600,18,994751
loss.tar,loss_20250426_190632_600rpm_20250426_190931,loss,600,18,933403
loss.tar,loss_20250426_190632_600rpm_20250426_190932,loss,600,18,993312
loss.tar,loss_20250426_190632_600rpm_20250426_190933,loss,600,18,936577
loss.tar,loss_20250426_190632_600rpm_20250426_190934,loss,600,18,991550
loss.tar,loss_20250426_190632_600rpm_20250426_190935,loss,600,18,929842
loss.tar,loss_20250426_190632_600rpm_20250426_190936,loss,600,18,993035
loss.tar,loss_20250426_190632_600rpm_20250426_190937,loss,600,18,937442
loss.tar,loss_20250426_190632_600rpm_20250426_190938,loss,600,18,994139
loss.tar,loss_20250426_190632_600rpm_20250426_190939,loss,600,18,932960
loss.tar,loss_20250426_190632_600rpm_20250426_190940,loss,600,18,991060
loss.tar,loss_20250426_190632_600rpm_20250426_190941,loss,600,18,938060
loss.tar,loss_20250426_190632_600rpm_20250426_190942,loss,600,18,992652
loss.tar,loss_20250426_190632_600rpm_20250426_190943,loss,600,18,935665
loss.tar,loss_20250426_190632_600rpm_20250426_190944,loss,600,18,993573
loss.tar,loss_20250426_190632_600rpm_20250426_190945,loss,600,18,933540
loss.tar,loss_20250426_190632_600rpm_20250426_190946,loss,600,18,994870
loss.tar,loss_20250426_190632_600rpm_20250426_190947,loss,600,18,933158
loss.tar,loss_20250426_190632_600rpm_20250426_190948,loss,600,18,992449
loss.tar,loss_20250426_190632_600rpm_20250426_190949,loss,600,18,940094
loss.tar,loss_20250426_190632_600rpm_20250426_190950,loss,600,18,988679
loss.tar,loss_20250426_190632_600rpm_20250426_190951,loss,600,18,934740
loss.tar,loss_20250426_190632_600rpm_20250426_190952,loss,600,18,987142
loss.tar,loss_20250426_190632_600rpm_20250426_190953,loss,600,18,937289
loss.tar,loss_20250426_190632_600rpm_20250426_190954,loss,600,18,992941
loss.tar,loss_20250426_190632_600rpm_20250426_190955,loss,600,18,931861
loss.tar,loss_20250426_190632_600rpm_20250426_190956,loss,600,18,989433
loss.tar,loss_20250426_190632_600rpm_20250426_190957,loss,600,18,931711
loss.tar,loss_20250426_190632_600rpm_20250426_190958,loss,600,18,990557
loss.tar,loss_20250426_190632_600rpm_20250426_190959,loss,600,18,932677
loss.tar,loss_20250426_190632_600rpm_20250426_191000,loss,600,18,989248
loss.tar,loss_20250426_190632_600rpm_20250426_191001,loss,600,18,930780
loss.tar,loss_20250426_190632_600rpm_20250426_191002,loss,600,18,985376
loss.tar,loss_20250426_190632_600rpm_20250426_191003,loss,600,18,936490
loss.tar,loss_20250426_190632_600rpm_20250426_191004,loss,600,18,992528
loss.tar,loss_20250426_190632_600rpm_20250426_191005,loss,600,18,939191
loss.tar,loss_20250426_190632_600rpm_20250426_191006,loss,600,18,987964
loss.tar,loss_20250426_190632_600rpm_20250426_191007,loss,600,18,935027
loss.tar,loss_20250426_190632_600rpm_20250426_191008,loss,600,18,989416
loss.tar,loss_20250426_190632_600rpm_20250426_191009,loss,600,18,935836
loss.tar,loss_20250426_190632_600rpm_20250426_191010,loss,600,18,993632
loss.tar,loss_20250426_190632_600rpm_20250426_191011,loss,600,18,939647
loss.tar,loss_20250426_190632_600rpm_20250426_191012,loss,600,18,994020
loss.tar,loss_20250426_190632_600rpm_20250426_191013,loss,600,18,934697
loss.tar,loss_20250426_190632_600rpm_20250426_191014,loss,600,18,993011
loss.tar,loss_20250426_190632_600rpm_20250426_191015,loss,600,18,932717
loss.tar,loss_20250426_190632_600rpm_20250426_191016,loss,600,18,991018
loss.tar,loss_20250426_190632_600rpm_20250426_191017,loss,600,18,933657
loss.tar,loss_20250426_190632_600rpm_20250426_191018,loss,600,18,988181
loss.tar,loss_20250426_190632_600rpm_20250426_191019,loss,600,18,930824
loss.tar,loss_20250426_190632_600rpm_20250426_191020,loss,600,18,988158
loss.tar,loss_20250426_190632_600rpm_20250426_191021,loss,600,18,928922
loss.tar,loss_20250426_190632_600rpm_20250426_191022,loss,600,18,987272
loss.tar,loss_20250426_190632_600rpm_20250426_191023,loss,600,18,928982
loss.tar,loss_20250426_190632_600rpm_20250426_191024,loss,600,18,990004
loss.tar,loss_20250426_190632_600rpm_20250426_191025,loss,600,18,930946
loss.tar,loss_20250426_190632_600rpm_20250426_191026,loss,600,18,989492
loss.tar,loss_20250426_190632_600rpm_20250426_191027,loss,600,18,934448
loss.tar,loss_20250426_190632_600rpm_20250426_191028,loss,600,18,991101
loss.tar,loss_20250426_190632_600rpm_20250426_191029,loss,600,18,932008
loss.tar,loss_20250426_190632_600rpm_20250426_191030,loss,600,18,988867
loss.tar,loss_20250426_190632_600rpm_20250426_191031,loss,600,18,931476
loss.tar,loss_20250426_190632_600rpm_20250426_191032,loss,600,18,986334
loss.tar,loss_20250426_190632_600rpm_20250426_191033,loss,600,18,935155
loss.tar,loss_20250426_190632_600rpm_20250426_191034,loss,600,18,985157
loss.tar,loss_20250426_190632_600rpm_20250426_191035,loss,600,18,929869
loss.tar,loss_20250426_190632_600rpm_20250426_191036,loss,600,18,990987
loss.tar,loss_20250426_190632_600rpm_20250426_191037,loss,600,18,932716
loss.tar,loss_20250426_190632_600rpm_20250426_191038,loss,600,18,990989
loss.tar,loss_20250426_190632_600rpm_20250426_191039,loss,600,18,929197
loss.tar,loss_20250426_190632_600rpm_20250426_191040,loss,600,18,992366
loss.tar,loss_20250426_190632_600rpm_20250426_191041,loss,600,18,936587
loss.tar,loss_20250426_190632_600rpm_20250426_191042,loss,600,18,991076
loss.tar,loss_20250426_190632_600rpm_20250426_191043,loss,600,18,928471
loss.tar,loss_20250426_190632_600rpm_20250426_191044,loss,600,18,996540
loss.tar,loss_20250426_190632_600rpm_20250426_191045,loss,600,18,929809
loss.tar,loss_20250426_190632_600rpm_20250426_191046,loss,600,18,991285
loss.tar,loss_20250426_190632_600rpm_20250426_191047,loss,600,18,908861
loss.tar,loss_20250426_190632_600rpm_20250426_191048,loss,600,18,1005114
loss.tar,loss_20250426_190632_600rpm_20250426_191049,loss,600,18,940678
loss.tar,loss_20250426_190632_600rpm_20250426_191050,loss,600,18,990848
loss.tar,loss_20250426_190632_600rpm_20250426_191051,loss,600,18,932408
loss.tar,loss_20250426_190632_600rpm_20250426_191052,loss,600,18,995127
loss.tar,loss_20250426_190632_600rpm_20250426_191053,loss,600,18,936950
loss.tar,loss_20250426_190632_600rpm_20250426_191054,loss,600,18,985796
loss.tar,loss_20250426_190632_600rpm_20250426_191055,loss,600,18,933853
loss.tar,loss_20250426_190632_600rpm_20250426_191056,loss,600,18,992775
loss.tar,loss_20250426_190632_600rpm_20250426_191057,loss,600,18,933400
loss.tar,loss_20250426_190632_600rpm_20250426_191058,loss,600,18,993491
loss.tar,loss_20250426_190632_600rpm_20250426_191059,loss,600,18,935009
loss.tar,loss_20250426_190632_600rpm_20250426_191100,loss,600,18,989870
loss.tar,loss_20250426_190632_600rpm_20250426_191101,loss,600,18,931935
loss.tar,loss_20250426_190632_600rpm_20250426_191102,loss,600,18,988802
loss.tar,loss_20250426_190632_600rpm_20250426_191103,loss,600,18,932918
loss.tar,loss_20250426_190632_600rpm_20250426_191104,loss,600,18,992627
loss.tar,loss_20250426_190632_600rpm_20250426_191105,loss,600,18,933988
loss.tar,loss_20250426_190632_600rpm_20250426_191106,loss,600,18,993649
loss.tar,loss_20250426_190632_600rpm_20250426_191107,loss,600,18,930434
loss.tar,loss_20250426_190632_600rpm_20250426_191108,loss,600,18,994670
loss.tar,loss_20250426_190632_600rpm_20250426_191109,loss,600,18,935721
loss.tar,loss_20250426_190632_600rpm_20250426_191110,loss,600,18,999398
loss.tar,loss_20250426_190632_600rpm_20250426_191111,loss,600,18,935647
loss.tar,loss_20250426_190632_600rpm_20250426_191112,loss,600,18,995212
loss.tar,loss_20250426_190632_600rpm_20250426_191113,loss,600,18,933280
loss.tar,loss_20250426_190632_600rpm_20250426_191114,loss,600,18,988821
loss.tar,loss_20250426_190632_600rpm_20250426_191115,loss,600,18,933493
loss.tar,loss_20250426_190632_600rpm_20250426_191116,loss,600,18,989626
loss.tar,loss_20250426_190632_600rpm_20250426_191117,loss,600,18,933149
loss.tar,loss_20250426_190632_600rpm_20250426_191118,loss,600,18,987936
loss.tar,loss_20250426_190632_600rpm_20250426_191119,loss,600,18,932073
loss.tar,loss_20250426_190632_600rpm_20250426_191120,loss,600,18,991378
loss.tar,loss_20250426_190632_600rpm_20250426_191121,loss,600,18,935782
loss.tar,loss_20250426_190632_600rpm_20250426_191122,loss,600,18,990492
loss.tar,loss_20250426_190632_600rpm_20250426_191123,loss,600,18,927195
loss.tar,loss_20250426_190632_600rpm_20250426_191124,loss,600,18,988778
loss.tar,loss_20250426_190632_600rpm_20250426_191125,loss,600,18,928837
loss.tar,loss_20250426_190632_600rpm_20250426_191126,loss,600,18,987958
loss.tar,loss_20250426_190632_600rpm_20250426_191127,loss,600,18,936685
loss.tar,loss_20250426_190632_600rpm_20250426_191128,loss,600,18,988635
loss.tar,loss_20250426_190632_600rpm_20250426_191129,loss,600,18,921586
loss.tar,loss_20250426_190632_600rpm_20250426_191130,loss,600,18,992425
loss.tar,loss_20250426_190632_600rpm_20250426_191131,loss,600,18,931470
loss.tar,loss_20250426_190632_600rpm_20250426_191132,loss,600,18,990276
loss.tar,loss_20250426_190632_600rpm_20250426_191133,loss,600,18,925331
loss.tar,loss_20250426_190632_600rpm_20250426_191134,loss,600,18,994748
loss.tar,loss_20250426_190632_600rpm_20250426_191135,loss,600,18,926430
loss.tar,loss_20250426_190632_600rpm_20250426_191136,loss,600,18,994422
loss.tar,loss_20250426_190632_600rpm_20250426_191137,loss,600,18,925218
loss.tar,loss_20250426_190632_600rpm_20250426_191138,loss,600,18,1001659
loss.tar,loss_20250426_190632_600rpm_20250426_191139,loss,600,18,929078
loss.tar,loss_20250426_190632_600rpm_20250426_191140,loss,600,18,991925
loss.tar,loss_20250426_191201_800rpm_20250426_191204,loss,800,18,967961
loss.tar,loss_20250426_191201_800rpm_20250426_191205,loss,800,18,997814
loss.tar,loss_20250426_191201_800rpm_20250426_191206,loss,800,18,927110
loss.tar,loss_20250426_191201_800rpm_20250426_191207,loss,800,18,997818
loss.tar,loss_20250426_191201_800rpm_20250426_191208,loss,800,18,927303
loss.tar,loss_20250426_191201_800rpm_20250426_191209,loss,800,18,998079
loss.tar,loss_20250426_191201_800rpm_20250426_191210,loss,800,18,928320
loss.tar,loss_20250426_191201_800rpm_20250426_191211,loss,800,18,999801
loss.tar,loss_20250426_191201_800rpm_20250426_191212,loss,800,18,940400
loss.tar,loss_20250426_191201_800rpm_20250426_191213,loss,800,18,998784
loss.tar,loss_20250426_191201_800rpm_20250426_191214,loss,800,18,924328
loss.tar,loss_20250426_191201_800rpm_20250426_191215,loss,800,18,996453
loss.tar,loss_20250426_191201_800rpm_20250426_191216,loss,800,18,926697
loss.tar,loss_20250426_191201_800rpm_20250426_191217,loss,800,18,996551
loss.tar,loss_20250426_191201_800rpm_20250426_191218,loss,800,18,926503
loss.tar,loss_20250426_191201_800rpm_20250426_191219,loss,800,18,1001008
loss.tar,loss_20250426_191201_800rpm_20250426_191220,loss,800,18,926594
loss.tar,loss_20250426_191201_800rpm_20250426_191221,loss,800,18,995568
loss.tar,loss_20250426_191201_800rpm_20250426_191222,loss,800,18,923657
loss.tar,loss_20250426_191201_800rpm_20250426_191223,loss,800,18,991843
loss.tar,loss_20250426_191201_800rpm_20250426_191224,loss,800,18,921689
loss.tar,loss_20250426_191201_800rpm_20250426_191225,loss,800,18,996355
loss.tar,loss_20250426_191201_800rpm_20250426_191226,loss,800,18,923070
loss.tar,loss_20250426_191201_800rpm_20250426_191227,loss,800,18,994096
loss.tar,loss_20250426_191201_800rpm_20250426_191228,loss,800,18,931857
loss.tar,loss_20250426_191201_800rpm_20250426_191229,loss,800,18,1002369
loss.tar,loss_20250426_191201_800rpm_20250426_191230,loss,800,18,934202
loss.tar,loss_20250426_191201_800rpm_20250426_191231,loss,800,18,999829
loss.tar,loss_20250426_191201_800rpm_20250426_191232,loss,800,18,926555
loss.tar,loss_20250426_191201_800rpm_20250426_191233,loss,800,18,994507
loss.tar,loss_20250426_191201_800rpm_20250426_191234,loss,800,18,924654
loss.tar,loss_20250426_191201_800rpm_20250426_191235,loss,800,18,996898
loss.tar,loss_20250426_191201_800rpm_20250426_191236,loss,800,18,929860
loss.tar,loss_20250426_191201_800rpm_20250426_191237,loss,800,18,996774
loss.tar,loss_20250426_191201_800rpm_20250426_191238,loss,800,18,930250
loss.tar,loss_20250426_191201_800rpm_20250426_191239,loss,800,18,998303
loss.tar,loss_20250426_191201_800rpm_20250426_191240,loss,800,18,927031
loss.tar,loss_20250426_191201_800rpm_20250426_191241,loss,800,18,990688
loss.tar,loss_20250426_191201_800rpm_20250426_191242,loss,800,18,933407
loss.tar,loss_20250426_191201_800rpm_20250426_191243,loss,800,18,997183
loss.tar,loss_20250426_191201_800rpm_20250426_191244,loss,800,18,931164
loss.tar,loss_20250426_191201_800rpm_20250426_191245,loss,800,18,1000243
loss.tar,loss_20250426_191201_800rpm_20250426_191246,loss,800,18,932817
loss.tar,loss_20250426_191201_800rpm_20250426_191247,loss,800,18,996593
loss.tar,loss_20250426_191201_800rpm_20250426_191248,loss,800,18,927607
loss.tar,loss_20250426_191201_800rpm_20250426_191249,loss,800,18,998847
loss.tar,loss_20250426_191201_800rpm_20250426_191250,loss,800,18,924428
loss.tar,loss_20250426_191201_800rpm_20250426_191251,loss,800,18,994685
loss.tar,loss_20250426_191201_800rpm_20250426_191252,loss,800,18,922145
loss.tar,loss_20250426_191201_800rpm_20250426_191253,loss,800,18,994142
loss.tar,loss_20250426_191201_800rpm_20250426_191254,loss,800,18,928629
loss.tar,loss_20250426_191201_800rpm_20250426_191255,loss,800,18,995224
loss.tar,loss_20250426_191201_800rpm_20250426_191256,loss,800,18,925904
loss.tar,loss_20250426_191201_800rpm_20250426_191257,loss,800,18,975715
loss.tar,loss_20250426_191201_800rpm_20250426_191258,loss,800,18,926985
loss.tar,loss_20250426_191201_800rpm_20250426_191259,loss,800,18,1001219
loss.tar,loss_20250426_191201_800rpm_20250426_191300,loss,800,18,931084
loss.tar,loss_20250426_191201_800rpm_20250426_191301,loss,800,18,1011362
loss.tar,loss_20250426_191201_800rpm_20250426_191302,loss,800,18,950500
loss.tar,loss_20250426_191201_800rpm_20250426_191303,loss,800,18,1003586
loss.tar,loss_20250426_191201_800rpm_20250426_191304,loss,800,18,926894
loss.tar,loss_20250426_191201_800rpm_20250426_191305,loss,800,18,1001782
loss.tar,loss_20250426_191201_800rpm_20250426_191306,loss,800,18,932703
loss.tar,loss_20250426_191201_800rpm_20250426_191307,loss,800,18,1001531
loss.tar,loss_20250426_191201_800rpm_20250426_191308,loss,800,18,919763
loss.tar,loss_20250426_191201_800rpm_20250426_191309,loss,800,18,1000302
loss.tar,loss_20250426_191201_800rpm_20250426_191310,loss,800,18,935099
loss.tar,loss_20250426_191201_800rpm_20250426_191311,loss,800,18,999513
loss.tar,loss_20250426_191201_800rpm_20250426_191312,loss,800,18,931442
loss.tar,loss_20250426_191201_800rpm_20250426_191313,loss,800,18,1002674
loss.tar,loss_20250426_191201_800rpm_20250426_191314,loss,800,18,928963
loss.tar,loss_20250426_191201_800rpm_20250426_191315,loss,800,18,1004845
loss.tar,loss_20250426_191201_800rpm_20250426_191316,loss,800,18,940632
loss.tar,loss_20250426_191201_800rpm_20250426_191317,loss,800,18,1006154
loss.tar,loss_20250426_191201_800rpm_20250426_191318,loss,800,18,936878
loss.tar,loss_20250426_191201_800rpm_20250426_191319,loss,800,18,1000837
loss.tar,loss_20250426_191201_800rpm_20250426_191320,loss,800,18,923344
loss.tar,loss_20250426_191201_800rpm_20250426_191321,loss,800,18,1001912
loss.tar,loss_20250426_191201_800rpm_20250426_191322,loss,800,18,927072
loss.tar,loss_20250426_191201_800rpm_20250426_191323,loss,800,18,998323
loss.tar,loss_20250426_191201_800rpm_20250426_191324,loss,800,18,926800
loss.tar,loss_20250426_191201_800rpm_20250426_191325,loss,800,18,999878
loss.tar,loss_20250426_191201_800rpm_20250426_191326,loss,800,18,929250
loss.tar,loss_20250426_191201_800rpm_20250426_191328,loss,800,18,958912
loss.tar,loss_20250426_191201_800rpm_20250426_191329,loss,800,18,994333
loss.tar,loss_20250426_191201_800rpm_20250426_191330,loss,800,18,927257
loss.tar,loss_20250426_191201_800rpm_20250426_191331,loss,800,18,998121
loss.tar,loss_20250426_191201_800rpm_20250426_191332,loss,800,18,928134
loss.tar,loss_20250426_191201_800rpm_20250426_191333,loss,800,18,997833
loss.tar,loss_20250426_191201_800rpm_20250426_191334,loss,800,18,921145
loss.tar,loss_20250426_191201_800rpm_20250426_191335,loss,800,18,994920
loss.tar,loss_20250426_191201_800rpm_20250426_191336,loss,800,18,926226
loss.tar,loss_20250426_191201_800rpm_20250426_191337,loss,800,18,1002744
loss.tar,loss_20250426_191201_800rpm_20250426_191338,loss,800,18,937529
loss.tar,loss_20250426_191201_800rpm_20250426_191339,loss,800,18,999098
loss.tar,loss_20250426_191201_800rpm_20250426_191340,loss,800,18,931548
loss.tar,loss_20250426_191201_800rpm_20250426_191341,loss,800,18,997996
loss.tar,loss_20250426_191201_800rpm_20250426_191342,loss,800,18,928768
loss.tar,loss_20250426_191201_800rpm_20250426_191343,loss,800,18,1000280
loss.tar,loss_20250426_191201_800rpm_20250426_191344,loss,800,18,928519
loss.tar,loss_20250426_191201_800rpm_20250426_191345,loss,800,18,998927
loss.tar,loss_20250426_191201_800rpm_20250426_191346,loss,800,18,927173
loss.tar,loss_20250426_191201_800rpm_20250426_191347,loss,800,18,1007555
loss.tar,loss_20250426_191201_800rpm_20250426_191348,loss,800,18,943586
loss.tar,loss_20250426_191201_800rpm_20250426_191349,loss,800,18,999999
loss.tar,loss_20250426_191201_800rpm_20250426_191350,loss,800,18,930022
loss.tar,loss_20250426_191201_800rpm_20250426_191351,loss,800,18,997286
loss.tar,loss_20250426_191201_800rpm_20250426_191352,loss,800,18,929200
loss.tar,loss_20250426_191201_800rpm_20250426_191353,loss,800,18,1001902
loss.tar,loss_20250426_191201_800rpm_20250426_191356,loss,800,18,935507
loss.tar,loss_20250426_191201_800rpm_20250426_191357,loss,800,18,997917
loss.tar,loss_20250426_191201_800rpm_20250426_191358,loss,800,18,926408
loss.tar,loss_20250426_191201_800rpm_20250426_191359,loss,800,18,1003382
loss.tar,loss_20250426_191201_800rpm_20250426_191400,loss,800,18,937152
loss.tar,loss_20250426_191201_800rpm_20250426_191401,loss,800,18,1003627
loss.tar,loss_20250426_191201_800rpm_20250426_191402,loss,800,18,938374
loss.tar,loss_20250426_191201_800rpm_20250426_191403,loss,800,18,997821
loss.tar,loss_20250426_191201_800rpm_20250426_191404,loss,800,18,928344
loss.tar,loss_20250426_191201_800rpm_20250426_191405,loss,800,18,999130
loss.tar,loss_20250426_191201_800rpm_20250426_191406,loss,800,18,929177
loss.tar,loss_20250426_191201_800rpm_20250426_191407,loss,800,18,992458
loss.tar,loss_20250426_191201_800rpm_20250426_191408,loss,800,18,921483
loss.tar,loss_20250426_191201_800rpm_20250426_191409,loss,800,18,995245
loss.tar,loss_20250426_191201_800rpm_20250426_191410,loss,800,18,927056
loss.tar,loss_20250426_191201_800rpm_20250426_191411,loss,800,18,992003
loss.tar,loss_20250426_191201_800rpm_20250426_191412,loss,800,18,919258
loss.tar,loss_20250426_191201_800rpm_20250426_191413,loss,800,18,995891
loss.tar,loss_20250426_191201_800rpm_20250426_191414,loss,800,18,927851
loss.tar,loss_20250426_191201_800rpm_20250426_191415,loss,800,18,995069
loss.tar,loss_20250426_191201_800rpm_20250426_191416,loss,800,18,931936
loss.tar,loss_20250426_191201_800rpm_20250426_191417,loss,800,18,995755
loss.tar,loss_20250426_191201_800rpm_20250426_191418,loss,800,18,926570
loss.tar,loss_20250426_191201_800rpm_20250426_191419,loss,800,18,997016
loss.tar,loss_20250426_191201_800rpm_20250426_191420,loss,800,18,935023
loss.tar,loss_20250426_191201_800rpm_20250426_191421,loss,800,18,995363
loss.tar,loss_20250426_191201_800rpm_20250426_191422,loss,800,18,923112
loss.tar,loss_20250426_191201_800rpm_20250426_191423,loss,800,18,996141
loss.tar,loss_20250426_191201_800rpm_20250426_191424,loss,800,18,934765
loss.tar,loss_20250426_191201_800rpm_20250426_191425,loss,800,18,997064
loss.tar,loss_20250426_191201_800rpm_20250426_191426,loss,800,18,927903
loss.tar,loss_20250426_191201_800rpm_20250426_191427,loss,800,18,994197
loss.tar,loss_20250426_191201_800rpm_20250426_191428,loss,800,18,928336
loss.tar,loss_20250426_191201_800rpm_20250426_191429,loss,800,18,997276
loss.tar,loss_20250426_191201_800rpm_20250426_191430,loss,800,18,932375
loss.tar,loss_20250426_191201_800rpm_20250426_191431,loss,800,18,994482
loss.tar,loss_20250426_191201_800rpm_20250426_191432,loss,800,18,929495
loss.tar,loss_20250426_191201_800rpm_20250426_191433,loss,800,18,993519
loss.tar,loss_20250426_191201_800rpm_20250426_191434,loss,800,18,937160
loss.tar,loss_20250426_191201_800rpm_20250426_191435,loss,800,18,998676
loss.tar,loss_20250426_191201_800rpm_20250426_191436,loss,800,18,946336
loss.tar,loss_20250426_191201_800rpm_20250426_191437,loss,800,18,1004670
loss.tar,loss_20250426_191201_800rpm_20250426_191438,loss,800,18,952131
loss.tar,loss_20250426_191201_800rpm_20250426_191439,loss,800,18,994628
loss.tar,loss_20250426_191201_800rpm_20250426_191440,loss,800,18,931304
loss.tar,loss_20250426_191201_800rpm_20250426_191441,loss,800,18,997500
loss.tar,loss_20250426_191201_800rpm_20250426_191442,loss,800,18,933652
loss.tar,loss_20250426_191201_800rpm_20250426_191443,loss,800,18,997471
loss.tar,loss_20250426_191201_800rpm_20250426_191444,loss,800,18,935711
loss.tar,loss_20250426_191201_800rpm_20250426_191445,loss,800,18,997353
loss.tar,loss_20250426_191201_800rpm_20250426_191446,loss,800,18,928927
loss.tar,loss_20250426_191201_800rpm_20250426_191447,loss,800,18,993243
loss.tar,loss_20250426_191201_800rpm_20250426_191448,loss,800,18,932773
loss.tar,loss_20250426_191201_800rpm_20250426_191449,loss,800,18,994114
loss.tar,loss_20250426_191201_800rpm_20250426_191450,loss,800,18,928373
loss.tar,loss_20250426_191201_800rpm_20250426_191451,loss,800,18,996408
loss.tar,loss_20250426_191201_800rpm_20250426_191452,loss,800,18,923379
loss.tar,loss_20250426_191201_800rpm_20250426_191453,loss,800,18,990380
loss.tar,loss_20250426_191201_800rpm_20250426_191454,loss,800,18,930028
loss.tar,loss_20250426_191201_800rpm_20250426_191455,loss,800,18,992924
loss.tar,loss_20250426_191201_800rpm_20250426_191456,loss,800,18,930092
loss.tar,loss_20250426_191201_800rpm_20250426_191457,loss,800,18,994538
loss.tar,loss_20250426_191201_800rpm_20250426_191458,loss,800,18,932254
loss.tar,loss_20250426_191201_800rpm_20250426_191459,loss,800,18,993513
loss.tar,loss_20250426_191201_800rpm_20250426_191500,loss,800,18,929584
loss.tar,loss_20250426_191201_800rpm_20250426_191501,loss,800,18,989480
loss.tar,loss_20250426_191201_800rpm_20250426_191502,loss,800,18,929272
loss.tar,loss_20250426_191201_800rpm_20250426_191503,loss,800,18,992612
loss.tar,loss_20250426_191201_800rpm_20250426_191504,loss,800,18,934129
loss.tar,loss_20250426_191201_800rpm_20250426_191505,loss,800,18,996247
loss.tar,loss_20250426_191201_800rpm_20250426_191506,loss,800,18,930285
loss.tar,loss_20250426_191201_800rpm_20250426_191507,loss,800,18,992761
loss.tar,loss_20250426_191201_800rpm_20250426_191508,loss,800,18,931452
loss.tar,loss_20250426_191201_800rpm_20250426_191509,loss,800,18,992187
loss.tar,loss_20250426_191201_800rpm_20250426_191510,loss,800,18,933290
loss.tar,loss_20250426_191201_800rpm_20250426_191511,loss,800,18,992470
loss.tar,loss_20250426_191201_800rpm_20250426_191512,loss,800,18,932636
loss.tar,loss_20250426_191201_800rpm_20250426_191513,loss,800,18,989473
loss.tar,loss_20250426_191201_800rpm_20250426_191514,loss,800,18,929327
loss.tar,loss_20250426_191201_800rpm_20250426_191515,loss,800,18,979652
loss.tar,loss_20250426_191201_800rpm_20250426_191516,loss,800,18,927908
loss.tar,loss_20250426_191201_800rpm_20250426_191517,loss,800,18,990744
loss.tar,loss_20250426_191201_800rpm_20250426_191518,loss,800,18,930498
loss.tar,loss_20250426_191201_800rpm_20250426_191519,loss,800,18,989661
loss.tar,loss_20250426_191201_800rpm_20250426_191520,loss,800,18,932556
loss.tar,loss_20250426_191201_800rpm_20250426_191521,loss,800,18,990999
loss.tar,loss_20250426_191201_800rpm_20250426_191522,loss,800,18,931062
loss.tar,loss_20250426_191201_800rpm_20250426_191523,loss,800,18,992634
loss.tar,loss_20250426_191201_800rpm_20250426_191524,loss,800,18,933760
loss.tar,loss_20250426_191201_800rpm_20250426_191525,loss,800,18,998662
loss.tar,loss_20250426_191201_800rpm_20250426_191526,loss,800,18,938389
loss.tar,loss_20250426_191201_800rpm_20250426_191527,loss,800,18,996058
loss.tar,loss_20250426_191201_800rpm_20250426_191528,loss,800,18,928858
loss.tar,loss_20250426_191201_800rpm_20250426_191529,loss,800,18,988052
loss.tar,loss_20250426_191201_800rpm_20250426_191530,loss,800,18,923104
loss.tar,loss_20250426_191201_800rpm_20250426_191531,loss,800,18,996160
loss.tar,loss_20250426_191201_800rpm_20250426_191532,loss,800,18,933478
loss.tar,loss_20250426_191201_800rpm_20250426_191533,loss,800,18,997475
loss.tar,loss_20250426_191201_800rpm_20250426_191534,loss,800,18,938640
loss.tar,loss_20250426_191201_800rpm_20250426_191535,loss,800,18,1004400
loss.tar,loss_20250426_191201_800rpm_20250426_191536,loss,800,18,944477
loss.tar,loss_20250426_191201_800rpm_20250426_191537,loss,800,18,999361
loss.tar,loss_20250426_191201_800rpm_20250426_191538,loss,800,18,934055
loss.tar,loss_20250426_191201_800rpm_20250426_191539,loss,800,18,998500
loss.tar,loss_20250426_191201_800rpm_20250426_191540,loss,800,18,938674
loss.tar,loss_20250426_191201_800rpm_20250426_191541,loss,800,18,995336
loss.tar,loss_20250426_191201_800rpm_20250426_191542,loss,800,18,934058
loss.tar,loss_20250426_191201_800rpm_20250426_191543,loss,800,18,991242
loss.tar,loss_20250426_191201_800rpm_20250426_191544,loss,800,18,927219
loss.tar,loss_20250426_191201_800rpm_20250426_191545,loss,800,18,990920
loss.tar,loss_20250426_191201_800rpm_20250426_191546,loss,800,18,931584
loss.tar,loss_20250426_191201_800rpm_20250426_191547,loss,800,18,990535
loss.tar,loss_20250426_191201_800rpm_20250426_191548,loss,800,18,930555
loss.tar,loss_20250426_191201_800rpm_20250426_191549,loss,800,18,992020
loss.tar,loss_20250426_191201_800rpm_20250426_191550,loss,800,18,929389
loss.tar,loss_20250426_191201_800rpm_20250426_191551,loss,800,18,991877
loss.tar,loss_20250426_191201_800rpm_20250426_191552,loss,800,18,931723
loss.tar,loss_20250426_191201_800rpm_20250426_191553,loss,800,18,992938
loss.tar,loss_20250426_191201_800rpm_20250426_191554,loss,800,18,930115
loss.tar,loss_20250426_191201_800rpm_20250426_191555,loss,800,18,995517
loss.tar,loss_20250426_191201_800rpm_20250426_191556,loss,800,18,930569
loss.tar,loss_20250426_191201_800rpm_20250426_191557,loss,800,18,992043
loss.tar,loss_20250426_191201_800rpm_20250426_191558,loss,800,18,928364
loss.tar,loss_20250426_191201_800rpm_20250426_191559,loss,800,18,989107
loss.tar,loss_20250426_191201_800rpm_20250426_191600,loss,800,18,931269
loss.tar,loss_20250426_191201_800rpm_20250426_191601,loss,800,18,992403
loss.tar,loss_20250426_191201_800rpm_20250426_191602,loss,800,18,929899
loss.tar,loss_20250426_191201_800rpm_20250426_191603,loss,800,18,994800
loss.tar,loss_20250426_191201_800rpm_20250426_191604,loss,800,18,934780
loss.tar,loss_20250426_191201_800rpm_20250426_191605,loss,800,18,993431
loss.tar,loss_20250426_191201_800rpm_20250426_191606,loss,800,18,935055
loss.tar,loss_20250426_191201_800rpm_20250426_191607,loss,800,18,994156
loss.tar,loss_20250426_191201_800rpm_20250426_191608,loss,800,18,929744
loss.tar,loss_20250426_191201_800rpm_20250426_191609,loss,800,18,993156
fishnet.tar,fishnet_20250426_173818_400rpm_20250426_173821,fishnet,400,18,1008026
fishnet.tar,fishnet_20250426_173818_400rpm_20250426_173822,fishnet,400,18,957256
fishnet.tar,fishnet_20250426_173818_400rpm_20250426_173823,fishnet,400,18,970892
fishnet.tar,fishnet_20250426_173818_400rpm_20250426_173824,fishnet,400,18,951517
fishnet.tar,fishnet_20250426_173818_400rpm_20250426_173825,fishnet,400,18,975974
fishnet.tar,fishnet_20250426_173818_400rpm_20250426_173826,fishnet,400,18,965020
fishnet.tar,fishnet_20250426_173818_400rpm_20250426_173827,fishnet,400,18,971933
fishnet.tar,fishnet_20250426_173818_400rpm_20250426_173828,fishnet,400,18,950347
fishnet.tar,fishnet_20250426_173818_400rpm_20250426_173829,fishnet,400,18,970019
fishnet.tar,fishnet_20250426_173818_400rpm_20250426_173830,fishnet,400,18,959071
fishnet.tar,fishnet_20250426_173818_400rpm_20250426_173831,fishnet,400,18,976661
fishnet.tar,fishnet_20250426_173818_400rpm_20250426_173832,fishnet,400,18,960818
fishnet.tar,fishnet_20250426_173818_400rpm_20250426_173833,fishnet,400,18,973311
fishnet.tar,fishnet_20250426_173818_400rpm_20250426_173834,fishnet,400,18,963647
fishnet.tar,fishnet_20250426_173818_400rpm_20250426_173835,fishnet,400,18,977272
fishnet.tar,fishnet_20250426_173818_400rpm_20250426_173836,fishnet,400,18,961934
fishnet.tar,fishnet_20250426_173818_400rpm_20250426_173837,fishnet,400,18,979706
fishnet.tar,fishnet_20250426_173818_400rpm_20250426_173838,fishnet,400,18,956909
fishnet.tar,fishnet_20250426_173818_400rpm_20250426_173839,fishnet,400,18,974852
fishnet.tar,fishnet_20250426_173818_400rpm_20250426_173840,fishnet,400,18,957805
fishnet.tar,fishnet_20250426_173818_400rpm_20250426_173841,fishnet,400,18,973384
fishnet.tar,fishnet_20250426_173818_400rpm_20250426_173842,fishnet,400,18,959825
fishnet.tar,fishnet_20250426_173818_400rpm_20250426_173843,fishnet,400,18,979176
fishnet.tar,fishnet_20250426_173818_400rpm_20250426_173844,fishnet,400,18,961393
fishnet.tar,fishnet_20250426_173818_400rpm_20250426_173845,fishnet,400,18,973811
fishnet.tar,fishnet_20250426_173818_400rpm_20250426_173846,fishnet,400,18,960013
fishnet.tar,fishnet_20250426_173818_400rpm_20250426_173847,fishnet,400,18,976323
fishnet.tar,fishnet_20250426_173818_400rpm_20250426_173848,fishnet,400,18,959795
fishnet.tar,fishnet_20250426_173818_400rpm_20250426_173849,fishnet,400,18,977806
fishnet.tar,fishnet_20250426_173818_400rpm_20250426_173850,fishnet,400,18,961166
fishnet.tar,fishnet_20250426_173818_400rpm_20250426_173851,fishnet,400,18,977886
fishnet.tar,fishnet_20250426_173818_400rpm_20250426_173852,fishnet,400,18,959659
fishnet.tar,fishnet_20250426_173818_400rpm_20250426_173853,fishnet,400,18,974617
fishnet.tar,fishnet_20250426_173818_400rpm_20250426_173854,fishnet,400,18,958936
fishnet.tar,fishnet_20250426_173818_400rpm_20250426_173855,fishnet,400,18,979661
fishnet.tar,fishnet_20250426_173818_400rpm_20250426_173856,fishnet,400,18,960396
fishnet.tar,fishnet_20250426_173818_400rpm_20250426_173857,fishnet,400,18,976114
fishnet.tar,fishnet_20250426_173818_400rpm_20250426_173858,fishnet,400,18,960636
fishnet.tar,fishnet_20250426_173818_400rpm_20250426_173859,fishnet,400,18,975288
fishnet.tar,fishnet_20250426_173818_400rpm_20250426_173900,fishnet,400,18,957840
fishnet.tar,fishnet_20250426_173818_400rpm_20250426_173901,fishnet,400,18,974204
fishnet.tar,fishnet_20250426_173818_400rpm_20250426_173902,fishnet,400,18,959649
fishnet.tar,fishnet_20250426_173818_400rpm_20250426_173903,fishnet,400,18,976062
fishnet.tar,fishnet_20250426_173818_400rpm_20250426_173904,fishnet,400,18,963330
fishnet.tar,fishnet_20250426_173818_400rpm_20250426_173905,fishnet,400,18,978078
fishnet.tar,fishnet_20250426_173818_400rpm_20250426_173906,fishnet,400,18,960883
fishnet.tar,fishnet_20250426_173818_400rpm_20250426_173907,fishnet,400,18,974236
fishnet.tar,fishnet_20250426_173818_400rpm_20250426_173908,fishnet,400,18,966204
fishnet.tar,fishnet_20250426_173818_400rpm_20250426_173909,fishnet,400,18,980157
fishnet.tar,fishnet_20250426_173818_400rpm_20250426_173910,fishnet,400,18,965288
fishnet.tar,fishnet_20250426_173818_400rpm_20250426_173911,fishnet,400,18,980148
fishnet.tar,fishnet_20250426_173818_400rpm_20250426_173912,fishnet,400,18,959362
fishnet.tar,fishnet_20250426_173818_400rpm_20250426_173913,fishnet,400,18,985708
fishnet.tar,fishnet_20250426_173818_400rpm_20250426_173914,fishnet,400,18,962677
fishnet.tar,fishnet_20250426_173818_400rpm_20250426_173915,fishnet,400,18,976029
fishnet.tar,fishnet_20250426_173818_400rpm_20250426_173916,fishnet,400,18,960047
fishnet.tar,fishnet_20250426_173818_400rpm_20250426_173917,fishnet,400,18,979280
fishnet.tar,fishnet_20250426_173818_400rpm_20250426_173918,fishnet,400,18,960470
fishnet.tar,fishnet_20250426_173818_400rpm_20250426_173919,fishnet,400,18,983081
fishnet.tar,fishnet_20250426_173818_400rpm_20250426_173920,fishnet,400,18,966800
fishnet.tar,fishnet_20250426_173818_400rpm_20250426_173921,fishnet,400,18,975288
fishnet.tar,fishnet_20250426_173818_400rpm_20250426_173922,fishnet,400,18,969579
fishnet.tar,fishnet_20250426_173818_400rpm_20250426_173923,fishnet,400,18,971484
fishnet.tar,fishnet_20250426_173818_400rpm_20250426_173924,fishnet,400,18,962209
fishnet.tar,fishnet_20250426_173818_400rpm_20250426_173925,fishnet,400,18,975380
fishnet.tar,fishnet_20250426_173818_400rpm_20250426_173926,fishnet,400,18,962556
fishnet.tar,fishnet_20250426_173818_400rpm_20250426_173927,fishnet,400,18,967995
fishnet.tar,fishnet_20250426_173818_400rpm_20250426_173928,fishnet,400,18,964473
fishnet.tar,fishnet_20250426_173818_400rpm_20250426_173929,fishnet,400,18,935795
fishnet.tar,fishnet_20250426_173818_400rpm_20250426_173930,fishnet,400,18,983975
fishnet.tar,fishnet_20250426_173818_400rpm_20250426_173931,fishnet,400,18,981060
fishnet.tar,fishnet_20250426_173818_400rpm_20250426_173932,fishnet,400,18,964010
fishnet.tar,fishnet_20250426_173818_400rpm_20250426_173933,fishnet,400,18,976402
fishnet.tar,fishnet_20250426_173818_400rpm_20250426_173934,fishnet,400,18,966461
fishnet.tar,fishnet_20250426_173818_400rpm_20250426_173935,fishnet,400,18,980822
fishnet.tar,fishnet_20250426_173818_400rpm_20250426_173936,fishnet,400,18,967500
fishnet.tar,fishnet_20250426_173818_400rpm_20250426_173937,fishnet,400,18,981322
fishnet.tar,fishnet_20250426_173818_400rpm_20250426_173938,fishnet,400,18,966621
fishnet.tar,fishnet_20250426_173818_400rpm_20250426_173939,fishnet,400,18,977343
fishnet.tar,fishnet_20250426_173818_400rpm_20250426_173940,fishnet,400,18,968025
fishnet.tar,fishnet_20250426_173818_400rpm_20250426_173941,fishnet,400,18,965937
fishnet.tar,fishnet_20250426_173818_400rpm_20250426_173942,fishnet,400,18,960931
fishnet.tar,fishnet_20250426_173818_400rpm_20250426_173943,fishnet,400,18,978656
fishnet.tar,fishnet_20250426_173818_400rpm_20250426_173944,fishnet,400,18,961887
fishnet.tar,fishnet_20250426_173818_400rpm_20250426_173945,fishnet,400,18,977131
fishnet.tar,fishnet_20250426_173818_400rpm_20250426_173946,fishnet,400,18,968848
fishnet.tar,fishnet_20250426_173818_400rpm_20250426_173947,fishnet,400,18,981391
fishnet.tar,fishnet_20250426_173818_400rpm_20250426_173948,fishnet,400,18,960670
fishnet.tar,fishnet_20250426_173818_400rpm_20250426_173949,fishnet,400,18,978789
fishnet.tar,fishnet_20250426_173818_400rpm_20250426_173950,fishnet,400,18,964950
fishnet.tar,fishnet_20250426_173818_400rpm_20250426_173951,fishnet,400,18,981708
fishnet.tar,fishnet_20250426_173818_400rpm_20250426_173952,fishnet,400,18,966561
fishnet.tar,fishnet_20250426_173818_400rpm_20250426_173953,fishnet,400,18,978853
fishnet.tar,fishnet_20250426_173818_400rpm_20250426_173954,fishnet,400,18,964160
fishnet.tar,fishnet_20250426_173818_400rpm_20250426_173955,fishnet,400,18,980362
fishnet.tar,fishnet_20250426_173818_400rpm_20250426_173956,fishnet,400,18,967721
fishnet.tar,fishnet_20250426_173818_400rpm_20250426_173957,fishnet,400,18,982214
fishnet.tar,fishnet_20250426_173818_400rpm_20250426_173958,fishnet,400,18,967667
fishnet.tar,fishnet_20250426_173818_400rpm_20250426_173959,fishnet,400,18,980451
fishnet.tar,fishnet_20250426_173818_400rpm_20250426_174000,fishnet,400,18,968092
fishnet.tar,fishnet_20250426_173818_400rpm_20250426_174001,fishnet,400,18,983009
fishnet.tar,fishnet_20250426_173818_400rpm_20250426_174002,fishnet,400,18,964388
fishnet.tar,fishnet_20250426_173818_400rpm_20250426_174003,fishnet,400,18,981903
fishnet.tar,fishnet_20250426_173818_400rpm_20250426_174004,fishnet,400,18,967832
fishnet.tar,fishnet_20250426_173818_400rpm_20250426_174005,fishnet,400,18,982752
fishnet.tar,fishnet_20250426_173818_400rpm_20250426_174006,fishnet,400,18,967645
fishnet.tar,fishnet_20250426_173818_400rpm_20250426_174007,fishnet,400,18,982869
fishnet.tar,fishnet_20250426_173818_400rpm_20250426_174008,fishnet,400,18,973264
fishnet.tar,fishnet_20250426_173818_400rpm_20250426_174009,fishnet,400,18,981486
fishnet.tar,fishnet_20250426_173818_400rpm_20250426_174010,fishnet,400,18,964077
fishnet.tar,fishnet_20250426_173818_400rpm_20250426_174011,fishnet,400,18,978475
fishnet.tar,fishnet_20250426_173818_400rpm_20250426_174012,fishnet,400,18,969554
fishnet.tar,fishnet_20250426_173818_400rpm_20250426_174013,fishnet,400,18,983363
fishnet.tar,fishnet_20250426_173818_400rpm_20250426_174014,fishnet,400,18,963289
fishnet.tar,fishnet_20250426_173818_400rpm_20250426_174015,fishnet,400,18,984141
fishnet.tar,fishnet_20250426_173818_400rpm_20250426_174016,fishnet,400,18,971023
fishnet.tar,fishnet_20250426_173818_400rpm_20250426_174017,fishnet,400,18,982159
fishnet.tar,fishnet_20250426_173818_400rpm_20250426_174018,fishnet,400,18,961601
fishnet.tar,fishnet_20250426_173818_400rpm_20250426_174019,fishnet,400,18,978727
fishnet.tar,fishnet_20250426_173818_400rpm_20250426_174020,fishnet,400,18,970507
fishnet.tar,fishnet_20250426_173818_400rpm_20250426_174021,fishnet,400,18,988154
fishnet.tar,fishnet_20250426_173818_400rpm_20250426_174022,fishnet,400,18,966604
fishnet.tar,fishnet_20250426_173818_400rpm_20250426_174023,fishnet,400,18,972385
fishnet.tar,fishnet_20250426_173818_400rpm_20250426_174024,fishnet,400,18,974925
fishnet.tar,fishnet_20250426_173818_400rpm_20250426_174025,fishnet,400,18,983100
fishnet.tar,fishnet_20250426_173818_400rpm_20250426_174026,fishnet,400,18,968192
fishnet.tar,fishnet_20250426_173818_400rpm_20250426_174027,fishnet,400,18,980748
fishnet.tar,fishnet_20250426_173818_400rpm_20250426_174028,fishnet,400,18,965072
fishnet.tar,fishnet_20250426_173818_400rpm_20250426_174029,fishnet,400,18,983901
fishnet.tar,fishnet_20250426_173818_400rpm_20250426_174030,fishnet,400,18,969639
fishnet.tar,fishnet_20250426_173818_400rpm_20250426_174031,fishnet,400,18,986412
fishnet.tar,fishnet_20250426_173818_400rpm_20250426_174032,fishnet,400,18,968320
fishnet.tar,fishnet_20250426_173818_400rpm_20250426_174033,fishnet,400,18,960463
fishnet.tar,fishnet_20250426_173818_400rpm_20250426_174034,fishnet,400,18,950084
fishnet.tar,fishnet_20250426_173818_400rpm_20250426_174035,fishnet,400,18,958029
fishnet.tar,fishnet_20250426_173818_400rpm_20250426_174036,fishnet,400,18,953395
fishnet.tar,fishnet_20250426_173818_400rpm_20250426_174037,fishnet,400,18,960413
fishnet.tar,fishnet_20250426_173818_400rpm_20250426_174038,fishnet,400,18,948955
fishnet.tar,fishnet_20250426_173818_400rpm_20250426_174039,fishnet,400,18,954141
fishnet.tar,fishnet_20250426_173818_400rpm_20250426_174040,fishnet,400,18,951230
fishnet.tar,fishnet_20250426_173818_400rpm_20250426_174041,fishnet,400,18,956695
fishnet.tar,fishnet_20250426_173818_400rpm_20250426_174042,fishnet,400,18,945941
fishnet.tar,fishnet_20250426_173818_400rpm_20250426_174043,fishnet,400,18,951938
fishnet.tar,fishnet_20250426_173818_400rpm_20250426_174044,fishnet,400,18,948878
fishnet.tar,fishnet_20250426_173818_400rpm_20250426_174045,fishnet,400,18,960037
fishnet.tar,fishnet_20250426_173818_400rpm_20250426_174046,fishnet,400,18,950628
fishnet.tar,fishnet_20250426_173818_400rpm_20250426_174047,fishnet,400,18,965071
fishnet.tar,fishnet_20250426_173818_400rpm_20250426_174048,fishnet,400,18,951061
fishnet.tar,fishnet_20250426_173818_400rpm_20250426_174049,fishnet,400,18,960545
fishnet.tar,fishnet_20250426_173818_400rpm_20250426_174050,fishnet,400,18,956078
fishnet.tar,fishnet_20250426_173818_400rpm_20250426_174051,fishnet,400,18,962551
fishnet.tar,fishnet_20250426_173818_400rpm_20250426_174052,fishnet,400,18,951730
fishnet.tar,fishnet_20250426_173818_400rpm_20250426_174053,fishnet,400,18,956854
fishnet.tar,fishnet_20250426_173818_400rpm_20250426_174054,fishnet,400,18,944299
fishnet.tar,fishnet_20250426_173818_400rpm_20250426_174055,fishnet,400,18,956577
fishnet.tar,fishnet_20250426_173818_400rpm_20250426_174056,fishnet,400,18,948980
fishnet.tar,fishnet_20250426_173818_400rpm_20250426_174057,fishnet,400,18,969878
fishnet.tar,fishnet_20250426_173818_400rpm_20250426_174058,fishnet,400,18,951784
fishnet.tar,fishnet_20250426_173818_400rpm_20250426_174059,fishnet,400,18,966635
fishnet.tar,fishnet_20250426_173818_400rpm_20250426_174100,fishnet,400,18,950479
fishnet.tar,fishnet_20250426_173818_400rpm_20250426_174101,fishnet,400,18,962995
fishnet.tar,fishnet_20250426_173818_400rpm_20250426_174102,fishnet,400,18,949790
fishnet.tar,fishnet_20250426_173818_400rpm_20250426_174103,fishnet,400,18,961409
fishnet.tar,fishnet_20250426_173818_400rpm_20250426_174104,fishnet,400,18,949440
fishnet.tar,fishnet_20250426_173818_400rpm_20250426_174105,fishnet,400,18,956646
fishnet.tar,fishnet_20250426_173818_400rpm_20250426_174106,fishnet,400,18,952717
fishnet.tar,fishnet_20250426_173818_400rpm_20250426_174107,fishnet,400,18,959951
fishnet.tar,fishnet_20250426_173818_400rpm_20250426_174108,fishnet,400,18,951659
fishnet.tar,fishnet_20250426_173818_400rpm_20250426_174109,fishnet,400,18,957828
fishnet.tar,fishnet_20250426_173818_400rpm_20250426_174110,fishnet,400,18,950513
fishnet.tar,fishnet_20250426_173818_400rpm_20250426_174111,fishnet,400,18,956718
fishnet.tar,fishnet_20250426_173818_400rpm_20250426_174112,fishnet,400,18,950463
fishnet.tar,fishnet_20250426_173818_400rpm_20250426_174113,fishnet,400,18,960098
fishnet.tar,fishnet_20250426_173818_400rpm_20250426_174114,fishnet,400,18,951562
fishnet.tar,fishnet_20250426_173818_400rpm_20250426_174115,fishnet,400,18,960333
fishnet.tar,fishnet_20250426_173818_400rpm_20250426_174116,fishnet,400,18,947742
fishnet.tar,fishnet_20250426_173818_400rpm_20250426_174117,fishnet,400,18,957065
fishnet.tar,fishnet_20250426_173818_400rpm_20250426_174118,fishnet,400,18,946825
fishnet.tar,fishnet_20250426_173818_400rpm_20250426_174119,fishnet,400,18,961583
fishnet.tar,fishnet_20250426_173818_400rpm_20250426_174120,fishnet,400,18,948402
fishnet.tar,fishnet_20250426_173818_400rpm_20250426_174121,fishnet,400,18,960167
fishnet.tar,fishnet_20250426_173818_400rpm_20250426_174122,fishnet,400,18,944117
fishnet.tar,fishnet_20250426_173818_400rpm_20250426_174123,fishnet,400,18,961577
fishnet.tar,fishnet_20250426_173818_400rpm_20250426_174124,fishnet,400,18,946843
fishnet.tar,fishnet_20250426_173818_400rpm_20250426_174125,fishnet,400,18,965215
fishnet.tar,fishnet_20250426_173818_400rpm_20250426_174126,fishnet,400,18,949715
fishnet.tar,fishnet_20250426_173818_400rpm_20250426_174127,fishnet,400,18,966442
fishnet.tar,fishnet_20250426_173818_400rpm_20250426_174128,fishnet,400,18,945179
fishnet.tar,fishnet_20250426_173818_400rpm_20250426_174129,fishnet,400,18,962581
fishnet.tar,fishnet_20250426_173818_400rpm_20250426_174130,fishnet,400,18,948818
fishnet.tar,fishnet_20250426_173818_400rpm_20250426_174131,fishnet,400,18,960071
fishnet.tar,fishnet_20250426_173818_400rpm_20250426_174132,fishnet,400,18,948356
fishnet.tar,fishnet_20250426_173818_400rpm_20250426_174133,fishnet,400,18,961523
fishnet.tar,fishnet_20250426_173818_400rpm_20250426_174134,fishnet,400,18,952144
fishnet.tar,fishnet_20250426_173818_400rpm_20250426_174135,fishnet,400,18,966307
fishnet.tar,fishnet_20250426_173818_400rpm_20250426_174136,fishnet,400,18,948512
fishnet.tar,fishnet_20250426_173818_400rpm_20250426_174137,fishnet,400,18,969779
fishnet.tar,fishnet_20250426_173818_400rpm_20250426_174138,fishnet,400,18,955022
fishnet.tar,fishnet_20250426_173818_400rpm_20250426_174139,fishnet,400,18,962617
fishnet.tar,fishnet_20250426_173818_400rpm_20250426_174140,fishnet,400,18,953968
fishnet.tar,fishnet_20250426_173818_400rpm_20250426_174141,fishnet,400,18,962798
fishnet.tar,fishnet_20250426_173818_400rpm_20250426_174142,fishnet,400,18,957779
fishnet.tar,fishnet_20250426_173818_400rpm_20250426_174143,fishnet,400,18,963235
fishnet.tar,fishnet_20250426_173818_400rpm_20250426_174144,fishnet,400,18,951069
fishnet.tar,fishnet_20250426_173818_400rpm_20250426_174145,fishnet,400,18,954341
fishnet.tar,fishnet_20250426_173818_400rpm_20250426_174146,fishnet,400,18,948734
fishnet.tar,fishnet_20250426_173818_400rpm_20250426_174147,fishnet,400,18,957745
fishnet.tar,fishnet_20250426_173818_400rpm_20250426_174148,fishnet,400,18,949842
fishnet.tar,fishnet_20250426_173818_400rpm_20250426_174149,fishnet,400,18,958229
fishnet.tar,fishnet_20250426_173818_400rpm_20250426_174150,fishnet,400,18,952720
fishnet.tar,fishnet_20250426_173818_400rpm_20250426_174151,fishnet,400,18,955120
fishnet.tar,fishnet_20250426_173818_400rpm_20250426_174152,fishnet,400,18,946788
fishnet.tar,fishnet_20250426_173818_400rpm_20250426_174153,fishnet,400,18,956768
fishnet.tar,fishnet_20250426_173818_400rpm_20250426_174154,fishnet,400,18,953478
fishnet.tar,fishnet_20250426_173818_400rpm_20250426_174155,fishnet,400,18,961835
fishnet.tar,fishnet_20250426_173818_400rpm_20250426_174156,fishnet,400,18,947142
fishnet.tar,fishnet_20250426_173818_400rpm_20250426_174157,fishnet,400,18,954070
fishnet.tar,fishnet_20250426_173818_400rpm_20250426_174158,fishnet,400,18,954161
fishnet.tar,fishnet_20250426_173818_400rpm_20250426_174159,fishnet,400,18,960274
fishnet.tar,fishnet_20250426_173818_400rpm_20250426_174200,fishnet,400,18,954062
fishnet.tar,fishnet_20250426_173818_400rpm_20250426_174201,fishnet,400,18,960674
fishnet.tar,fishnet_20250426_173818_400rpm_20250426_174202,fishnet,400,18,946696
fishnet.tar,fishnet_20250426_173818_400rpm_20250426_174203,fishnet,400,18,957201
fishnet.tar,fishnet_20250426_173818_400rpm_20250426_174204,fishnet,400,18,957144
fishnet.tar,fishnet_20250426_173818_400rpm_20250426_174205,fishnet,400,18,959664
fishnet.tar,fishnet_20250426_173818_400rpm_20250426_174206,fishnet,400,18,951155
fishnet.tar,fishnet_20250426_174229_600rpm_20250426_174231,fishnet,600,18,1000001
fishnet.tar,fishnet_20250426_174229_600rpm_20250426_174232,fishnet,600,18,946872
fishnet.tar,fishnet_20250426_174229_600rpm_20250426_174233,fishnet,600,18,918926
fishnet.tar,fishnet_20250426_174229_600rpm_20250426_174234,fishnet,600,18,961296
fishnet.tar,fishnet_20250426_174229_600rpm_20250426_174235,fishnet,600,18,937853
fishnet.tar,fishnet_20250426_174229_600rpm_20250426_174236,fishnet,600,18,956847
fishnet.tar,fishnet_20250426_174229_600rpm_20250426_174237,fishnet,600,18,941005
fishnet.tar,fishnet_20250426_174229_600rpm_20250426_174238,fishnet,600,18,968919
fishnet.tar,fishnet_20250426_174229_600rpm_20250426_174239,fishnet,600,18,942561
fishnet.tar,fishnet_20250426_174229_600rpm_20250426_174240,fishnet,600,18,969062
fishnet.tar,fishnet_20250426_174229_600rpm_20250426_174241,fishnet,600,18,941870
fishnet.tar,fishnet_20250426_174229_600rpm_20250426_174242,fishnet,600,18,964600
fishnet.tar,fishnet_20250426_174229_600rpm_20250426_174243,fishnet,600,18,948089
fishnet.tar,fishnet_20250426_174229_600rpm_20250426_174244,fishnet,600,18,968888
fishnet.tar,fishnet_20250426_174229_600rpm_20250426_174245,fishnet,600,18,942416
fishnet.tar,fishnet_20250426_174229_600rpm_20250426_174246,fishnet,600,18,967778
fishnet.tar,fishnet_20250426_174229_600rpm_20250426_174247,fishnet,600,18,946616
fishnet.tar,fishnet_20250426_174229_600rpm_20250426_174248,fishnet,600,18,968918
fishnet.tar,fishnet_20250426_174229_600rpm_20250426_174249,fishnet,600,18,949150
fishnet.tar,fishnet_20250426_174229_600rpm_20250426_174250,fishnet,600,18,962677
fishnet.tar,fishnet_20250426_174229_600rpm_20250426_174251,fishnet,600,18,947311
fishnet.tar,fishnet_20250426_174229_600rpm_20250426_174252,fishnet,600,18,960234
fishnet.tar,fishnet_20250426_174229_600rpm_20250426_174253,fishnet,600,18,941312
fishnet.tar,fishnet_20250426_174229_600rpm_20250426_174254,fishnet,600,18,964873
fishnet.tar,fishnet_20250426_174229_600rpm_20250426_174255,fishnet,600,18,943191
fishnet.tar,fishnet_20250426_174229_600rpm_20250426_174256,fishnet,600,18,968079
fishnet.tar,fishnet_20250426_174229_600rpm_20250426_174257,fishnet,600,18,940007
fishnet.tar,fishnet_20250426_174229_600rpm_20250426_174258,fishnet,600,18,963960
fishnet.tar,fishnet_20250426_174229_600rpm_20250426_174259,fishnet,600,18,943088
fishnet.tar,fishnet_20250426_174229_600rpm_20250426_174300,fishnet,600,18,964512
fishnet.tar,fishnet_20250426_174229_600rpm_20250426_174301,fishnet,600,18,946849
fishnet.tar,fishnet_20250426_174229_600rpm_20250426_174302,fishnet,600,18,965123
fishnet.tar,fishnet_20250426_174229_600rpm_20250426_174303,fishnet,600,18,941326
fishnet.tar,fishnet_20250426_174229_600rpm_20250426_174304,fishnet,600,18,963968
fishnet.tar,fishnet_20250426_174229_600rpm_20250426_174305,fishnet,600,18,939300
fishnet.tar,fishnet_20250426_174229_600rpm_20250426_174306,fishnet,600,18,965281
fishnet.tar,fishnet_20250426_174229_600rpm_20250426_174307,fishnet,600,18,945002
fishnet.tar,fishnet_20250426_174229_600rpm_20250426_174308,fishnet,600,18,967042
fishnet.tar,fishnet_20250426_174229_600rpm_20250426_174309,fishnet,600,18,944116
fishnet.tar,fishnet_20250426_174229_600rpm_20250426_174310,fishnet,600,18,965042
fishnet.tar,fishnet_20250426_174229_600rpm_20250426_174311,fishnet,600,18,943194
fishnet.tar,fishnet_20250426_174229_600rpm_20250426_174312,fishnet,600,18,964751
fishnet.tar,fishnet_20250426_174229_600rpm_20250426_174313,fishnet,600,18,947609
fishnet.tar,fishnet_20250426_174229_600rpm_20250426_174314,fishnet,600,18,970992
fishnet.tar,fishnet_20250426_174229_600rpm_20250426_174315,fishnet,600,18,947406
fishnet.tar,fishnet_20250426_174229_600rpm_20250426_174316,fishnet,600,18,965015
fishnet.tar,fishnet_20250426_174229_600rpm_20250426_174317,fishnet,600,18,941247
fishnet.tar,fishnet_20250426_174229_600rpm_20250426_174318,fishnet,600,18,950237
fishnet.tar,fishnet_20250426_174229_600rpm_20250426_174319,fishnet,600,18,951823
fishnet.tar,fishnet_20250426_174229_600rpm_20250426_174320,fishnet,600,18,967362
fishnet.tar,fishnet_20250426_174229_600rpm_20250426_174321,fishnet,600,18,938968
fishnet.tar,fishnet_20250426_174229_600rpm_20250426_174322,fishnet,600,18,967634
fishnet.tar,fishnet_20250426_174229_600rpm_20250426_174323,fishnet,600,18,947007
fishnet.tar,fishnet_20250426_174229_600rpm_20250426_174324,fishnet,600,18,963818
fishnet.tar,fishnet_20250426_174229_600rpm_20250426_174325,fishnet,600,18,943173
fishnet.tar,fishnet_20250426_174229_600rpm_20250426_174326,fishnet,600,18,966295
fishnet.tar,fishnet_20250426_174229_600rpm_20250426_174327,fishnet,600,18,941767
fishnet.tar,fishnet_20250426_174229_600rpm_20250426_174328,fishnet,600,18,959957
fishnet.tar,fishnet_20250426_174229_600rpm_20250426_174329,fishnet,600,18,937699
fishnet.tar,fishnet_20250426_174229_600rpm_20250426_174330,fishnet,600,18,961877
fishnet.tar,fishnet_20250426_174229_600rpm_20250426_174331,fishnet,600,18,942689
fishnet.tar,fishnet_20250426_174229_600rpm_20250426_174332,fishnet,600,18,965656
fishnet.tar,fishnet_20250426_174229_600rpm_20250426_174333,fishnet,600,18,943854
fishnet.tar,fishnet_20250426_174229_600rpm_20250426_174334,fishnet,600,18,965379
fishnet.tar,fishnet_20250426_174229_600rpm_20250426_174335,fishnet,600,18,940358
fishnet.tar,fishnet_20250426_174229_600rpm_20250426_174336,fishnet,600,18,960519
fishnet.tar,fishnet_20250426_174229_600rpm_20250426_174337,fishnet,600,18,940254
fishnet.tar,fishnet_20250426_174229_600rpm_20250426_174338,fishnet,600,18,964277
fishnet.tar,fishnet_20250426_174229_600rpm_20250426_174339,fishnet,600,18,940061
fishnet.tar,fishnet_20250426_174229_600rpm_20250426_174340,fishnet,600,18,963791
fishnet.tar,fishnet_20250426_174229_600rpm_20250426_174341,fishnet,600,18,934355
fishnet.tar,fishnet_20250426_174229_600rpm_20250426_174342,fishnet,600,18,962562
fishnet.tar,fishnet_20250426_174229_600rpm_20250426_174343,fishnet,600,18,944140
fishnet.tar,fishnet_20250426_174229_600rpm_20250426_174344,fishnet,600,18,965412
fishnet.tar,fishnet_20250426_174229_600rpm_20250426_174345,fishnet,600,18,943196
fishnet.tar,fishnet_20250426_174229_600rpm_20250426_174346,fishnet,600,18,960145
fishnet.tar,fishnet_20250426_174229_600rpm_20250426_174347,fishnet,600,18,936436
fishnet.tar,fishnet_20250426_174229_600rpm_20250426_174348,fishnet,600,18,962353
fishnet.tar,fishnet_20250426_174229_600rpm_20250426_174349,fishnet,600,18,940955
fishnet.tar,fishnet_20250426_174229_600rpm_20250426_174350,fishnet,600,18,963367
fishnet.tar,fishnet_20250426_174229_600rpm_20250426_174351,fishnet,600,18,942964
fishnet.tar,fishnet_20250426_174229_600rpm_20250426_174352,fishnet,600,18,960777
fishnet.tar,fishnet_20250426_174229_600rpm_20250426_174353,fishnet,600,18,935529
fishnet.tar,fishnet_20250426_174229_600rpm_20250426_174354,fishnet,600,18,959394
fishnet.tar,fishnet_20250426_174229_600rpm_20250426_174355,fishnet,600,18,937947
fishnet.tar,fishnet_20250426_174229_600rpm_20250426_174356,fishnet,600,18,959752
fishnet.tar,fishnet_20250426_174229_600rpm_20250426_174357,fishnet,600,18,932930
fishnet.tar,fishnet_20250426_174229_600rpm_20250426_174358,fishnet,600,18,958311
fishnet.tar,fishnet_20250426_174229_600rpm_20250426_174359,fishnet,600,18,933326
fishnet.tar,fishnet_20250426_174229_600rpm_20250426_174400,fishnet,600,18,958603
fishnet.tar,fishnet_20250426_174229_600rpm_20250426_174401,fishnet,600,18,939538
fishnet.tar,fishnet_20250426_174229_600rpm_20250426_174402,fishnet,600,18,960885
fishnet.tar,fishnet_20250426_174229_600rpm_20250426_174403,fishnet,600,18,935230
fishnet.tar,fishnet_20250426_174229_600rpm_20250426_174404,fishnet,600,18,959446
fishnet.tar,fishnet_20250426_174229_600rpm_20250426_174405,fishnet,600,18,935660
fishnet.tar,fishnet_20250426_174229_600rpm_20250426_174406,fishnet,600,18,957968
fishnet.tar,fishnet_20250426_174229_600rpm_20250426_174407,fishnet,600,18,937767
fishnet.tar,fishnet_20250426_174229_600rpm_20250426_174408,fishnet,600,18,962851
fishnet.tar,fishnet_20250426_174229_600rpm_20250426_174409,fishnet,600,18,940988
fishnet.tar,fishnet_20250426_174229_600rpm_20250426_174410,fishnet,600,18,982831
fishnet.tar,fishnet_20250426_174229_600rpm_20250426_174411,fishnet,600,18,941930
fishnet.tar,fishnet_20250426_174229_600rpm_20250426_174412,fishnet,600,18,957851
fishnet.tar,fishnet_20250426_174229_600rpm_20250426_174413,fishnet,600,18,927259
fishnet.tar,fishnet_20250426_174229_600rpm_20250426_174414,fishnet,600,18,944001
fishnet.tar,fishnet_20250426_174229_600rpm_20250426_174415,fishnet,600,18,942397
fishnet.tar,fishnet_20250426_174229_600rpm_20250426_174416,fishnet,600,18,953910
fishnet.tar,fishnet_20250426_174229_600rpm_20250426_174417,fishnet,600,18,932214
fishnet.tar,fishnet_20250426_174229_600rpm_20250426_174418,fishnet,600,18,955400
fishnet.tar,fishnet_20250426_174229_600rpm_20250426_174419,fishnet,600,18,938087
fishnet.tar,fishnet_20250426_174229_600rpm_20250426_174420,fishnet,600,18,954702
fishnet.tar,fishnet_20250426_174229_600rpm_20250426_174421,fishnet,600,18,930155
fishnet.tar,fishnet_20250426_174229_600rpm_20250426_174422,fishnet,600,18,952275
fishnet.tar,fishnet_20250426_174229_600rpm_20250426_174423,fishnet,600,18,924786
fishnet.tar,fishnet_20250426_174229_600rpm_20250426_174424,fishnet,600,18,947153
fishnet.tar,fishnet_20250426_174229_600rpm_20250426_174425,fishnet,600,18,921935
fishnet.tar,fishnet_20250426_174229_600rpm_20250426_174426,fishnet,600,18,949564
fishnet.tar,fishnet_20250426_174229_600rpm_20250426_174427,fishnet,600,18,928134
fishnet.tar,fishnet_20250426_174229_600rpm_20250426_174428,fishnet,600,18,950110
fishnet.tar,fishnet_20250426_174229_600rpm_20250426_174429,fishnet,600,18,927435
fishnet.tar,fishnet_20250426_174229_600rpm_20250426_174430,fishnet,600,18,944561
fishnet.tar,fishnet_20250426_174229_600rpm_20250426_174431,fishnet,600,18,924338
fishnet.tar,fishnet_20250426_174229_600rpm_20250426_174432,fishnet,600,18,948133
fishnet.tar,fishnet_20250426_174229_600rpm_20250426_174433,fishnet,600,18,932063
fishnet.tar,fishnet_20250426_174229_600rpm_20250426_174434,fishnet,600,18,945773
fishnet.tar,fishnet_20250426_174229_600rpm_20250426_174435,fishnet,600,18,927612
fishnet.tar,fishnet_20250426_174229_600rpm_20250426_174436,fishnet,600,18,951511
fishnet.tar,fishnet_20250426_174229_600rpm_20250426_174437,fishnet,600,18,920842
fishnet.tar,fishnet_20250426_174229_600rpm_20250426_174438,fishnet,600,18,948931
fishnet.tar,fishnet_20250426_174229_600rpm_20250426_174439,fishnet,600,18,925915
fishnet.tar,fishnet_20250426_174229_600rpm_20250426_174440,fishnet,600,18,941570
fishnet.tar,fishnet_20250426_174229_600rpm_20250426_174441,fishnet,600,18,934994
fishnet.tar,fishnet_20250426_174229_600rpm_20250426_174442,fishnet,600,18,943494
fishnet.tar,fishnet_20250426_174229_600rpm_20250426_174443,fishnet,600,18,928421
fishnet.tar,fishnet_20250426_174229_600rpm_20250426_174444,fishnet,600,18,948182
fishnet.tar,fishnet_20250426_174229_600rpm_20250426_174445,fishnet,600,18,926708
fishnet.tar,fishnet_20250426_174229_600rpm_20250426_174446,fishnet,600,18,946895
fishnet.tar,fishnet_20250426_174229_600rpm_20250426_174447,fishnet,600,18,924774
fishnet.tar,fishnet_20250426_174229_600rpm_20250426_174448,fishnet,600,18,949618
fishnet.tar,fishnet_20250426_174229_600rpm_20250426_174449,fishnet,600,18,924933
fishnet.tar,fishnet_20250426_174229_600rpm_20250426_174450,fishnet,600,18,951941
fishnet.tar,fishnet_20250426_174229_600rpm_20250426_174451,fishnet,600,18,931959
fishnet.tar,fishnet_20250426_174229_600rpm_20250426_174452,fishnet,600,18,951675
fishnet.tar,fishnet_20250426_174229_600rpm_20250426_174453,fishnet,600,18,923865
fishnet.tar,fishnet_20250426_174229_600rpm_20250426_174454,fishnet,600,18,949286
fishnet.tar,fishnet_20250426_174229_600rpm_20250426_174455,fishnet,600,18,931812
fishnet.tar,fishnet_20250426_174229_600rpm_20250426_174456,fishnet,600,18,952033
fishnet.tar,fishnet_20250426_174229_600rpm_20250426_174457,fishnet,600,18,928448
fishnet.tar,fishnet_20250426_174229_600rpm_20250426_174458,fishnet,600,18,950378
fishnet.tar,fishnet_20250426_174229_600rpm_20250426_174459,fishnet,600,18,935421
fishnet.tar,fishnet_20250426_174229_600rpm_20250426_174500,fishnet,600,18,939613
fishnet.tar,fishnet_20250426_174229_600rpm_20250426_174501,fishnet,600,18,926136
fishnet.tar,fishnet_20250426_174229_600rpm_20250426_174502,fishnet,600,18,952684
fishnet.tar,fishnet_20250426_174229_600rpm_20250426_174503,fishnet,600,18,928865
fishnet.tar,fishnet_20250426_174229_600rpm_20250426_174504,fishnet,600,18,952936
fishnet.tar,fishnet_20250426_174229_600rpm_20250426_174505,fishnet,600,18,926742
fishnet.tar,fishnet_20250426_174229_600rpm_20250426_174506,fishnet,600,18,950031
fishnet.tar,fishnet_20250426_174229_600rpm_20250426_174507,fishnet,600,18,929561
fishnet.tar,fishnet_20250426_174229_600rpm_20250426_174508,fishnet,600,18,952662
fishnet.tar,fishnet_20250426_174229_600rpm_20250426_174509,fishnet,600,18,924925
fishnet.tar,fishnet_20250426_174229_600rpm_20250426_174510,fishnet,600,18,948324
fishnet.tar,fishnet_20250426_174229_600rpm_20250426_174511,fishnet,600,18,924101
fishnet.tar,fishnet_20250426_174229_600rpm_20250426_174512,fishnet,600,18,948608
fishnet.tar,fishnet_20250426_174229_600rpm_20250426_174513,fishnet,600,18,928460
fishnet.tar,fishnet_20250426_174229_600rpm_20250426_174514,fishnet,600,18,951160
fishnet.tar,fishnet_20250426_174229_600rpm_20250426_174515,fishnet,600,18,929588
fishnet.tar,fishnet_20250426_174229_600rpm_20250426_174516,fishnet,600,18,952689
fishnet.tar,fishnet_20250426_174229_600rpm_20250426_174517,fishnet,600,18,930440
fishnet.tar,fishnet_20250426_174229_600rpm_20250426_174518,fishnet,600,18,952730
fishnet.tar,fishnet_20250426_174229_600rpm_20250426_174519,fishnet,600,18,929827
fishnet.tar,fishnet_20250426_174229_600rpm_20250426_174520,fishnet,600,18,952888
fishnet.tar,fishnet_20250426_174229_600rpm_20250426_174521,fishnet,600,18,932166
fishnet.tar,fishnet_20250426_174229_600rpm_20250426_174522,fishnet,600,18,958081
fishnet.tar,fishnet_20250426_174229_600rpm_20250426_174523,fishnet,600,18,925390
fishnet.tar,fishnet_20250426_174229_600rpm_20250426_174524,fishnet,600,18,954112
fishnet.tar,fishnet_20250426_174229_600rpm_20250426_174525,fishnet,600,18,934788
fishnet.tar,fishnet_20250426_174229_600rpm_20250426_174526,fishnet,600,18,955636
fishnet.tar,fishnet_20250426_174229_600rpm_20250426_174527,fishnet,600,18,935029
fishnet.tar,fishnet_20250426_174229_600rpm_20250426_174528,fishnet,600,18,954197
fishnet.tar,fishnet_20250426_174229_600rpm_20250426_174529,fishnet,600,18,930047
fishnet.tar,fishnet_20250426_174229_600rpm_20250426_174530,fishnet,600,18,956510
fishnet.tar,fishnet_20250426_174229_600rpm_20250426_174531,fishnet,600,18,932444
fishnet.tar,fishnet_20250426_174229_600rpm_20250426_174532,fishnet,600,18,957429
fishnet.tar,fishnet_20250426_174229_600rpm_20250426_174533,fishnet,600,18,929356
fishnet.tar,fishnet_20250426_174229_600rpm_20250426_174534,fishnet,600,18,951862
fishnet.tar,fishnet_20250426_174229_600rpm_20250426_174535,fishnet,600,18,932274
fishnet.tar,fishnet_20250426_174229_600rpm_20250426_174536,fishnet,600,18,957470
fishnet.tar,fishnet_20250426_174229_600rpm_20250426_174537,fishnet,600,18,933751
fishnet.tar,fishnet_20250426_174229_600rpm_20250426_174538,fishnet,600,18,959791
fishnet.tar,fishnet_20250426_174229_600rpm_20250426_174539,fishnet,600,18,939337
fishnet.tar,fishnet_20250426_174229_600rpm_20250426_174540,fishnet,600,18,959529
fishnet.tar,fishnet_20250426_174229_600rpm_20250426_174541,fishnet,600,18,933184
fishnet.tar,fishnet_20250426_174229_600rpm_20250426_174542,fishnet,600,18,956825
fishnet.tar,fishnet_20250426_174229_600rpm_20250426_174543,fishnet,600,18,931148
fishnet.tar,fishnet_20250426_174229_600rpm_20250426_174544,fishnet,600,18,963181
fishnet.tar,fishnet_20250426_174229_600rpm_20250426_174545,fishnet,600,18,940667
fishnet.tar,fishnet_20250426_174229_600rpm_20250426_174546,fishnet,600,18,962389
fishnet.tar,fishnet_20250426_174229_600rpm_20250426_174547,fishnet,600,18,938266
fishnet.tar,fishnet_20250426_174229_600rpm_20250426_174548,fishnet,600,18,960633
fishnet.tar,fishnet_20250426_174229_600rpm_20250426_174549,fishnet,600,18,938733
fishnet.tar,fishnet_20250426_174229_600rpm_20250426_174550,fishnet,600,18,963035
fishnet.tar,fishnet_20250426_174229_600rpm_20250426_174551,fishnet,600,18,939305
fishnet.tar,fishnet_20250426_174229_600rpm_20250426_174552,fishnet,600,18,963554
fishnet.tar,fishnet_20250426_174229_600rpm_20250426_174553,fishnet,600,18,937856
fishnet.tar,fishnet_20250426_174229_600rpm_20250426_174554,fishnet,600,18,960050
fishnet.tar,fishnet_20250426_174229_600rpm_20250426_174555,fishnet,600,18,936185
fishnet.tar,fishnet_20250426_174229_600rpm_20250426_174556,fishnet,600,18,961184
fishnet.tar,fishnet_20250426_174229_600rpm_20250426_174557,fishnet,600,18,936167
fishnet.tar,fishnet_20250426_174229_600rpm_20250426_174558,fishnet,600,18,956958
fishnet.tar,fishnet_20250426_174229_600rpm_20250426_174559,fishnet,600,18,935802
fishnet.tar,fishnet_20250426_174229_600rpm_20250426_174600,fishnet,600,18,958740
fishnet.tar,fishnet_20250426_174229_600rpm_20250426_174601,fishnet,600,18,936393
fishnet.tar,fishnet_20250426_174229_600rpm_20250426_174602,fishnet,600,18,962504
fishnet.tar,fishnet_20250426_174229_600rpm_20250426_174603,fishnet,600,18,941080
fishnet.tar,fishnet_20250426_174229_600rpm_20250426_174604,fishnet,600,18,961310
fishnet.tar,fishnet_20250426_174229_600rpm_20250426_174605,fishnet,600,18,938330
fishnet.tar,fishnet_20250426_174229_600rpm_20250426_174606,fishnet,600,18,962512
fishnet.tar,fishnet_20250426_174229_600rpm_20250426_174607,fishnet,600,18,942994
fishnet.tar,fishnet_20250426_174229_600rpm_20250426_174608,fishnet,600,18,964533
fishnet.tar,fishnet_20250426_174229_600rpm_20250426_174609,fishnet,600,18,941384
fishnet.tar,fishnet_20250426_174229_600rpm_20250426_174610,fishnet,600,18,965238
fishnet.tar,fishnet_20250426_174229_600rpm_20250426_174611,fishnet,600,18,941862
fishnet.tar,fishnet_20250426_174229_600rpm_20250426_174612,fishnet,600,18,962293
fishnet.tar,fishnet_20250426_174229_600rpm_20250426_174613,fishnet,600,18,939538
fishnet.tar,fishnet_20250426_174229_600rpm_20250426_174614,fishnet,600,18,962752
fishnet.tar,fishnet_20250426_174229_600rpm_20250426_174615,fishnet,600,18,940863
fishnet.tar,fishnet_20250426_174229_600rpm_20250426_174616,fishnet,600,18,963526
fishnet.tar,fishnet_20250426_174229_600rpm_20250426_174617,fishnet,600,18,938757
fishnet.tar,fishnet_20250426_174229_600rpm_20250426_174618,fishnet,600,18,958595
fishnet.tar,fishnet_20250426_174229_600rpm_20250426_174619,fishnet,600,18,947832
fishnet.tar,fishnet_20250426_174229_600rpm_20250426_174620,fishnet,600,18,962489
fishnet.tar,fishnet_20250426_174229_600rpm_20250426_174621,fishnet,600,18,938992
fishnet.tar,fishnet_20250426_174229_600rpm_20250426_174622,fishnet,600,18,963912
fishnet.tar,fishnet_20250426_174640_800rpm_20250426_174642,fishnet,800,18,988963
fishnet.tar,fishnet_20250426_174640_800rpm_20250426_174643,fishnet,800,18,1010180
fishnet.tar,fishnet_20250426_174640_800rpm_20250426_174644,fishnet,800,18,946952
fishnet.tar,fishnet_20250426_174640_800rpm_20250426_174645,fishnet,800,18,978121
fishnet.tar,fishnet_20250426_174640_800rpm_20250426_174646,fishnet,800,18,941704
fishnet.tar,fishnet_20250426_174640_800rpm_20250426_174647,fishnet,800,18,978553
fishnet.tar,fishnet_20250426_174640_800rpm_20250426_174648,fishnet,800,18,948520
fishnet.tar,fishnet_20250426_174640_800rpm_20250426_174649,fishnet,800,18,986583
fishnet.tar,fishnet_20250426_174640_800rpm_20250426_174650,fishnet,800,18,958335
fishnet.tar,fishnet_20250426_174640_800rpm_20250426_174651,fishnet,800,18,986488
fishnet.tar,fishnet_20250426_174640_800rpm_20250426_174652,fishnet,800,18,951866
fishnet.tar,fishnet_20250426_174640_800rpm_20250426_174653,fishnet,800,18,986940
fishnet.tar,fishnet_20250426_174640_800rpm_20250426_174654,fishnet,800,18,955159
fishnet.tar,fishnet_20250426_174640_800rpm_20250426_174655,fishnet,800,18,988438
fishnet.tar,fishnet_20250426_174640_800rpm_20250426_174656,fishnet,800,18,951389
fishnet.tar,fishnet_20250426_174640_800rpm_20250426_174657,fishnet,800,18,985360
fishnet.tar,fishnet_20250426_174640_800rpm_20250426_174658,fishnet,800,18,952999
fishnet.tar,fishnet_20250426_174640_800rpm_20250426_174659,fishnet,800,18,987578
fishnet.tar,fishnet_20250426_174640_800rpm_20250426_174700,fishnet,800,18,955056
fishnet.tar,fishnet_20250426_174640_800rpm_20250426_174701,fishnet,800,18,989026
fishnet.tar,fishnet_20250426_174640_800rpm_20250426_174702,fishnet,800,18,946894
fishnet.tar,fishnet_20250426_174640_800rpm_20250426_174703,fishnet,800,18,984312
fishnet.tar,fishnet_20250426_174640_800rpm_20250426_174704,fishnet,800,18,956959
fishnet.tar,fishnet_20250426_174640_800rpm_20250426_174705,fishnet,800,18,982462
fishnet.tar,fishnet_20250426_174640_800rpm_20250426_174706,fishnet,800,18,954083
fishnet.tar,fishnet_20250426_174640_800rpm_20250426_174707,fishnet,800,18,986667
fishnet.tar,fishnet_20250426_174640_800rpm_20250426_174708,fishnet,800,18,951377
fishnet.tar,fishnet_20250426_174640_800rpm_20250426_174709,fishnet,800,18,987793
fishnet.tar,fishnet_20250426_174640_800rpm_20250426_174710,fishnet,800,18,952620
fishnet.tar,fishnet_20250426_174640_800rpm_20250426_174711,fishnet,800,18,988661
fishnet.tar,fishnet_20250426_174640_800rpm_20250426_174712,fishnet,800,18,950865
fishnet.tar,fishnet_20250426_174640_800rpm_20250426_174713,fishnet,800,18,985961
fishnet.tar,fishnet_20250426_174640_800rpm_20250426_174714,fishnet,800,18,949380
fishnet.tar,fishnet_20250426_174640_800rpm_20250426_174715,fishnet,800,18,987688
fishnet.tar,fishnet_20250426_174640_800rpm_20250426_174716,fishnet,800,18,953785
fishnet.tar,fishnet_20250426_174640_800rpm_20250426_174717,fishnet,800,18,987875
fishnet.tar,fishnet_20250426_174640_800rpm_20250426_174718,fishnet,800,18,955415
fishnet.tar,fishnet_20250426_174640_800rpm_20250426_174719,fishnet,800,18,987396
fishnet.tar,fishnet_20250426_174640_800rpm_20250426_174720,fishnet,800,18,957346
fishnet.tar,fishnet_20250426_174640_800rpm_20250426_174721,fishnet,800,18,987478
fishnet.tar,fishnet_20250426_174640_800rpm_20250426_174722,fishnet,800,18,955026
fishnet.tar,fishnet_20250426_174640_800rpm_20250426_174723,fishnet,800,18,983731
fishnet.tar,fishnet_20250426_174640_800rpm_20250426_174724,fishnet,800,18,957732
fishnet.tar,fishnet_20250426_174640_800rpm_20250426_174725,fishnet,800,18,985861
fishnet.tar,fishnet_20250426_174640_800rpm_20250426_174726,fishnet,800,18,948772
fishnet.tar,fishnet_20250426_174640_800rpm_20250426_174727,fishnet,800,18,988368
fishnet.tar,fishnet_20250426_174640_800rpm_20250426_174728,fishnet,800,18,955512
fishnet.tar,fishnet_20250426_174640_800rpm_20250426_174729,fishnet,800,18,987189
fishnet.tar,fishnet_20250426_174640_800rpm_20250426_174730,fishnet,800,18,950874
fishnet.tar,fishnet_20250426_174640_800rpm_20250426_174731,fishnet,800,18,986475
fishnet.tar,fishnet_20250426_174640_800rpm_20250426_174732,fishnet,800,18,954931
fishnet.tar,fishnet_20250426_174640_800rpm_20250426_174733,fishnet,800,18,985099
fishnet.tar,fishnet_20250426_174640_800rpm_20250426_174734,fishnet,800,18,949473
fishnet.tar,fishnet_20250426_174640_800rpm_20250426_174735,fishnet,800,18,988444
fishnet.tar,fishnet_20250426_174640_800rpm_20250426_174736,fishnet,800,18,953912
fishnet.tar,fishnet_20250426_174640_800rpm_20250426_174737,fishnet,800,18,989482
fishnet.tar,fishnet_20250426_174640_800rpm_20250426_174738,fishnet,800,18,952766
fishnet.tar,fishnet_20250426_174640_800rpm_20250426_174739,fishnet,800,18,986009
fishnet.tar,fishnet_20250426_174640_800rpm_20250426_174740,fishnet,800,18,951722
fishnet.tar,fishnet_20250426_174640_800rpm_20250426_174741,fishnet,800,18,989991
fishnet.tar,fishnet_20250426_174640_800rpm_20250426_174742,fishnet,800,18,957060
fishnet.tar,fishnet_20250426_174640_800rpm_20250426_174743,fishnet,800,18,984270
fishnet.tar,fishnet_20250426_174640_800rpm_20250426_174744,fishnet,800,18,949516
fishnet.tar,fishnet_20250426_174640_800rpm_20250426_174745,fishnet,800,18,984312
fishnet.tar,fishnet_20250426_174640_800rpm_20250426_174746,fishnet,800,18,948946
fishnet.tar,fishnet_20250426_174640_800rpm_20250426_174747,fishnet,800,18,984830
fishnet.tar,fishnet_20250426_174640_800rpm_20250426_174748,fishnet,800,18,950286
fishnet.tar,fishnet_20250426_174640_800rpm_20250426_174749,fishnet,800,18,980454
fishnet.tar,fishnet_20250426_174640_800rpm_20250426_174750,fishnet,800,18,947294
fishnet.tar,fishnet_20250426_174640_800rpm_20250426_174751,fishnet,800,18,982828
fishnet.tar,fishnet_20250426_174640_800rpm_20250426_174752,fishnet,800,18,945981
fishnet.tar,fishnet_20250426_174640_800rpm_20250426_174753,fishnet,800,18,986372
fishnet.tar,fishnet_20250426_174640_800rpm_20250426_174754,fishnet,800,18,950463
fishnet.tar,fishnet_20250426_174640_800rpm_20250426_174755,fishnet,800,18,985981
fishnet.tar,fishnet_20250426_174640_800rpm_20250426_174756,fishnet,800,18,948787
fishnet.tar,fishnet_20250426_174640_800rpm_20250426_174757,fishnet,800,18,985463
fishnet.tar,fishnet_20250426_174640_800rpm_20250426_174758,fishnet,800,18,950893
fishnet.tar,fishnet_20250426_174640_800rpm_20250426_174759,fishnet,800,18,986106
fishnet.tar,fishnet_20250426_174640_800rpm_20250426_174800,fishnet,800,18,954474
fishnet.tar,fishnet_20250426_174640_800rpm_20250426_174801,fishnet,800,18,983838
fishnet.tar,fishnet_20250426_174640_800rpm_20250426_174802,fishnet,800,18,953049
fishnet.tar,fishnet_20250426_174640_800rpm_20250426_174803,fishnet,800,18,989932
fishnet.tar,fishnet_20250426_174640_800rpm_20250426_174804,fishnet,800,18,956151
fishnet.tar,fishnet_20250426_174640_800rpm_20250426_174805,fishnet,800,18,983646
fishnet.tar,fishnet_20250426_174640_800rpm_20250426_174806,fishnet,800,18,948072
fishnet.tar,fishnet_20250426_174640_800rpm_20250426_174807,fishnet,800,18,982517
fishnet.tar,fishnet_20250426_174640_800rpm_20250426_174808,fishnet,800,18,954547
fishnet.tar,fishnet_20250426_174640_800rpm_20250426_174809,fishnet,800,18,983066
fishnet.tar,fishnet_20250426_174640_800rpm_20250426_174810,fishnet,800,18,943683
fishnet.tar,fishnet_20250426_174640_800rpm_20250426_174811,fishnet,800,18,982959
fishnet.tar,fishnet_20250426_174640_800rpm_20250426_174812,fishnet,800,18,949042
fishnet.tar,fishnet_20250426_174640_800rpm_20250426_174813,fishnet,800,18,983331
fishnet.tar,fishnet_20250426_174640_800rpm_20250426_174814,fishnet,800,18,947761
fishnet.tar,fishnet_20250426_174640_800rpm_20250426_174815,fishnet,800,18,981347
fishnet.tar,fishnet_20250426_174640_800rpm_20250426_174816,fishnet,800,18,951596
fishnet.tar,fishnet_20250426_174640_800rpm_20250426_174817,fishnet,800,18,987728
fishnet.tar,fishnet_20250426_174640_800rpm_20250426_174818,fishnet,800,18,954123
fishnet.tar,fishnet_20250426_174640_800rpm_20250426_174819,fishnet,800,18,987422
fishnet.tar,fishnet_20250426_174640_800rpm_20250426_174820,fishnet,800,18,952945
fishnet.tar,fishnet_20250426_174640_800rpm_20250426_174821,fishnet,800,18,985238
fishnet.tar,fishnet_20250426_174640_800rpm_20250426_174822,fishnet,800,18,956075
fishnet.tar,fishnet_20250426_174640_800rpm_20250426_174823,fishnet,800,18,986057
fishnet.tar,fishnet_20250426_174640_800rpm_20250426_174824,fishnet,800,18,950603
fishnet.tar,fishnet_20250426_174640_800rpm_20250426_174825,fishnet,800,18,982860
fishnet.tar,fishnet_20250426_174640_800rpm_20250426_174826,fishnet,800,18,954790
fishnet.tar,fishnet_20250426_174640_800rpm_20250426_174827,fishnet,800,18,993055
fishnet.tar,fishnet_20250426_174640_800rpm_20250426_174828,fishnet,800,18,960560
fishnet.tar,fishnet_20250426_174640_800rpm_20250426_174829,fishnet,800,18,990117
fishnet.tar,fishnet_20250426_174640_800rpm_20250426_174830,fishnet,800,18,955538
fishnet.tar,fishnet_20250426_174640_800rpm_20250426_174831,fishnet,800,18,986116
fishnet.tar,fishnet_20250426_174640_800rpm_20250426_174832,fishnet,800,18,958040
fishnet.tar,fishnet_20250426_174640_800rpm_20250426_174833,fishnet,800,18,991956
fishnet.tar,fishnet_20250426_174640_800rpm_20250426_174834,fishnet,800,18,949984
fishnet.tar,fishnet_20250426_174640_800rpm_20250426_174835,fishnet,800,18,984308
fishnet.tar,fishnet_20250426_174640_800rpm_20250426_174836,fishnet,800,18,952317
fishnet.tar,fishnet_20250426_174640_800rpm_20250426_174837,fishnet,800,18,984208
fishnet.tar,fishnet_20250426_174640_800rpm_20250426_174838,fishnet,800,18,950521
fishnet.tar,fishnet_20250426_174640_800rpm_20250426_174839,fishnet,800,18,985445
fishnet.tar,fishnet_20250426_174640_800rpm_20250426_174843,fishnet,800,18,969980
fishnet.tar,fishnet_20250426_174640_800rpm_20250426_174844,fishnet,800,18,971206
fishnet.tar,fishnet_20250426_174640_800rpm_20250426_174846,fishnet,800,18,969422
fishnet.tar,fishnet_20250426_174640_800rpm_20250426_174847,fishnet,800,18,972490
fishnet.tar,fishnet_20250426_174640_800rpm_20250426_174848,fishnet,800,18,953300
fishnet.tar,fishnet_20250426_174640_800rpm_20250426_174849,fishnet,800,18,984357
fishnet.tar,fishnet_20250426_174640_800rpm_20250426_174850,fishnet,800,18,958802
fishnet.tar,fishnet_20250426_174640_800rpm_20250426_174851,fishnet,800,18,986478
fishnet.tar,fishnet_20250426_174640_800rpm_20250426_174852,fishnet,800,18,951217
fishnet.tar,fishnet_20250426_174640_800rpm_20250426_174853,fishnet,800,18,986498
fishnet.tar,fishnet_20250426_174640_800rpm_20250426_174854,fishnet,800,18,953859
fishnet.tar,fishnet_20250426_174640_800rpm_20250426_174855,fishnet,800,18,985960
fishnet.tar,fishnet_20250426_174640_800rpm_20250426_174856,fishnet,800,18,953149
fishnet.tar,fishnet_20250426_174640_800rpm_20250426_174857,fishnet,800,18,987847
fishnet.tar,fishnet_20250426_174640_800rpm_20250426_174858,fishnet,800,18,954261
fishnet.tar,fishnet_20250426_174640_800rpm_20250426_174859,fishnet,800,18,983347
fishnet.tar,fishnet_20250426_174640_800rpm_20250426_174900,fishnet,800,18,951821
fishnet.tar,fishnet_20250426_174640_800rpm_20250426_174901,fishnet,800,18,984198
fishnet.tar,fishnet_20250426_174640_800rpm_20250426_174902,fishnet,800,18,947290
fishnet.tar,fishnet_20250426_174640_800rpm_20250426_174903,fishnet,800,18,985565
fishnet.tar,fishnet_20250426_174640_800rpm_20250426_174904,fishnet,800,18,951059
fishnet.tar,fishnet_20250426_174640_800rpm_20250426_174905,fishnet,800,18,983908
fishnet.tar,fishnet_20250426_174640_800rpm_20250426_174906,fishnet,800,18,956738
fishnet.tar,fishnet_20250426_174640_800rpm_20250426_174907,fishnet,800,18,988438
fishnet.tar,fishnet_20250426_174640_800rpm_20250426_174908,fishnet,800,18,955936
fishnet.tar,fishnet_20250426_174640_800rpm_20250426_174909,fishnet,800,18,989464
fishnet.tar,fishnet_20250426_174640_800rpm_20250426_174910,fishnet,800,18,954328
fishnet.tar,fishnet_20250426_174640_800rpm_20250426_174911,fishnet,800,18,988435
fishnet.tar,fishnet_20250426_174640_800rpm_20250426_174912,fishnet,800,18,951980
fishnet.tar,fishnet_20250426_174640_800rpm_20250426_174913,fishnet,800,18,984814
fishnet.tar,fishnet_20250426_174640_800rpm_20250426_174914,fishnet,800,18,954065
fishnet.tar,fishnet_20250426_174640_800rpm_20250426_174915,fishnet,800,18,988525
fishnet.tar,fishnet_20250426_174640_800rpm_20250426_174916,fishnet,800,18,952582
fishnet.tar,fishnet_20250426_174640_800rpm_20250426_174919,fishnet,800,18,973205
fishnet.tar,fishnet_20250426_174640_800rpm_20250426_174920,fishnet,800,18,949541
fishnet.tar,fishnet_20250426_174640_800rpm_20250426_174921,fishnet,800,18,984859
fishnet.tar,fishnet_20250426_174640_800rpm_20250426_174922,fishnet,800,18,951594
fishnet.tar,fishnet_20250426_174640_800rpm_20250426_174923,fishnet,800,18,982876
fishnet.tar,fishnet_20250426_174640_800rpm_20250426_174924,fishnet,800,18,953957
fishnet.tar,fishnet_20250426_174640_800rpm_20250426_174925,fishnet,800,18,990396
fishnet.tar,fishnet_20250426_174640_800rpm_20250426_174926,fishnet,800,18,955379
fishnet.tar,fishnet_20250426_174640_800rpm_20250426_174927,fishnet,800,18,989067
fishnet.tar,fishnet_20250426_174640_800rpm_20250426_174928,fishnet,800,18,953272
fishnet.tar,fishnet_20250426_174640_800rpm_20250426_174929,fishnet,800,18,987162
fishnet.tar,fishnet_20250426_174640_800rpm_20250426_174930,fishnet,800,18,956883
fishnet.tar,fishnet_20250426_174640_800rpm_20250426_174931,fishnet,800,18,991124
fishnet.tar,fishnet_20250426_174640_800rpm_20250426_174932,fishnet,800,18,956194
fishnet.tar,fishnet_20250426_174640_800rpm_20250426_174933,fishnet,800,18,980427
fishnet.tar,fishnet_20250426_174640_800rpm_20250426_174934,fishnet,800,18,951822
fishnet.tar,fishnet_20250426_174640_800rpm_20250426_174935,fishnet,800,18,984349
fishnet.tar,fishnet_20250426_174640_800rpm_20250426_174936,fishnet,800,18,959685
fishnet.tar,fishnet_20250426_174640_800rpm_20250426_174937,fishnet,800,18,986759
fishnet.tar,fishnet_20250426_174640_800rpm_20250426_174938,fishnet,800,18,949879
fishnet.tar,fishnet_20250426_174640_800rpm_20250426_174939,fishnet,800,18,988703
fishnet.tar,fishnet_20250426_174640_800rpm_20250426_174940,fishnet,800,18,954832
fishnet.tar,fishnet_20250426_174640_800rpm_20250426_174941,fishnet,800,18,987909
fishnet.tar,fishnet_20250426_174640_800rpm_20250426_174942,fishnet,800,18,951722
fishnet.tar,fishnet_20250426_174640_800rpm_20250426_174943,fishnet,800,18,984548
fishnet.tar,fishnet_20250426_174640_800rpm_20250426_174944,fishnet,800,18,948438
fishnet.tar,fishnet_20250426_174640_800rpm_20250426_174945,fishnet,800,18,984243
fishnet.tar,fishnet_20250426_174640_800rpm_20250426_174946,fishnet,800,18,951753
fishnet.tar,fishnet_20250426_174640_800rpm_20250426_174947,fishnet,800,18,980706
fishnet.tar,fishnet_20250426_174640_800rpm_20250426_174948,fishnet,800,18,946797
fishnet.tar,fishnet_20250426_174640_800rpm_20250426_174949,fishnet,800,18,982469
fishnet.tar,fishnet_20250426_174640_800rpm_20250426_174950,fishnet,800,18,954872
fishnet.tar,fishnet_20250426_174640_800rpm_20250426_174951,fishnet,800,18,984679
fishnet.tar,fishnet_20250426_174640_800rpm_20250426_174952,fishnet,800,18,955632
fishnet.tar,fishnet_20250426_174640_800rpm_20250426_174953,fishnet,800,18,985480
fishnet.tar,fishnet_20250426_174640_800rpm_20250426_174954,fishnet,800,18,950662
fishnet.tar,fishnet_20250426_174640_800rpm_20250426_174955,fishnet,800,18,986226
fishnet.tar,fishnet_20250426_174640_800rpm_20250426_174956,fishnet,800,18,953802
fishnet.tar,fishnet_20250426_174640_800rpm_20250426_174957,fishnet,800,18,991469
fishnet.tar,fishnet_20250426_174640_800rpm_20250426_174958,fishnet,800,18,956826
fishnet.tar,fishnet_20250426_174640_800rpm_20250426_174959,fishnet,800,18,985329
fishnet.tar,fishnet_20250426_174640_800rpm_20250426_175000,fishnet,800,18,947170
fishnet.tar,fishnet_20250426_174640_800rpm_20250426_175001,fishnet,800,18,983028
fishnet.tar,fishnet_20250426_174640_800rpm_20250426_175002,fishnet,800,18,951176
fishnet.tar,fishnet_20250426_174640_800rpm_20250426_175003,fishnet,800,18,985021
fishnet.tar,fishnet_20250426_174640_800rpm_20250426_175004,fishnet,800,18,952349
fishnet.tar,fishnet_20250426_174640_800rpm_20250426_175005,fishnet,800,18,983231
fishnet.tar,fishnet_20250426_174640_800rpm_20250426_175006,fishnet,800,18,948820
fishnet.tar,fishnet_20250426_174640_800rpm_20250426_175007,fishnet,800,18,983304
fishnet.tar,fishnet_20250426_174640_800rpm_20250426_175008,fishnet,800,18,948128
fishnet.tar,fishnet_20250426_174640_800rpm_20250426_175009,fishnet,800,18,984589
fishnet.tar,fishnet_20250426_174640_800rpm_20250426_175010,fishnet,800,18,946554
fishnet.tar,fishnet_20250426_174640_800rpm_20250426_175011,fishnet,800,18,982903
fishnet.tar,fishnet_20250426_174640_800rpm_20250426_175012,fishnet,800,18,952757
fishnet.tar,fishnet_20250426_174640_800rpm_20250426_175013,fishnet,800,18,985039
fishnet.tar,fishnet_20250426_174640_800rpm_20250426_175014,fishnet,800,18,952687
fishnet.tar,fishnet_20250426_174640_800rpm_20250426_175015,fishnet,800,18,990831
fishnet.tar,fishnet_20250426_174640_800rpm_20250426_175016,fishnet,800,18,956178
fishnet.tar,fishnet_20250426_174640_800rpm_20250426_175017,fishnet,800,18,988948
fishnet.tar,fishnet_20250426_174640_800rpm_20250426_175018,fishnet,800,18,950419
fishnet.tar,fishnet_20250426_174640_800rpm_20250426_175019,fishnet,800,18,980533
fishnet.tar,fishnet_20250426_174640_800rpm_20250426_175020,fishnet,800,18,946249
fishnet.tar,fishnet_20250426_174640_800rpm_20250426_175021,fishnet,800,18,984329
fishnet.tar,fishnet_20250426_174640_800rpm_20250426_175022,fishnet,800,18,957266
fishnet.tar,fishnet_20250426_174640_800rpm_20250426_175023,fishnet,800,18,981662
fishnet.tar,fishnet_20250426_174640_800rpm_20250426_175024,fishnet,800,18,952749
fishnet.tar,fishnet_20250426_174640_800rpm_20250426_175025,fishnet,800,18,980061
fishnet.tar,fishnet_20250426_174640_800rpm_20250426_175026,fishnet,800,18,957627
fishnet.tar,fishnet_20250426_174640_800rpm_20250426_175027,fishnet,800,18,987196
fishnet.tar,fishnet_20250426_174640_800rpm_20250426_175028,fishnet,800,18,952080
fishnet.tar,fishnet_20250426_174640_800rpm_20250426_175029,fishnet,800,18,986402
fishnet.tar,fishnet_20250426_174640_800rpm_20250426_175030,fishnet,800,18,954204
fishnet.tar,fishnet_20250426_174640_800rpm_20250426_175031,fishnet,800,18,989898
fishnet.tar,fishnet_20250426_174640_800rpm_20250426_175032,fishnet,800,18,958153
plastic.tar,plastic_20250426_175617_400rpm_20250426_175620,plastic,400,18,1059464
plastic.tar,plastic_20250426_175617_400rpm_20250426_175621,plastic,400,18,1042136
plastic.tar,plastic_20250426_175617_400rpm_20250426_175622,plastic,400,18,1029866
plastic.tar,plastic_20250426_175617_400rpm_20250426_175623,plastic,400,18,1023225
plastic.tar,plastic_20250426_175617_400rpm_20250426_175624,plastic,400,18,1027814
plastic.tar,plastic_20250426_175617_400rpm_20250426_175625,plastic,400,18,1012718
plastic.tar,plastic_20250426_175617_400rpm_20250426_175626,plastic,400,18,1018284
plastic.tar,plastic_20250426_175617_400rpm_20250426_175627,plastic,400,18,1011068
plastic.tar,plastic_20250426_175617_400rpm_20250426_175628,plastic,400,18,1010694
plastic.tar,plastic_20250426_175617_400rpm_20250426_175629,plastic,400,18,1011661
plastic.tar,plastic_20250426_175617_400rpm_20250426_175630,plastic,400,18,1015850
plastic.tar,plastic_20250426_175617_400rpm_20250426_175631,plastic,400,18,1018721
plastic.tar,plastic_20250426_175617_400rpm_20250426_175632,plastic,400,18,1013865
plastic.tar,plastic_20250426_175617_400rpm_20250426_175633,plastic,400,18,1005599
plastic.tar,plastic_20250426_175617_400rpm_20250426_175634,plastic,400,18,1009121
plastic.tar,plastic_20250426_175617_400rpm_20250426_175635,plastic,400,18,1011355
plastic.tar,plastic_20250426_175617_400rpm_20250426_175636,plastic,400,18,1014367
plastic.tar,plastic_20250426_175617_400rpm_20250426_175637,plastic,400,18,1006603
plastic.tar,plastic_20250426_175617_400rpm_20250426_175638,plastic,400,18,1012725
plastic.tar,plastic_20250426_175617_400rpm_20250426_175639,plastic,400,18,1012987
plastic.tar,plastic_20250426_175617_400rpm_20250426_175640,plastic,400,18,1008599
plastic.tar,plastic_20250426_175617_400rpm_20250426_175641,plastic,400,18,1006521
plastic.tar,plastic_20250426_175617_400rpm_20250426_175642,plastic,400,18,995467
plastic.tar,plastic_20250426_175617_400rpm_20250426_175643,plastic,400,18,1002168
plastic.tar,plastic_20250426_175617_400rpm_20250426_175644,plastic,400,18,996683
plastic.tar,plastic_20250426_175617_400rpm_20250426_175645,plastic,400,18,999782
plastic.tar,plastic_20250426_175617_400rpm_20250426_175646,plastic,400,18,1003698
plastic.tar,plastic_20250426_175617_400rpm_20250426_175647,plastic,400,18,1004001
plastic.tar,plastic_20250426_175617_400rpm_20250426_175648,plastic,400,18,1005072
plastic.tar,plastic_20250426_175617_400rpm_20250426_175649,plastic,400,18,1009677
plastic.tar,plastic_20250426_175617_400rpm_20250426_175650,plastic,400,18,1013492
plastic.tar,plastic_20250426_175617_400rpm_20250426_175651,plastic,400,18,1002376
plastic.tar,plastic_20250426_175617_400rpm_20250426_175652,plastic,400,18,1004314
plastic.tar,plastic_20250426_175617_400rpm_20250426_175653,plastic,400,18,1005456
plastic.tar,plastic_20250426_175617_400rpm_20250426_175654,plastic,400,18,1006540
plastic.tar,plastic_20250426_175617_400rpm_20250426_175655,plastic,400,18,1002736
plastic.tar,plastic_20250426_175617_400rpm_20250426_175656,plastic,400,18,1007722
plastic.tar,plastic_20250426_175617_400rpm_20250426_175657,plastic,400,18,996955
plastic.tar,plastic_20250426_175617_400rpm_20250426_175658,plastic,400,18,997108
plastic.tar,plastic_20250426_175617_400rpm_20250426_175659,plastic,400,18,1008455
plastic.tar,plastic_20250426_175617_400rpm_20250426_175700,plastic,400,18,1004046
plastic.tar,plastic_20250426_175617_400rpm_20250426_175701,plastic,400,18,1004884
plastic.tar,plastic_20250426_175617_400rpm_20250426_175702,plastic,400,18,1008435
plastic.tar,plastic_20250426_175617_400rpm_20250426_175703,plastic,400,18,1001481
plastic.tar,plastic_20250426_175617_400rpm_20250426_175704,plastic,400,18,1007263
plastic.tar,plastic_20250426_175617_400rpm_20250426_175705,plastic,400,18,1012402
plastic.tar,plastic_20250426_175617_400rpm_20250426_175706,plastic,400,18,1004069
plastic.tar,plastic_20250426_175617_400rpm_20250426_175707,plastic,400,18,1003011
plastic.tar,plastic_20250426_175617_400rpm_20250426_175708,plastic,400,18,1004178
plastic.tar,plastic_20250426_175617_400rpm_20250426_175709,plastic,400,18,1001302
plastic.tar,plastic_20250426_175617_400rpm_20250426_175710,plastic,400,18,1003779
plastic.tar,plastic_20250426_175617_400rpm_20250426_175711,plastic,400,18,1000277
plastic.tar,plastic_20250426_175617_400rpm_20250426_175712,plastic,400,18,1000540
plastic.tar,plastic_20250426_175617_400rpm_20250426_175713,plastic,400,18,1004802
plastic.tar,plastic_20250426_175617_400rpm_20250426_175714,plastic,400,18,1006562
plastic.tar,plastic_20250426_175617_400rpm_20250426_175715,plastic,400,18,999305
plastic.tar,plastic_20250426_175617_400rpm_20250426_175716,plastic,400,18,1003147
plastic.tar,plastic_20250426_175617_400rpm_20250426_175717,plastic,400,18,1011955
plastic.tar,plastic_20250426_175617_400rpm_20250426_175718,plastic,400,18,1006787
plastic.tar,plastic_20250426_175617_400rpm_20250426_175719,plastic,400,18,1008137
plastic.tar,plastic_20250426_175617_400rpm_20250426_175720,plastic,400,18,1009756
plastic.tar,plastic_20250426_175617_400rpm_20250426_175721,plastic,400,18,1003939
plastic.tar,plastic_20250426_175617_400rpm_20250426_175722,plastic,400,18,1007988
plastic.tar,plastic_20250426_175617_400rpm_20250426_175723,plastic,400,18,1009369
plastic.tar,plastic_20250426_175617_400rpm_20250426_175724,plastic,400,18,1008981
plastic.tar,plastic_20250426_175617_400rpm_20250426_175725,plastic,400,18,1006367
plastic.tar,plastic_20250426_175617_400rpm_20250426_175726,plastic,400,18,1006990
plastic.tar,plastic_20250426_175617_400rpm_20250426_175727,plastic,400,18,1005007
plastic.tar,plastic_20250426_175617_400rpm_20250426_175728,plastic,400,18,1008047
plastic.tar,plastic_20250426_175617_400rpm_20250426_175729,plastic,400,18,1009048
plastic.tar,plastic_20250426_175617_400rpm_20250426_175730,plastic,400,18,1003148
plastic.tar,plastic_20250426_175617_400rpm_20250426_175731,plastic,400,18,1003810
plastic.tar,plastic_20250426_175617_400rpm_20250426_175732,plastic,400,18,1008496
plastic.tar,plastic_20250426_175617_400rpm_20250426_175733,plastic,400,18,1007145
plastic.tar,plastic_20250426_175617_400rpm_20250426_175734,plastic,400,18,999706
plastic.tar,plastic_20250426_175617_400rpm_20250426_175735,plastic,400,18,1003746
plastic.tar,plastic_20250426_175617_400rpm_20250426_175736,plastic,400,18,998971
plastic.tar,plastic_20250426_175617_400rpm_20250426_175737,plastic,400,18,1000021
plastic.tar,plastic_20250426_175617_400rpm_20250426_175738,plastic,400,18,1002874
plastic.tar,plastic_20250426_175617_400rpm_20250426_175739,plastic,400,18,1003489
plastic.tar,plastic_20250426_175617_400rpm_20250426_175740,plastic,400,18,1002081
plastic.tar,plastic_20250426_175617_400rpm_20250426_175741,plastic,400,18,1009489
plastic.tar,plastic_20250426_175617_400rpm_20250426_175742,plastic,400,18,1003312
plastic.tar,plastic_20250426_175617_400rpm_20250426_175743,plastic,400,18,1002108
plastic.tar,plastic_20250426_175617_400rpm_20250426_175744,plastic,400,18,999833
plastic.tar,plastic_20250426_175617_400rpm_20250426_175745,plastic,400,18,1003022
plastic.tar,plastic_20250426_175617_400rpm_20250426_175746,plastic,400,18,1004975
plastic.tar,plastic_20250426_175617_400rpm_20250426_175747,plastic,400,18,1007214
plastic.tar,plastic_20250426_175617_400rpm_20250426_175748,plastic,400,18,1005608
plastic.tar,plastic_20250426_175617_400rpm_20250426_175749,plastic,400,18,1005629
plastic.tar,plastic_20250426_175617_400rpm_20250426_175750,plastic,400,18,1019387
plastic.tar,plastic_20250426_175617_400rpm_20250426_175751,plastic,400,18,1014363
plastic.tar,plastic_20250426_175617_400rpm_20250426_175752,plastic,400,18,1009788
plastic.tar,plastic_20250426_175617_400rpm_20250426_175753,plastic,400,18,1008455
plastic.tar,plastic_20250426_175617_400rpm_20250426_175754,plastic,400,18,1007515
plastic.tar,plastic_20250426_175617_400rpm_20250426_175755,plastic,400,18,1012888
plastic.tar,plastic_20250426_175617_400rpm_20250426_175757,plastic,400,18,1010324
plastic.tar,plastic_20250426_175617_400rpm_20250426_175758,plastic,400,18,1000164
plastic.tar,plastic_20250426_175617_400rpm_20250426_175759,plastic,400,18,1013236
plastic.tar,plastic_20250426_175617_400rpm_20250426_175800,plastic,400,18,1005445
plastic.tar,plastic_20250426_175617_400rpm_20250426_175801,plastic,400,18,1002744
plastic.tar,plastic_20250426_175617_400rpm_20250426_175802,plastic,400,18,1004501
plastic.tar,plastic_20250426_175617_400rpm_20250426_175803,plastic,400,18,996487
plastic.tar,plastic_20250426_175617_400rpm_20250426_175804,plastic,400,18,1003597
plastic.tar,plastic_20250426_175617_400rpm_20250426_175805,plastic,400,18,1009256
plastic.tar,plastic_20250426_175617_400rpm_20250426_175806,plastic,400,18,1005973
plastic.tar,plastic_20250426_175617_400rpm_20250426_175807,plastic,400,18,1007561
plastic.tar,plastic_20250426_175617_400rpm_20250426_175808,plastic,400,18,1008618
plastic.tar,plastic_20250426_175617_400rpm_20250426_175809,plastic,400,18,1005236
plastic.tar,plastic_20250426_175617_400rpm_20250426_175810,plastic,400,18,997247
plastic.tar,plastic_20250426_175617_400rpm_20250426_175811,plastic,400,18,1005664
plastic.tar,plastic_20250426_175617_400rpm_20250426_175812,plastic,400,18,1003187
plastic.tar,plastic_20250426_175617_400rpm_20250426_175813,plastic,400,18,1001173
plastic.tar,plastic_20250426_175617_400rpm_20250426_175814,plastic,400,18,1013332
plastic.tar,plastic_20250426_175617_400rpm_20250426_175815,plastic,400,18,1012191
plastic.tar,plastic_20250426_175617_400rpm_20250426_175816,plastic,400,18,1008087
plastic.tar,plastic_20250426_175617_400rpm_20250426_175817,plastic,400,18,1015484
plastic.tar,plastic_20250426_175617_400rpm_20250426_175818,plastic,400,18,1011990
plastic.tar,plastic_20250426_175617_400rpm_20250426_175819,plastic,400,18,1001762
plastic.tar,plastic_20250426_175617_400rpm_20250426_175820,plastic,400,18,1007954
plastic.tar,plastic_20250426_175617_400rpm_20250426_175821,plastic,400,18,1010181
plastic.tar,plastic_20250426_175617_400rpm_20250426_175822,plastic,400,18,1005701
plastic.tar,plastic_20250426_175617_400rpm_20250426_175823,plastic,400,18,1009886
plastic.tar,plastic_20250426_175617_400rpm_20250426_175824,plastic,400,18,1005328
plastic.tar,plastic_20250426_175617_400rpm_20250426_175825,plastic,400,18,1005544
plastic.tar,plastic_20250426_175617_400rpm_20250426_175826,plastic,400,18,1008477
plastic.tar,plastic_20250426_175617_400rpm_20250426_175827,plastic,400,18,1014191
plastic.tar,plastic_20250426_175617_400rpm_20250426_175828,plastic,400,18,1008553
plastic.tar,plastic_20250426_175617_400rpm_20250426_175829,plastic,400,18,1005983
plastic.tar,plastic_20250426_175617_400rpm_20250426_175830,plastic,400,18,999172
plastic.tar,plastic_20250426_175617_400rpm_20250426_175831,plastic,400,18,1013095
plastic.tar,plastic_20250426_175617_400rpm_20250426_175832,plastic,400,18,1004394
plastic.tar,plastic_20250426_175617_400rpm_20250426_175833,plastic,400,18,1015953
plastic.tar,plastic_20250426_175617_400rpm_20250426_175834,plastic,400,18,1011918
plastic.tar,plastic_20250426_175617_400rpm_20250426_175835,plastic,400,18,1014715
plastic.tar,plastic_20250426_175617_400rpm_20250426_175836,plastic,400,18,1011982
plastic.tar,plastic_20250426_175617_400rpm_20250426_175837,plastic,400,18,1016009
plastic.tar,plastic_20250426_175617_400rpm_20250426_175838,plastic,400,18,1015319
plastic.tar,plastic_20250426_175617_400rpm_20250426_175839,plastic,400,18,1013744
plastic.tar,plastic_20250426_175617_400rpm_20250426_175840,plastic,400,18,1019100
plastic.tar,plastic_20250426_175617_400rpm_20250426_175841,plastic,400,18,1014244
plastic.tar,plastic_20250426_175617_400rpm_20250426_175842,plastic,400,18,1006217
plastic.tar,plastic_20250426_175617_400rpm_20250426_175843,plastic,400,18,1007495
plastic.tar,plastic_20250426_175617_400rpm_20250426_175844,plastic,400,18,1013958
plastic.tar,plastic_20250426_175617_400rpm_20250426_175845,plastic,400,18,1010663
plastic.tar,plastic_20250426_175617_400rpm_20250426_175846,plastic,400,18,1016511
plastic.tar,plastic_20250426_175617_400rpm_20250426_175847,plastic,400,18,1018278
plastic.tar,plastic_20250426_175617_400rpm_20250426_175848,plastic,400,18,1011625
plastic.tar,plastic_20250426_175617_400rpm_20250426_175849,plastic,400,18,1011471
plastic.tar,plastic_20250426_175617_400rpm_20250426_175850,plastic,400,18,1004423
plastic.tar,plastic_20250426_175617_400rpm_20250426_175851,plastic,400,18,1013236
plastic.tar,plastic_20250426_175617_400rpm_20250426_175852,plastic,400,18,1005506
plastic.tar,plastic_20250426_175617_400rpm_20250426_175853,plastic,400,18,1012693
plastic.tar,plastic_20250426_175617_400rpm_20250426_175854,plastic,400,18,1001855
plastic.tar,plastic_20250426_175617_400rpm_20250426_175855,plastic,400,18,1005477
plastic.tar,plastic_20250426_175617_400rpm_20250426_175856,plastic,400,18,1003076
plastic.tar,plastic_20250426_175617_400rpm_20250426_175857,plastic,400,18,1010052
plastic.tar,plastic_20250426_175617_400rpm_20250426_175858,plastic,400,18,1003128
plastic.tar,plastic_20250426_175617_400rpm_20250426_175859,plastic,400,18,1012858
plastic.tar,plastic_20250426_175617_400rpm_20250426_175900,plastic,400,18,998837
plastic.tar,plastic_20250426_175617_400rpm_20250426_175901,plastic,400,18,1005248
plastic.tar,plastic_20250426_175617_400rpm_20250426_175902,plastic,400,18,1003905
plastic.tar,plastic_20250426_175617_400rpm_20250426_175903,plastic,400,18,1013252
plastic.tar,plastic_20250426_175617_400rpm_20250426_175904,plastic,400,18,1005613
plastic.tar,plastic_20250426_175617_400rpm_20250426_175905,plastic,400,18,1008822
plastic.tar,plastic_20250426_175617_400rpm_20250426_175906,plastic,400,18,1000116
plastic.tar,plastic_20250426_175617_400rpm_20250426_175907,plastic,400,18,1009276
plastic.tar,plastic_20250426_175617_400rpm_20250426_175908,plastic,400,18,1006221
plastic.tar,plastic_20250426_175617_400rpm_20250426_175909,plastic,400,18,1009096
plastic.tar,plastic_20250426_175617_400rpm_20250426_175910,plastic,400,18,1003954
plastic.tar,plastic_20250426_175617_400rpm_20250426_175911,plastic,400,18,1015147
plastic.tar,plastic_20250426_175617_400rpm_20250426_175912,plastic,400,18,1005664
plastic.tar,plastic_20250426_175617_400rpm_20250426_175913,plastic,400,18,1008203
plastic.tar,plastic_20250426_175617_400rpm_20250426_175914,plastic,400,18,1003744
plastic.tar,plastic_20250426_175617_400rpm_20250426_175915,plastic,400,18,1014331
plastic.tar,plastic_20250426_175617_400rpm_20250426_175916,plastic,400,18,1005606
plastic.tar,plastic_20250426_175617_400rpm_20250426_175917,plastic,400,18,1011600
plastic.tar,plastic_20250426_175617_400rpm_20250426_175918,plastic,400,18,1002947
plastic.tar,plastic_20250426_175617_400rpm_20250426_175919,plastic,400,18,1007817
plastic.tar,plastic_20250426_175617_400rpm_20250426_175920,plastic,400,18,1005303
plastic.tar,plastic_20250426_175617_400rpm_20250426_175921,plastic,400,18,1015535
plastic.tar,plastic_20250426_175617_400rpm_20250426_175922,plastic,400,18,1004455
plastic.tar,plastic_20250426_175617_400rpm_20250426_175923,plastic,400,18,1010879
plastic.tar,plastic_20250426_175617_400rpm_20250426_175924,plastic,400,18,1001730
plastic.tar,plastic_20250426_175617_400rpm_20250426_175925,plastic,400,18,1003402
plastic.tar,plastic_20250426_175617_400rpm_20250426_175926,plastic,400,18,1003952
plastic.tar,plastic_20250426_175617_400rpm_20250426_175927,plastic,400,18,1012415
plastic.tar,plastic_20250426_175617_400rpm_20250426_175928,plastic,400,18,1001317
plastic.tar,plastic_20250426_175617_400rpm_20250426_175929,plastic,400,18,1013233
plastic.tar,plastic_20250426_175617_400rpm_20250426_175930,plastic,400,18,1001319
plastic.tar,plastic_20250426_175617_400rpm_20250426_175931,plastic,400,18,1009631
plastic.tar,plastic_20250426_175617_400rpm_20250426_175932,plastic,400,18,1006144
plastic.tar,plastic_20250426_175617_400rpm_20250426_175933,plastic,400,18,1018319
plastic.tar,plastic_20250426_175617_400rpm_20250426_175934,plastic,400,18,1005845
plastic.tar,plastic_20250426_175617_400rpm_20250426_175935,plastic,400,18,1009197
plastic.tar,plastic_20250426_175617_400rpm_20250426_175936,plastic,400,18,1004090
plastic.tar,plastic_20250426_175617_400rpm_20250426_175937,plastic,400,18,1014023
plastic.tar,plastic_20250426_175617_400rpm_20250426_175938,plastic,400,18,1011695
plastic.tar,plastic_20250426_175617_400rpm_20250426_175939,plastic,400,18,1011737
plastic.tar,plastic_20250426_175617_400rpm_20250426_175940,plastic,400,18,1000238
plastic.tar,plastic_20250426_175617_400rpm_20250426_175941,plastic,400,18,1008933
plastic.tar,plastic_20250426_175617_400rpm_20250426_175942,plastic,400,18,1000651
plastic.tar,plastic_20250426_175617_400rpm_20250426_175943,plastic,400,18,1010788
plastic.tar,plastic_20250426_175617_400rpm_20250426_175944,plastic,400,18,1006974
plastic.tar,plastic_20250426_175617_400rpm_20250426_175945,plastic,400,18,1006904
plastic.tar,plastic_20250426_175617_400rpm_20250426_175946,plastic,400,18,1000834
plastic.tar,plastic_20250426_175617_400rpm_20250426_175947,plastic,400,18,1008673
plastic.tar,plastic_20250426_175617_400rpm_20250426_175948,plastic,400,18,1006394
plastic.tar,plastic_20250426_175617_400rpm_20250426_175949,plastic,400,18,1015115
plastic.tar,plastic_20250426_175617_400rpm_20250426_175950,plastic,400,18,1014637
plastic.tar,plastic_20250426_175617_400rpm_20250426_175951,plastic,400,18,1011543
plastic.tar,plastic_20250426_175617_400rpm_20250426_175952,plastic,400,18,1002647
plastic.tar,plastic_20250426_175617_400rpm_20250426_175953,plastic,400,18,1006178
plastic.tar,plastic_20250426_175617_400rpm_20250426_175954,plastic,400,18,1002956
plastic.tar,plastic_20250426_175617_400rpm_20250426_175955,plastic,400,18,1008362
plastic.tar,plastic_20250426_175617_400rpm_20250426_175956,plastic,400,18,1006614
plastic.tar,plastic_20250426_175617_400rpm_20250426_175957,plastic,400,18,1018317
plastic.tar,plastic_20250426_175617_400rpm_20250426_175958,plastic,400,18,1005317
plastic.tar,plastic_20250426_175617_400rpm_20250426_175959,plastic,400,18,1011774
plastic.tar,plastic_20250426_175617_400rpm_20250426_180000,plastic,400,18,1004749
plastic.tar,plastic_20250426_175617_400rpm_20250426_180001,plastic,400,18,1014323
plastic.tar,plastic_20250426_175617_400rpm_20250426_180002,plastic,400,18,1008735
plastic.tar,plastic_20250426_175617_400rpm_20250426_180003,plastic,400,18,1013970
plastic.tar,plastic_20250426_175617_400rpm_20250426_180004,plastic,400,18,1001988
plastic.tar,plastic_20250426_175617_400rpm_20250426_180005,plastic,400,18,1015733
plastic.tar,plastic_20250426_175617_400rpm_20250426_180006,plastic,400,18,1010146
plastic.tar,plastic_20250426_175617_400rpm_20250426_180007,plastic,400,18,1005499
plastic.tar,plastic_20250426_175617_400rpm_20250426_180008,plastic,400,18,1004937
plastic.tar,plastic_20250426_175617_400rpm_20250426_180009,plastic,400,18,1016612
plastic.tar,plastic_20250426_175617_400rpm_20250426_180010,plastic,400,18,1007362
plastic.tar,plastic_20250426_175617_400rpm_20250426_180011,plastic,400,18,1017380
plastic.tar,plastic_20250426_175617_400rpm_20250426_180012,plastic,400,18,1009997
plastic.tar,plastic_20250426_175617_400rpm_20250426_180013,plastic,400,18,1014351
plastic.tar,plastic_20250426_175617_400rpm_20250426_180014,plastic,400,18,1011959
plastic.tar,plastic_20250426_175617_400rpm_20250426_180015,plastic,400,18,1017116
plastic.tar,plastic_20250426_175617_400rpm_20250426_180016,plastic,400,18,1008861
plastic.tar,plastic_20250426_175617_400rpm_20250426_180017,plastic,400,18,1014223
plastic.tar,plastic_20250426_175617_400rpm_20250426_180018,plastic,400,18,1012362
plastic.tar,plastic_20250426_175617_400rpm_20250426_180019,plastic,400,18,1017211
plastic.tar,plastic_20250426_175617_400rpm_20250426_180020,plastic,400,18,1009440
plastic.tar,plastic_20250426_175617_400rpm_20250426_180021,plastic,400,18,1011540
plastic.tar,plastic_20250426_175617_400rpm_20250426_180022,plastic,400,18,1004092
plastic.tar,plastic_20250426_175617_400rpm_20250426_180023,plastic,400,18,1015579
plastic.tar,plastic_20250426_175617_400rpm_20250426_180024,plastic,400,18,1011997
plastic.tar,plastic_20250426_175617_400rpm_20250426_180025,plastic,400,18,1015419
plastic.tar,plastic_20250426_175617_400rpm_20250426_180026,plastic,400,18,1009688
plastic.tar,plastic_20250426_175617_400rpm_20250426_180027,plastic,400,18,1016308
plastic.tar,plastic_20250426_175617_400rpm_20250426_180028,plastic,400,18,1000426
plastic.tar,plastic_20250426_175617_400rpm_20250426_180029,plastic,400,18,1025074
plastic.tar,plastic_20250426_175617_400rpm_20250426_180030,plastic,400,18,1009988
plastic.tar,plastic_20250426_175617_400rpm_20250426_180031,plastic,400,18,1016694
plastic.tar,plastic_20250426_175617_400rpm_20250426_180032,plastic,400,18,1010509
plastic.tar,plastic_20250426_175617_400rpm_20250426_180033,plastic,400,18,1014328
plastic.tar,plastic_20250426_175617_400rpm_20250426_180034,plastic,400,18,1003817
plastic.tar,plastic_20250426_175617_400rpm_20250426_180035,plastic,400,18,1014678
plastic.tar,plastic_20250426_175617_400rpm_20250426_180036,plastic,400,18,1009701
plastic.tar,plastic_20250426_175617_400rpm_20250426_180037,plastic,400,18,1017421
plastic.tar,plastic_20250426_175617_400rpm_20250426_180038,plastic,400,18,1011296
plastic.tar,plastic_20250426_175617_400rpm_20250426_180039,plastic,400,18,1021510
plastic.tar,plastic_20250426_175617_400rpm_20250426_180040,plastic,400,18,1006267
plastic.tar,plastic_20250426_175617_400rpm_20250426_180041,plastic,400,18,1008633
plastic.tar,plastic_20250426_175617_400rpm_20250426_180042,plastic,400,18,1010258
plastic.tar,plastic_20250426_175617_400rpm_20250426_180043,plastic,400,18,1017693
plastic.tar,plastic_20250426_175617_400rpm_20250426_180044,plastic,400,18,1017538
plastic.tar,plastic_20250426_175617_400rpm_20250426_180045,plastic,400,18,1013902
plastic.tar,plastic_20250426_180316_400rpm_20250426_180319,plastic,400,18,1086662
plastic.tar,plastic_20250426_180316_400rpm_20250426_180320,plastic,400,18,1062612
plastic.tar,plastic_20250426_180316_400rpm_20250426_180321,plastic,400,18,975169
plastic.tar,plastic_20250426_180316_400rpm_20250426_180322,plastic,400,18,913810
plastic.tar,plastic_20250426_180635_400rpm_20250426_180637,plastic,400,18,986862
plastic.tar,plastic_20250426_180635_400rpm_20250426_180638,plastic,400,18,1033943
plastic.tar,plastic_20250426_180635_400rpm_20250426_180639,plastic,400,18,1001893
plastic.tar,plastic_20250426_180635_400rpm_20250426_180640,plastic,400,18,1018604
plastic.tar,plastic_20250426_180635_400rpm_20250426_180641,plastic,400,18,977291
plastic.tar,plastic_20250426_180635_400rpm_20250426_180642,plastic,400,18,1017937
plastic.tar,plastic_20250426_180635_400rpm_20250426_180643,plastic,400,18,977199
plastic.tar,plastic_20250426_180635_400rpm_20250426_180644,plastic,400,18,1020466
plastic.tar,plastic_20250426_180635_400rpm_20250426_180645,plastic,400,18,978164
plastic.tar,plastic_20250426_180635_400rpm_20250426_180646,plastic,400,18,1025475
plastic.tar,plastic_20250426_180635_400rpm_20250426_180647,plastic,400,18,982609
plastic.tar,plastic_20250426_180635_400rpm_20250426_180648,plastic,400,18,1027266
plastic.tar,plastic_20250426_180635_400rpm_20250426_180649,plastic,400,18,987071
plastic.tar,plastic_20250426_180635_400rpm_20250426_180650,plastic,400,18,1022165
plastic.tar,plastic_20250426_180635_400rpm_20250426_180651,plastic,400,18,985884
plastic.tar,plastic_20250426_180635_400rpm_20250426_180652,plastic,400,18,1032283
plastic.tar,plastic_20250426_180635_400rpm_20250426_180653,plastic,400,18,985843
plastic.tar,plastic_20250426_180635_400rpm_20250426_180654,plastic,400,18,1027200
plastic.tar,plastic_20250426_180635_400rpm_20250426_180655,plastic,400,18,984719
plastic.tar,plastic_20250426_180635_400rpm_20250426_180656,plastic,400,18,1025170
plastic.tar,plastic_20250426_180635_400rpm_20250426_180657,plastic,400,18,992953
plastic.tar,plastic_20250426_180635_400rpm_20250426_180658,plastic,400,18,1024113
plastic.tar,plastic_20250426_180635_400rpm_20250426_180659,plastic,400,18,1009832
plastic.tar,plastic_20250426_180635_400rpm_20250426_180700,plastic,400,18,1036950
plastic.tar,plastic_20250426_180635_400rpm_20250426_180701,plastic,400,18,1005611
plastic.tar,plastic_20250426_180635_400rpm_20250426_180702,plastic,400,18,1038923
plastic.tar,plastic_20250426_180635_400rpm_20250426_180703,plastic,400,18,1010346
plastic.tar,plastic_20250426_180635_400rpm_20250426_180704,plastic,400,18,1044393
plastic.tar,plastic_20250426_180635_400rpm_20250426_180705,plastic,400,18,1002808
plastic.tar,plastic_20250426_180635_400rpm_20250426_180706,plastic,400,18,1043536
plastic.tar,plastic_20250426_180635_400rpm_20250426_180707,plastic,400,18,1006057
plastic.tar,plastic_20250426_180635_400rpm_20250426_180708,plastic,400,18,1042662
plastic.tar,plastic_20250426_180635_400rpm_20250426_180709,plastic,400,18,1009571
plastic.tar,plastic_20250426_180635_400rpm_20250426_180710,plastic,400,18,1027206
plastic.tar,plastic_20250426_180635_400rpm_20250426_180711,plastic,400,18,999425
plastic.tar,plastic_20250426_180635_400rpm_20250426_180712,plastic,400,18,1043087
plastic.tar,plastic_20250426_180635_400rpm_20250426_180713,plastic,400,18,1014620
plastic.tar,plastic_20250426_180635_400rpm_20250426_180714,plastic,400,18,1039412
plastic.tar,plastic_20250426_180635_400rpm_20250426_180715,plastic,400,18,1005580
plastic.tar,plastic_20250426_180635_400rpm_20250426_180716,plastic,400,18,1043359
plastic.tar,plastic_20250426_180635_400rpm_20250426_180717,plastic,400,18,1010068
plastic.tar,plastic_20250426_180635_400rpm_20250426_180718,plastic,400,18,1042789
plastic.tar,plastic_20250426_180635_400rpm_20250426_180719,plastic,400,18,1007148
plastic.tar,plastic_20250426_180635_400rpm_20250426_180720,plastic,400,18,1041424
plastic.tar,plastic_20250426_180635_400rpm_20250426_180721,plastic,400,18,1008159
plastic.tar,plastic_20250426_180635_400rpm_20250426_180722,plastic,400,18,1040890
plastic.tar,plastic_20250426_180635_400rpm_20250426_180723,plastic,400,18,1009839
plastic.tar,plastic_20250426_180635_400rpm_20250426_180724,plastic,400,18,1045782
plastic.tar,plastic_20250426_180635_400rpm_20250426_180725,plastic,400,18,1009833
plastic.tar,plastic_20250426_180635_400rpm_20250426_180726,plastic,400,18,1041158
plastic.tar,plastic_20250426_180635_400rpm_20250426_180727,plastic,400,18,1009014
plastic.tar,plastic_20250426_180635_400rpm_20250426_180728,plastic,400,18,1045798
plastic.tar,plastic_20250426_180635_400rpm_20250426_180729,plastic,400,18,1009835
plastic.tar,plastic_20250426_180635_400rpm_20250426_180730,plastic,400,18,1049387
plastic.tar,plastic_20250426_180635_400rpm_20250426_180731,plastic,400,18,1009040
plastic.tar,plastic_20250426_180635_400rpm_20250426_180732,plastic,400,18,1049880
plastic.tar,plastic_20250426_180635_400rpm_20250426_180733,plastic,400,18,1015329
plastic.tar,plastic_20250426_180635_400rpm_20250426_180734,plastic,400,18,1047451
plastic.tar,plastic_20250426_180635_400rpm_20250426_180735,plastic,400,18,1012889
plastic.tar,plastic_20250426_180635_400rpm_20250426_180736,plastic,400,18,1049406
plastic.tar,plastic_20250426_180635_400rpm_20250426_180737,plastic,400,18,1017036
plastic.tar,plastic_20250426_180635_400rpm_20250426_180738,plastic,400,18,1044402
plastic.tar,plastic_20250426_180635_400rpm_20250426_180739,plastic,400,18,1005185
plastic.tar,plastic_20250426_180635_400rpm_20250426_180740,plastic,400,18,1041503
plastic.tar,plastic_20250426_180635_400rpm_20250426_180741,plastic,400,18,1003077
plastic.tar,plastic_20250426_180635_400rpm_20250426_180742,plastic,400,18,1049429
plastic.tar,plastic_20250426_180635_400rpm_20250426_180743,plastic,400,18,1013106
plastic.tar,plastic_20250426_180635_400rpm_20250426_180744,plastic,400,18,1041131
plastic.tar,plastic_20250426_180635_400rpm_20250426_180745,plastic,400,18,1000421
plastic.tar,plastic_20250426_180635_400rpm_20250426_180746,plastic,400,18,1042318
plastic.tar,plastic_20250426_180635_400rpm_20250426_180747,plastic,400,18,1000011
plastic.tar,plastic_20250426_180635_400rpm_20250426_180748,plastic,400,18,1038208
plastic.tar,plastic_20250426_180635_400rpm_20250426_180749,plastic,400,18,1003651
plastic.tar,plastic_20250426_180635_400rpm_20250426_180750,plastic,400,18,1033979
plastic.tar,plastic_20250426_180635_400rpm_20250426_180751,plastic,400,18,1000064
plastic.tar,plastic_20250426_180635_400rpm_20250426_180752,plastic,400,18,1038160
plastic.tar,plastic_20250426_180635_400rpm_20250426_180753,plastic,400,18,1002432
plastic.tar,plastic_20250426_180635_400rpm_20250426_180754,plastic,400,18,1040532
plastic.tar,plastic_20250426_180635_400rpm_20250426_180755,plastic,400,18,1005629
plastic.tar,plastic_20250426_180635_400rpm_20250426_180756,plastic,400,18,1042162
plastic.tar,plastic_20250426_180635_400rpm_20250426_180757,plastic,400,18,1005299
plastic.tar,plastic_20250426_180635_400rpm_20250426_180758,plastic,400,18,1036598
plastic.tar,plastic_20250426_180635_400rpm_20250426_180759,plastic,400,18,1002531
plastic.tar,plastic_20250426_180635_400rpm_20250426_180800,plastic,400,18,1023554
plastic.tar,plastic_20250426_180635_400rpm_20250426_180801,plastic,400,18,999020
plastic.tar,plastic_20250426_180635_400rpm_20250426_180802,plastic,400,18,1044864
plastic.tar,plastic_20250426_180635_400rpm_20250426_180803,plastic,400,18,1008485
plastic.tar,plastic_20250426_180635_400rpm_20250426_180804,plastic,400,18,1047111
plastic.tar,plastic_20250426_180635_400rpm_20250426_180805,plastic,400,18,1011006
plastic.tar,plastic_20250426_180635_400rpm_20250426_180806,plastic,400,18,1040683
plastic.tar,plastic_20250426_180635_400rpm_20250426_180807,plastic,400,18,1010419
plastic.tar,plastic_20250426_180635_400rpm_20250426_180808,plastic,400,18,1048630
plastic.tar,plastic_20250426_180635_400rpm_20250426_180809,plastic,400,18,1013888
plastic.tar,plastic_20250426_180635_400rpm_20250426_180810,plastic,400,18,1043412
plastic.tar,plastic_20250426_180635_400rpm_20250426_180811,plastic,400,18,1015126
plastic.tar,plastic_20250426_180635_400rpm_20250426_180812,plastic,400,18,1034732
plastic.tar,plastic_20250426_180635_400rpm_20250426_180813,plastic,400,18,1007184
plastic.tar,plastic_20250426_180635_400rpm_20250426_180814,plastic,400,18,1030551
plastic.tar,plastic_20250426_180635_400rpm_20250426_180815,plastic,400,18,1002220
plastic.tar,plastic_20250426_180635_400rpm_20250426_180816,plastic,400,18,1034608
plastic.tar,plastic_20250426_180635_400rpm_20250426_180817,plastic,400,18,1003776
plastic.tar,plastic_20250426_180635_400rpm_20250426_180818,plastic,400,18,1038739
plastic.tar,plastic_20250426_180635_400rpm_20250426_180819,plastic,400,18,1017787
plastic.tar,plastic_20250426_180635_400rpm_20250426_180820,plastic,400,18,1040599
plastic.tar,plastic_20250426_180635_400rpm_20250426_180821,plastic,400,18,1011395
plastic.tar,plastic_20250426_180635_400rpm_20250426_180822,plastic,400,18,1045739
plastic.tar,plastic_20250426_180635_400rpm_20250426_180823,plastic,400,18,1013473
plastic.tar,plastic_20250426_180635_400rpm_20250426_180824,plastic,400,18,1044049
plastic.tar,plastic_20250426_180635_400rpm_20250426_180825,plastic,400,18,1012922
plastic.tar,plastic_20250426_180635_400rpm_20250426_180826,plastic,400,18,1042352
plastic.tar,plastic_20250426_180635_400rpm_20250426_180827,plastic,400,18,1012325
plastic.tar,plastic_20250426_180635_400rpm_20250426_180828,plastic,400,18,1044068
plastic.tar,plastic_20250426_180635_400rpm_20250426_180829,plastic,400,18,1013190
plastic.tar,plastic_20250426_180635_400rpm_20250426_180830,plastic,400,18,1043208
plastic.tar,plastic_20250426_180635_400rpm_20250426_180831,plastic,400,18,1010128
plastic.tar,plastic_20250426_180635_400rpm_20250426_180832,plastic,400,18,1039446
plastic.tar,plastic_20250426_180635_400rpm_20250426_180833,plastic,400,18,1012833
plastic.tar,plastic_20250426_180635_400rpm_20250426_180834,plastic,400,18,1042125
plastic.tar,plastic_20250426_180635_400rpm_20250426_180835,plastic,400,18,1008213
plastic.tar,plastic_20250426_180635_400rpm_20250426_180836,plastic,400,18,1044042
plastic.tar,plastic_20250426_180635_400rpm_20250426_180837,plastic,400,18,1015175
plastic.tar,plastic_20250426_180635_400rpm_20250426_180838,plastic,400,18,1042110
plastic.tar,plastic_20250426_180635_400rpm_20250426_180839,plastic,400,18,1014444
plastic.tar,plastic_20250426_180635_400rpm_20250426_180840,plastic,400,18,1043354
plastic.tar,plastic_20250426_180635_400rpm_20250426_180841,plastic,400,18,1009510
plastic.tar,plastic_20250426_180635_400rpm_20250426_180842,plastic,400,18,1039247
plastic.tar,plastic_20250426_180635_400rpm_20250426_180843,plastic,400,18,1016281
plastic.tar,plastic_20250426_180635_400rpm_20250426_180844,plastic,400,18,1035585
plastic.tar,plastic_20250426_180635_400rpm_20250426_180845,plastic,400,18,1007126
plastic.tar,plastic_20250426_180635_400rpm_20250426_180846,plastic,400,18,1040602
plastic.tar,plastic_20250426_180635_400rpm_20250426_180847,plastic,400,18,1011681
plastic.tar,plastic_20250426_180635_400rpm_20250426_180848,plastic,400,18,1041590
plastic.tar,plastic_20250426_180635_400rpm_20250426_180849,plastic,400,18,1017319
plastic.tar,plastic_20250426_180635_400rpm_20250426_180850,plastic,400,18,1040578
plastic.tar,plastic_20250426_180635_400rpm_20250426_180851,plastic,400,18,1019413
plastic.tar,plastic_20250426_180635_400rpm_20250426_180852,plastic,400,18,1045191
plastic.tar,plastic_20250426_180635_400rpm_20250426_180853,plastic,400,18,1012176
plastic.tar,plastic_20250426_180635_400rpm_20250426_180854,plastic,400,18,1042485
plastic.tar,plastic_20250426_180635_400rpm_20250426_180855,plastic,400,18,1013278
plastic.tar,plastic_20250426_180635_400rpm_20250426_180856,plastic,400,18,1041320
plastic.tar,plastic_20250426_180635_400rpm_20250426_180857,plastic,400,18,1009415
plastic.tar,plastic_20250426_180635_400rpm_20250426_180858,plastic,400,18,1043967
plastic.tar,plastic_20250426_180635_400rpm_20250426_180859,plastic,400,18,1008444
plastic.tar,plastic_20250426_180635_400rpm_20250426_180900,plastic,400,18,1040302
plastic.tar,plastic_20250426_180635_400rpm_20250426_180901,plastic,400,18,1015320
plastic.tar,plastic_20250426_180635_400rpm_20250426_180902,plastic,400,18,1033564
plastic.tar,plastic_20250426_180635_400rpm_20250426_180903,plastic,400,18,1006406
plastic.tar,plastic_20250426_180635_400rpm_20250426_180904,plastic,400,18,1044074
plastic.tar,plastic_20250426_180635_400rpm_20250426_180905,plastic,400,18,1018270
plastic.tar,plastic_20250426_180635_400rpm_20250426_180906,plastic,400,18,1045880
plastic.tar,plastic_20250426_180635_400rpm_20250426_180907,plastic,400,18,1012117
plastic.tar,plastic_20250426_180635_400rpm_20250426_180908,plastic,400,18,1038341
plastic.tar,plastic_20250426_180635_400rpm_20250426_180909,plastic,400,18,1010443
plastic.tar,plastic_20250426_180635_400rpm_20250426_180910,plastic,400,18,1040687
plastic.tar,plastic_20250426_180635_400rpm_20250426_180911,plastic,400,18,1009786
plastic.tar,plastic_20250426_180635_400rpm_20250426_180912,plastic,400,18,1042500
plastic.tar,plastic_20250426_180635_400rpm_20250426_180913,plastic,400,18,1014633
plastic.tar,plastic_20250426_180635_400rpm_20250426_180914,plastic,400,18,1041466
plastic.tar,plastic_20250426_180635_400rpm_20250426_180915,plastic,400,18,1015951
plastic.tar,plastic_20250426_180635_400rpm_20250426_180916,plastic,400,18,1046022
plastic.tar,plastic_20250426_180635_400rpm_20250426_180917,plastic,400,18,1015537
plastic.tar,plastic_20250426_180635_400rpm_20250426_180918,plastic,400,18,1044557
plastic.tar,plastic_20250426_180635_400rpm_20250426_180919,plastic,400,18,1013770
plastic.tar,plastic_20250426_180635_400rpm_20250426_180920,plastic,400,18,1044546
plastic.tar,plastic_20250426_180635_400rpm_20250426_180921,plastic,400,18,1012654
plastic.tar,plastic_20250426_180635_400rpm_20250426_180922,plastic,400,18,1042887
plastic.tar,plastic_20250426_180635_400rpm_20250426_180923,plastic,400,18,1008310
plastic.tar,plastic_20250426_180635_400rpm_20250426_180924,plastic,400,18,1036439
plastic.tar,plastic_20250426_180635_400rpm_20250426_180925,plastic,400,18,1010473
plastic.tar,plastic_20250426_180635_400rpm_20250426_180926,plastic,400,18,1043255
plastic.tar,plastic_20250426_180635_400rpm_20250426_180927,plastic,400,18,1012154
plastic.tar,plastic_20250426_180635_400rpm_20250426_180928,plastic,400,18,1039042
plastic.tar,plastic_20250426_180635_400rpm_20250426_180929,plastic,400,18,1009961
plastic.tar,plastic_20250426_180635_400rpm_20250426_180930,plastic,400,18,1031528
plastic.tar,plastic_20250426_180635_400rpm_20250426_180931,plastic,400,18,1008168
plastic.tar,plastic_20250426_180635_400rpm_20250426_180932,plastic,400,18,1036481
plastic.tar,plastic_20250426_180635_400rpm_20250426_180933,plastic,400,18,1000328
plastic.tar,plastic_20250426_180635_400rpm_20250426_180934,plastic,400,18,1035044
plastic.tar,plastic_20250426_180635_400rpm_20250426_180935,plastic,400,18,1009018
plastic.tar,plastic_20250426_180635_400rpm_20250426_180936,plastic,400,18,1033920
plastic.tar,plastic_20250426_180635_400rpm_20250426_180937,plastic,400,18,1005259
plastic.tar,plastic_20250426_180635_400rpm_20250426_180938,plastic,400,18,1037779
plastic.tar,plastic_20250426_180635_400rpm_20250426_180939,plastic,400,18,1004572
plastic.tar,plastic_20250426_180635_400rpm_20250426_180940,plastic,400,18,1049344
plastic.tar,plastic_20250426_180635_400rpm_20250426_180941,plastic,400,18,1013457
plastic.tar,plastic_20250426_180635_400rpm_20250426_180942,plastic,400,18,1038029
plastic.tar,plastic_20250426_180635_400rpm_20250426_180943,plastic,400,18,1003546
plastic.tar,plastic_20250426_180635_400rpm_20250426_180944,plastic,400,18,1050948
plastic.tar,plastic_20250426_180635_400rpm_20250426_180945,plastic,400,18,1015131
plastic.tar,plastic_20250426_180635_400rpm_20250426_180946,plastic,400,18,1038605
plastic.tar,plastic_20250426_180635_400rpm_20250426_180947,plastic,400,18,1005259
plastic.tar,plastic_20250426_180635_400rpm_20250426_180948,plastic,400,18,1034142
plastic.tar,plastic_20250426_180635_400rpm_20250426_180949,plastic,400,18,1004874
plastic.tar,plastic_20250426_180635_400rpm_20250426_180950,plastic,400,18,1041817
plastic.tar,plastic_20250426_180635_400rpm_20250426_180951,plastic,400,18,1013840
plastic.tar,plastic_20250426_180635_400rpm_20250426_180952,plastic,400,18,1028793
plastic.tar,plastic_20250426_180635_400rpm_20250426_180953,plastic,400,18,1007942
plastic.tar,plastic_20250426_180635_400rpm_20250426_180954,plastic,400,18,1039842
plastic.tar,plastic_20250426_180635_400rpm_20250426_180955,plastic,400,18,1009855
plastic.tar,plastic_20250426_180635_400rpm_20250426_180956,plastic,400,18,1040553
plastic.tar,plastic_20250426_180635_400rpm_20250426_180957,plastic,400,18,1006984
plastic.tar,plastic_20250426_180635_400rpm_20250426_180958,plastic,400,18,1045343
plastic.tar,plastic_20250426_180635_400rpm_20250426_180959,plastic,400,18,1008263
plastic.tar,plastic_20250426_180635_400rpm_20250426_181000,plastic,400,18,1043740
plastic.tar,plastic_20250426_180635_400rpm_20250426_181001,plastic,400,18,1007460
plastic.tar,plastic_20250426_180635_400rpm_20250426_181002,plastic,400,18,1045557
plastic.tar,plastic_20250426_180635_400rpm_20250426_181003,plastic,400,18,1005863
plastic.tar,plastic_20250426_180635_400rpm_20250426_181004,plastic,400,18,1041167
plastic.tar,plastic_20250426_180635_400rpm_20250426_181005,plastic,400,18,1017422
plastic.tar,plastic_20250426_180635_400rpm_20250426_181006,plastic,400,18,1047146
plastic.tar,plastic_20250426_180635_400rpm_20250426_181007,plastic,400,18,1011580
plastic.tar,plastic_20250426_180635_400rpm_20250426_181008,plastic,400,18,1043145
plastic.tar,plastic_20250426_180635_400rpm_20250426_181009,plastic,400,18,1009091
plastic.tar,plastic_20250426_180635_400rpm_20250426_181010,plastic,400,18,1039530
plastic.tar,plastic_20250426_180635_400rpm_20250426_181011,plastic,400,18,1009478
plastic.tar,plastic_20250426_180635_400rpm_20250426_181012,plastic,400,18,1048829
plastic.tar,plastic_20250426_180635_400rpm_20250426_181013,plastic,400,18,1016974
plastic.tar,plastic_20250426_180635_400rpm_20250426_181014,plastic,400,18,1048032
plastic.tar,plastic_20250426_180635_400rpm_20250426_181015,plastic,400,18,1013741
plastic.tar,plastic_20250426_180635_400rpm_20250426_181016,plastic,400,18,1041359
plastic.tar,plastic_20250426_180635_400rpm_20250426_181017,plastic,400,18,1013125
plastic.tar,plastic_20250426_180635_400rpm_20250426_181018,plastic,400,18,1037848
plastic.tar,plastic_20250426_180635_400rpm_20250426_181019,plastic,400,18,1013267
plastic.tar,plastic_20250426_180635_400rpm_20250426_181020,plastic,400,18,1048269
plastic.tar,plastic_20250426_180635_400rpm_20250426_181021,plastic,400,18,1013391
plastic.tar,plastic_20250426_180635_400rpm_20250426_181022,plastic,400,18,1048467
plastic.tar,plastic_20250426_180635_400rpm_20250426_181023,plastic,400,18,1011343
plastic.tar,plastic_20250426_181037_600rpm_20250426_181040,plastic,600,18,1040947
plastic.tar,plastic_20250426_181037_600rpm_20250426_181041,plastic,600,18,1053631
plastic.tar,plastic_20250426_181037_600rpm_20250426_181042,plastic,600,18,1002036
plastic.tar,plastic_20250426_181037_600rpm_20250426_181043,plastic,600,18,1041645
plastic.tar,plastic_20250426_181037_600rpm_20250426_181044,plastic,600,18,987014
plastic.tar,plastic_20250426_181037_600rpm_20250426_181045,plastic,600,18,1033488
plastic.tar,plastic_20250426_181037_600rpm_20250426_181046,plastic,600,18,985652
plastic.tar,plastic_20250426_181037_600rpm_20250426_181047,plastic,600,18,1033966
plastic.tar,plastic_20250426_181037_600rpm_20250426_181048,plastic,600,18,984600
plastic.tar,plastic_20250426_181037_600rpm_20250426_181049,plastic,600,18,1038009
plastic.tar,plastic_20250426_181037_600rpm_20250426_181050,plastic,600,18,986570
plastic.tar,plastic_20250426_181037_600rpm_20250426_181051,plastic,600,18,1039994
plastic.tar,plastic_20250426_181037_600rpm_20250426_181052,plastic,600,18,988438
plastic.tar,plastic_20250426_181037_600rpm_20250426_181053,plastic,600,18,1032885
plastic.tar,plastic_20250426_181037_600rpm_20250426_181054,plastic,600,18,982122
plastic.tar,plastic_20250426_181037_600rpm_20250426_181055,plastic,600,18,1034871
plastic.tar,plastic_20250426_181037_600rpm_20250426_181056,plastic,600,18,983742
plastic.tar,plastic_20250426_181037_600rpm_20250426_181057,plastic,600,18,1032625
plastic.tar,plastic_20250426_181037_600rpm_20250426_181058,plastic,600,18,980769
plastic.tar,plastic_20250426_181037_600rpm_20250426_181059,plastic,600,18,1034704
plastic.tar,plastic_20250426_181037_600rpm_20250426_181100,plastic,600,18,986563
plastic.tar,plastic_20250426_181037_600rpm_20250426_181101,plastic,600,18,1041156
plastic.tar,plastic_20250426_181037_600rpm_20250426_181102,plastic,600,18,988908
plastic.tar,plastic_20250426_181037_600rpm_20250426_181103,plastic,600,18,1038006
plastic.tar,plastic_20250426_181037_600rpm_20250426_181104,plastic,600,18,991179
plastic.tar,plastic_20250426_181037_600rpm_20250426_181105,plastic,600,18,1039959
plastic.tar,plastic_20250426_181037_600rpm_20250426_181106,plastic,600,18,991121
plastic.tar,plastic_20250426_181037_600rpm_20250426_181107,plastic,600,18,1034136
plastic.tar,plastic_20250426_181037_600rpm_20250426_181108,plastic,600,18,990634
plastic.tar,plastic_20250426_181037_600rpm_20250426_181109,plastic,600,18,1033339
plastic.tar,plastic_20250426_181037_600rpm_20250426_181110,plastic,600,18,989059
plastic.tar,plastic_20250426_181037_600rpm_20250426_181111,plastic,600,18,1038850
plastic.tar,plastic_20250426_181037_600rpm_20250426_181112,plastic,600,18,995951
plastic.tar,plastic_20250426_181037_600rpm_20250426_181113,plastic,600,18,1024267
plastic.tar,plastic_20250426_181037_600rpm_20250426_181114,plastic,600,18,978572
plastic.tar,plastic_20250426_181037_600rpm_20250426_181115,plastic,600,18,1027987
plastic.tar,plastic_20250426_181037_600rpm_20250426_181116,plastic,600,18,980853
plastic.tar,plastic_20250426_181037_600rpm_20250426_181117,plastic,600,18,1025831
plastic.tar,plastic_20250426_181037_600rpm_20250426_181118,plastic,600,18,985810
plastic.tar,plastic_20250426_181037_600rpm_20250426_181119,plastic,600,18,1023993
plastic.tar,plastic_20250426_181037_600rpm_20250426_181120,plastic,600,18,980793
plastic.tar,plastic_20250426_181037_600rpm_20250426_181121,plastic,600,18,1030001
plastic.tar,plastic_20250426_181037_600rpm_20250426_181122,plastic,600,18,980642
plastic.tar,plastic_20250426_181037_600rpm_20250426_181123,plastic,600,18,1027266
plastic.tar,plastic_20250426_181037_600rpm_20250426_181124,plastic,600,18,985027
plastic.tar,plastic_20250426_181037_600rpm_20250426_181125,plastic,600,18,1031775
plastic.tar,plastic_20250426_181037_600rpm_20250426_181126,plastic,600,18,985945
plastic.tar,plastic_20250426_181037_600rpm_20250426_181127,plastic,600,18,1029897
plastic.tar,plastic_20250426_181037_600rpm_20250426_181128,plastic,600,18,988644
plastic.tar,plastic_20250426_181037_600rpm_20250426_181129,plastic,600,18,1023821
plastic.tar,plastic_20250426_181037_600rpm_20250426_181130,plastic,600,18,981454
plastic.tar,plastic_20250426_181037_600rpm_20250426_181131,plastic,600,18,1029531
plastic.tar,plastic_20250426_181037_600rpm_20250426_181132,plastic,600,18,983028
plastic.tar,plastic_20250426_181037_600rpm_20250426_181133,plastic,600,18,1030334
plastic.tar,plastic_20250426_181037_600rpm_20250426_181134,plastic,600,18,984167
plastic.tar,plastic_20250426_181037_600rpm_20250426_181135,plastic,600,18,1026157
plastic.tar,plastic_20250426_181037_600rpm_20250426_181136,plastic,600,18,979758
plastic.tar,plastic_20250426_181037_600rpm_20250426_181137,plastic,600,18,1029656
plastic.tar,plastic_20250426_181037_600rpm_20250426_181138,plastic,600,18,985817
plastic.tar,plastic_20250426_181037_600rpm_20250426_181139,plastic,600,18,1024758
plastic.tar,plastic_20250426_181037_600rpm_20250426_181140,plastic,600,18,984686
plastic.tar,plastic_20250426_181037_600rpm_20250426_181141,plastic,600,18,1024651
plastic.tar,plastic_20250426_181037_600rpm_20250426_181142,plastic,600,18,983481
plastic.tar,plastic_20250426_181037_600rpm_20250426_181143,plastic,600,18,1027324
plastic.tar,plastic_20250426_181037_600rpm_20250426_181144,plastic,600,18,985320
plastic.tar,plastic_20250426_181037_600rpm_20250426_181145,plastic,600,18,1030946
plastic.tar,plastic_20250426_181037_600rpm_20250426_181146,plastic,600,18,988001
plastic.tar,plastic_20250426_181037_600rpm_20250426_181147,plastic,600,18,1026370
plastic.tar,plastic_20250426_181037_600rpm_20250426_181148,plastic,600,18,979895
plastic.tar,plastic_20250426_181037_600rpm_20250426_181149,plastic,600,18,1022954
plastic.tar,plastic_20250426_181037_600rpm_20250426_181150,plastic,600,18,978577
plastic.tar,plastic_20250426_181037_600rpm_20250426_181151,plastic,600,18,1021731
plastic.tar,plastic_20250426_181037_600rpm_20250426_181152,plastic,600,18,976855
plastic.tar,plastic_20250426_181037_600rpm_20250426_181153,plastic,600,18,1022663
plastic.tar,plastic_20250426_181037_600rpm_20250426_181154,plastic,600,18,977621
plastic.tar,plastic_20250426_181037_600rpm_20250426_181155,plastic,600,18,1024404
plastic.tar,plastic_20250426_181037_600rpm_20250426_181156,plastic,600,18,976773
plastic.tar,plastic_20250426_181037_600rpm_20250426_181157,plastic,600,18,1023408
plastic.tar,plastic_20250426_181037_600rpm_20250426_181158,plastic,600,18,977417
plastic.tar,plastic_20250426_181037_600rpm_20250426_181159,plastic,600,18,1019384
plastic.tar,plastic_20250426_181037_600rpm_20250426_181200,plastic,600,18,971116
plastic.tar,plastic_20250426_181037_600rpm_20250426_181201,plastic,600,18,1024467
plastic.tar,plastic_20250426_181037_600rpm_20250426_181202,plastic,600,18,981106
plastic.tar,plastic_20250426_181037_600rpm_20250426_181203,plastic,600,18,1039825
plastic.tar,plastic_20250426_181037_600rpm_20250426_181204,plastic,600,18,987868
plastic.tar,plastic_20250426_181037_600rpm_20250426_181205,plastic,600,18,1042647
plastic.tar,plastic_20250426_181037_600rpm_20250426_181206,plastic,600,18,992319
plastic.tar,plastic_20250426_181037_600rpm_20250426_181207,plastic,600,18,1049087
plastic.tar,plastic_20250426_181037_600rpm_20250426_181208,plastic,600,18,991079
plastic.tar,plastic_20250426_181037_600rpm_20250426_181209,plastic,600,18,1040177
plastic.tar,plastic_20250426_181037_600rpm_20250426_181210,plastic,600,18,988603
plastic.tar,plastic_20250426_181037_600rpm_20250426_181211,plastic,600,18,1031719
plastic.tar,plastic_20250426_181037_600rpm_20250426_181212,plastic,600,18,985212
plastic.tar,plastic_20250426_181037_600rpm_20250426_181213,plastic,600,18,1042281
plastic.tar,plastic_20250426_181037_600rpm_20250426_181214,plastic,600,18,988217
plastic.tar,plastic_20250426_181037_600rpm_20250426_181215,plastic,600,18,1022217
plastic.tar,plastic_20250426_181037_600rpm_20250426_181216,plastic,600,18,985744
plastic.tar,plastic_20250426_181037_600rpm_20250426_181217,plastic,600,18,1035595
plastic.tar,plastic_20250426_181037_600rpm_20250426_181218,plastic,600,18,987303
plastic.tar,plastic_20250426_181037_600rpm_20250426_181219,plastic,600,18,1034836
plastic.tar,plastic_20250426_181037_600rpm_20250426_181220,plastic,600,18,987355
plastic.tar,plastic_20250426_181037_600rpm_20250426_181221,plastic,600,18,1034899
plastic.tar,plastic_20250426_181037_600rpm_20250426_181222,plastic,600,18,982701
plastic.tar,plastic_20250426_181037_600rpm_20250426_181223,plastic,600,18,1034574
plastic.tar,plastic_20250426_181037_600rpm_20250426_181224,plastic,600,18,985520
plastic.tar,plastic_20250426_181037_600rpm_20250426_181225,plastic,600,18,1031716
plastic.tar,plastic_20250426_181037_600rpm_20250426_181226,plastic,600,18,980973
plastic.tar,plastic_20250426_181037_600rpm_20250426_181227,plastic,600,18,1027601
plastic.tar,plastic_20250426_181037_600rpm_20250426_181228,plastic,600,18,983223
plastic.tar,plastic_20250426_181037_600rpm_20250426_181229,plastic,600,18,1040318
plastic.tar,plastic_20250426_181037_600rpm_20250426_181230,plastic,600,18,989136
plastic.tar,plastic_20250426_181037_600rpm_20250426_181231,plastic,600,18,1034589
plastic.tar,plastic_20250426_181037_600rpm_20250426_181232,plastic,600,18,991570
plastic.tar,plastic_20250426_181037_600rpm_20250426_181233,plastic,600,18,1032407
plastic.tar,plastic_20250426_181037_600rpm_20250426_181234,plastic,600,18,990929
plastic.tar,plastic_20250426_181037_600rpm_20250426_181235,plastic,600,18,1033695
plastic.tar,plastic_20250426_181037_600rpm_20250426_181236,plastic,600,18,989495
plastic.tar,plastic_20250426_181037_600rpm_20250426_181237,plastic,600,18,1034420
plastic.tar,plastic_20250426_181037_600rpm_20250426_181238,plastic,600,18,990095
plastic.tar,plastic_20250426_181037_600rpm_20250426_181239,plastic,600,18,1034708
plastic.tar,plastic_20250426_181037_600rpm_20250426_181240,plastic,600,18,990014
plastic.tar,plastic_20250426_181037_600rpm_20250426_181241,plastic,600,18,1030321
plastic.tar,plastic_20250426_181037_600rpm_20250426_181242,plastic,600,18,987634
plastic.tar,plastic_20250426_181037_600rpm_20250426_181243,plastic,600,18,1029249
plastic.tar,plastic_20250426_181037_600rpm_20250426_181244,plastic,600,18,985208
plastic.tar,plastic_20250426_181037_600rpm_20250426_181245,plastic,600,18,1022258
plastic.tar,plastic_20250426_181037_600rpm_20250426_181246,plastic,600,18,981921
plastic.tar,plastic_20250426_181037_600rpm_20250426_181247,plastic,600,18,1023186
plastic.tar,plastic_20250426_181037_600rpm_20250426_181248,plastic,600,18,981853
plastic.tar,plastic_20250426_181037_600rpm_20250426_181249,plastic,600,18,1026357
plastic.tar,plastic_20250426_181037_600rpm_20250426_181250,plastic,600,18,984808
plastic.tar,plastic_20250426_181037_600rpm_20250426_181251,plastic,600,18,1033586
plastic.tar,plastic_20250426_181037_600rpm_20250426_181252,plastic,600,18,990042
plastic.tar,plastic_20250426_181037_600rpm_20250426_181253,plastic,600,18,1024774
plastic.tar,plastic_20250426_181037_600rpm_20250426_181254,plastic,600,18,986994
plastic.tar,plastic_20250426_181037_600rpm_20250426_181255,plastic,600,18,1021150
plastic.tar,plastic_20250426_181037_600rpm_20250426_181256,plastic,600,18,979814
plastic.tar,plastic_20250426_181037_600rpm_20250426_181257,plastic,600,18,1020355
plastic.tar,plastic_20250426_181037_600rpm_20250426_181258,plastic,600,18,978790
plastic.tar,plastic_20250426_181037_600rpm_20250426_181259,plastic,600,18,1012523
plastic.tar,plastic_20250426_181037_600rpm_20250426_181300,plastic,600,18,973148
plastic.tar,plastic_20250426_181037_600rpm_20250426_181301,plastic,600,18,1017523
plastic.tar,plastic_20250426_181037_600rpm_20250426_181302,plastic,600,18,976854
plastic.tar,plastic_20250426_181037_600rpm_20250426_181303,plastic,600,18,1018530
plastic.tar,plastic_20250426_181037_600rpm_20250426_181304,plastic,600,18,978635
plastic.tar,plastic_20250426_181037_600rpm_20250426_181305,plastic,600,18,1020496
plastic.tar,plastic_20250426_181037_600rpm_20250426_181306,plastic,600,18,980829
plastic.tar,plastic_20250426_181037_600rpm_20250426_181307,plastic,600,18,1028693
plastic.tar,plastic_20250426_181037_600rpm_20250426_181308,plastic,600,18,987936
plastic.tar,plastic_20250426_181037_600rpm_20250426_181309,plastic,600,18,1027062
plastic.tar,plastic_20250426_181037_600rpm_20250426_181310,plastic,600,18,985446
plastic.tar,plastic_20250426_181037_600rpm_20250426_181311,plastic,600,18,1024766
plastic.tar,plastic_20250426_181037_600rpm_20250426_181312,plastic,600,18,985164
plastic.tar,plastic_20250426_181037_600rpm_20250426_181313,plastic,600,18,1023442
plastic.tar,plastic_20250426_181037_600rpm_20250426_181314,plastic,600,18,983556
plastic.tar,plastic_20250426_181037_600rpm_20250426_181315,plastic,600,18,1027654
plastic.tar,plastic_20250426_181037_600rpm_20250426_181316,plastic,600,18,986728
plastic.tar,plastic_20250426_181037_600rpm_20250426_181317,plastic,600,18,1025137
plastic.tar,plastic_20250426_181037_600rpm_20250426_181318,plastic,600,18,981903
plastic.tar,plastic_20250426_181037_600rpm_20250426_181319,plastic,600,18,1026692
plastic.tar,plastic_20250426_181037_600rpm_20250426_181320,plastic,600,18,988052
plastic.tar,plastic_20250426_181037_600rpm_20250426_181321,plastic,600,18,1024406
plastic.tar,plastic_20250426_181037_600rpm_20250426_181322,plastic,600,18,985936
plastic.tar,plastic_20250426_181037_600rpm_20250426_181323,plastic,600,18,1024710
plastic.tar,plastic_20250426_181037_600rpm_20250426_181324,plastic,600,18,981177
plastic.tar,plastic_20250426_181037_600rpm_20250426_181325,plastic,600,18,1023689
plastic.tar,plastic_20250426_181037_600rpm_20250426_181326,plastic,600,18,981207
plastic.tar,plastic_20250426_181037_600rpm_20250426_181327,plastic,600,18,1021114
plastic.tar,plastic_20250426_181037_600rpm_20250426_181328,plastic,600,18,979069
plastic.tar,plastic_20250426_181037_600rpm_20250426_181329,plastic,600,18,1022165
plastic.tar,plastic_20250426_181037_600rpm_20250426_181330,plastic,600,18,983968
plastic.tar,plastic_20250426_181037_600rpm_20250426_181331,plastic,600,18,1027404
plastic.tar,plastic_20250426_181037_600rpm_20250426_181332,plastic,600,18,983653
plastic.tar,plastic_20250426_181037_600rpm_20250426_181333,plastic,600,18,1022135
plastic.tar,plastic_20250426_181037_600rpm_20250426_181334,plastic,600,18,979546
plastic.tar,plastic_20250426_181037_600rpm_20250426_181335,plastic,600,18,1034397
plastic.tar,plastic_20250426_181037_600rpm_20250426_181336,plastic,600,18,987848
plastic.tar,plastic_20250426_181037_600rpm_20250426_181337,plastic,600,18,1034831
plastic.tar,plastic_20250426_181037_600rpm_20250426_181338,plastic,600,18,988487
plastic.tar,plastic_20250426_181037_600rpm_20250426_181339,plastic,600,18,1035940
plastic.tar,plastic_20250426_181037_600rpm_20250426_181340,plastic,600,18,988688
plastic.tar,plastic_20250426_181037_600rpm_20250426_181341,plastic,600,18,1034536
plastic.tar,plastic_20250426_181037_600rpm_20250426_181342,plastic,600,18,993335
plastic.tar,plastic_20250426_181037_600rpm_20250426_181343,plastic,600,18,1038133
plastic.tar,plastic_20250426_181037_600rpm_20250426_181344,plastic,600,18,989777
plastic.tar,plastic_20250426_181037_600rpm_20250426_181345,plastic,600,18,1035376
plastic.tar,plastic_20250426_181037_600rpm_20250426_181346,plastic,600,18,992931
plastic.tar,plastic_20250426_181037_600rpm_20250426_181347,plastic,600,18,1035667
plastic.tar,plastic_20250426_181037_600rpm_20250426_181348,plastic,600,18,991543
plastic.tar,plastic_20250426_181037_600rpm_20250426_181349,plastic,600,18,1034409
plastic.tar,plastic_20250426_181037_600rpm_20250426_181350,plastic,600,18,988148
plastic.tar,plastic_20250426_181037_600rpm_20250426_181351,plastic,600,18,1036176
plastic.tar,plastic_20250426_181037_600rpm_20250426_181352,plastic,600,18,988619
plastic.tar,plastic_20250426_181037_600rpm_20250426_181353,plastic,600,18,1036636
plastic.tar,plastic_20250426_181037_600rpm_20250426_181354,plastic,600,18,987905
plastic.tar,plastic_20250426_181037_600rpm_20250426_181355,plastic,600,18,1031581
plastic.tar,plastic_20250426_181037_600rpm_20250426_181356,plastic,600,18,980788
plastic.tar,plastic_20250426_181037_600rpm_20250426_181357,plastic,600,18,1034167
plastic.tar,plastic_20250426_181037_600rpm_20250426_181358,plastic,600,18,986696
plastic.tar,plastic_20250426_181037_600rpm_20250426_181359,plastic,600,18,1036182
plastic.tar,plastic_20250426_181037_600rpm_20250426_181400,plastic,600,18,987990
plastic.tar,plastic_20250426_181037_600rpm_20250426_181401,plastic,600,18,1033943
plastic.tar,plastic_20250426_181037_600rpm_20250426_181402,plastic,600,18,984809
plastic.tar,plastic_20250426_181037_600rpm_20250426_181403,plastic,600,18,1016628
plastic.tar,plastic_20250426_181037_600rpm_20250426_181404,plastic,600,18,979165
plastic.tar,plastic_20250426_181037_600rpm_20250426_181405,plastic,600,18,1031436
plastic.tar,plastic_20250426_181037_600rpm_20250426_181406,plastic,600,18,984744
plastic.tar,plastic_20250426_181037_600rpm_20250426_181407,plastic,600,18,1031283
plastic.tar,plastic_20250426_181037_600rpm_20250426_181408,plastic,600,18,987907
plastic.tar,plastic_20250426_181037_600rpm_20250426_181409,plastic,600,18,1019012
plastic.tar,plastic_20250426_181037_600rpm_20250426_181410,plastic,600,18,982145
plastic.tar,plastic_20250426_181037_600rpm_20250426_181411,plastic,600,18,1031570
plastic.tar,plastic_20250426_181037_600rpm_20250426_181412,plastic,600,18,978213
plastic.tar,plastic_20250426_181037_600rpm_20250426_181413,plastic,600,18,1032535
plastic.tar,plastic_20250426_181037_600rpm_20250426_181414,plastic,600,18,981285
plastic.tar,plastic_20250426_181037_600rpm_20250426_181415,plastic,600,18,1028210
plastic.tar,plastic_20250426_181037_600rpm_20250426_181416,plastic,600,18,990220
plastic.tar,plastic_20250426_181037_600rpm_20250426_181417,plastic,600,18,1037717
plastic.tar,plastic_20250426_181037_600rpm_20250426_181418,plastic,600,18,989087
plastic.tar,plastic_20250426_181037_600rpm_20250426_181419,plastic,600,18,1030934
plastic.tar,plastic_20250426_181037_600rpm_20250426_181420,plastic,600,18,989144
plastic.tar,plastic_20250426_181037_600rpm_20250426_181421,plastic,600,18,1038670
plastic.tar,plastic_20250426_181037_600rpm_20250426_181422,plastic,600,18,992085
plastic.tar,plastic_20250426_181037_600rpm_20250426_181423,plastic,600,18,1042074
plastic.tar,plastic_20250426_181037_600rpm_20250426_181424,plastic,600,18,995450
plastic.tar,plastic_20250426_181436_800rpm_20250426_181438,plastic,800,18,1055280
plastic.tar,plastic_20250426_181436_800rpm_20250426_181439,plastic,800,18,1036447
plastic.tar,plastic_20250426_181436_800rpm_20250426_181440,plastic,800,18,1013178
plastic.tar,plastic_20250426_181436_800rpm_20250426_181441,plastic,800,18,1022979
plastic.tar,plastic_20250426_181436_800rpm_20250426_181442,plastic,800,18,1006964
plastic.tar,plastic_20250426_181436_800rpm_20250426_181443,plastic,800,18,1019616
plastic.tar,plastic_20250426_181436_800rpm_20250426_181444,plastic,800,18,1003427
plastic.tar,plastic_20250426_181436_800rpm_20250426_181445,plastic,800,18,1022503
plastic.tar,plastic_20250426_181436_800rpm_20250426_181446,plastic,800,18,1007837
plastic.tar,plastic_20250426_181436_800rpm_20250426_181447,plastic,800,18,1019756
plastic.tar,plastic_20250426_181436_800rpm_20250426_181448,plastic,800,18,1003926
plastic.tar,plastic_20250426_181436_800rpm_20250426_181449,plastic,800,18,1022417
plastic.tar,plastic_20250426_181436_800rpm_20250426_181450,plastic,800,18,1007123
plastic.tar,plastic_20250426_181436_800rpm_20250426_181451,plastic,800,18,1019319
plastic.tar,plastic_20250426_181436_800rpm_20250426_181452,plastic,800,18,1006191
plastic.tar,plastic_20250426_181436_800rpm_20250426_181453,plastic,800,18,1020206
plastic.tar,plastic_20250426_181436_800rpm_20250426_181454,plastic,800,18,1003607
plastic.tar,plastic_20250426_181436_800rpm_20250426_181455,plastic,800,18,1021234
plastic.tar,plastic_20250426_181436_800rpm_20250426_181456,plastic,800,18,1005682
plastic.tar,plastic_20250426_181436_800rpm_20250426_181457,plastic,800,18,1020625
plastic.tar,plastic_20250426_181436_800rpm_20250426_181459,plastic,800,18,1010781
plastic.tar,plastic_20250426_181436_800rpm_20250426_181500,plastic,800,18,1002242
plastic.tar,plastic_20250426_181436_800rpm_20250426_181501,plastic,800,18,1022934
plastic.tar,plastic_20250426_181436_800rpm_20250426_181502,plastic,800,18,1009528
plastic.tar,plastic_20250426_181436_800rpm_20250426_181503,plastic,800,18,1026661
plastic.tar,plastic_20250426_181436_800rpm_20250426_181504,plastic,800,18,1016193
plastic.tar,plastic_20250426_181436_800rpm_20250426_181505,plastic,800,18,1030781
plastic.tar,plastic_20250426_181436_800rpm_20250426_181506,plastic,800,18,1015082
plastic.tar,plastic_20250426_181436_800rpm_20250426_181508,plastic,800,18,1008036
plastic.tar,plastic_20250426_181436_800rpm_20250426_181509,plastic,800,18,1026376
plastic.tar,plastic_20250426_181436_800rpm_20250426_181510,plastic,800,18,1013642
plastic.tar,plastic_20250426_181436_800rpm_20250426_181511,plastic,800,18,1026396
plastic.tar,plastic_20250426_181436_800rpm_20250426_181512,plastic,800,18,1008140
plastic.tar,plastic_20250426_181436_800rpm_20250426_181513,plastic,800,18,1027298
plastic.tar,plastic_20250426_181436_800rpm_20250426_181514,plastic,800,18,1010051
plastic.tar,plastic_20250426_181436_800rpm_20250426_181515,plastic,800,18,1021249
plastic.tar,plastic_20250426_181436_800rpm_20250426_181516,plastic,800,18,1021609
plastic.tar,plastic_20250426_181436_800rpm_20250426_181517,plastic,800,18,1028949
plastic.tar,plastic_20250426_181436_800rpm_20250426_181518,plastic,800,18,1013789
plastic.tar,plastic_20250426_181436_800rpm_20250426_181519,plastic,800,18,1034622
plastic.tar,plastic_20250426_181436_800rpm_20250426_181520,plastic,800,18,1020979
plastic.tar,plastic_20250426_181436_800rpm_20250426_181521,plastic,800,18,1027842
plastic.tar,plastic_20250426_181436_800rpm_20250426_181522,plastic,800,18,1009546
plastic.tar,plastic_20250426_181436_800rpm_20250426_181523,plastic,800,18,1025170
plastic.tar,plastic_20250426_181436_800rpm_20250426_181524,plastic,800,18,1006656
plastic.tar,plastic_20250426_181436_800rpm_20250426_181525,plastic,800,18,1026663
plastic.tar,plastic_20250426_181436_800rpm_20250426_181526,plastic,800,18,1011175
plastic.tar,plastic_20250426_181436_800rpm_20250426_181527,plastic,800,18,1024456
plastic.tar,plastic_20250426_181436_800rpm_20250426_181528,plastic,800,18,1011849
plastic.tar,plastic_20250426_181436_800rpm_20250426_181529,plastic,800,18,1022051
plastic.tar,plastic_20250426_181436_800rpm_20250426_181530,plastic,800,18,1005889
plastic.tar,plastic_20250426_181436_800rpm_20250426_181531,plastic,800,18,1020742
plastic.tar,plastic_20250426_181436_800rpm_20250426_181532,plastic,800,18,1006638
plastic.tar,plastic_20250426_181436_800rpm_20250426_181533,plastic,800,18,1018531
plastic.tar,plastic_20250426_181436_800rpm_20250426_181534,plastic,800,18,1002135
plastic.tar,plastic_20250426_181436_800rpm_20250426_181535,plastic,800,18,1018942
plastic.tar,plastic_20250426_181436_800rpm_20250426_181536,plastic,800,18,1008898
plastic.tar,plastic_20250426_181436_800rpm_20250426_181537,plastic,800,18,1021563
plastic.tar,plastic_20250426_181436_800rpm_20250426_181538,plastic,800,18,1009750
plastic.tar,plastic_20250426_181436_800rpm_20250426_181539,plastic,800,18,1025673
plastic.tar,plastic_20250426_181436_800rpm_20250426_181540,plastic,800,18,1006855
plastic.tar,plastic_20250426_181436_800rpm_20250426_181541,plastic,800,18,1025822
plastic.tar,plastic_20250426_181436_800rpm_20250426_181542,plastic,800,18,1008107
plastic.tar,plastic_20250426_181436_800rpm_20250426_181543,plastic,800,18,1018832
plastic.tar,plastic_20250426_181436_800rpm_20250426_181544,plastic,800,18,1020397
plastic.tar,plastic_20250426_181436_800rpm_20250426_181545,plastic,800,18,1024499
plastic.tar,plastic_20250426_181436_800rpm_20250426_181546,plastic,800,18,1008971
plastic.tar,plastic_20250426_181436_800rpm_20250426_181547,plastic,800,18,1026278
plastic.tar,plastic_20250426_181436_800rpm_20250426_181548,plastic,800,18,1014898
plastic.tar,plastic_20250426_181436_800rpm_20250426_181549,plastic,800,18,1027338
plastic.tar,plastic_20250426_181436_800rpm_20250426_181550,plastic,800,18,1012948
plastic.tar,plastic_20250426_181436_800rpm_20250426_181551,plastic,800,18,1030173
plastic.tar,plastic_20250426_181436_800rpm_20250426_181552,plastic,800,18,1014899
plastic.tar,plastic_20250426_181436_800rpm_20250426_181553,plastic,800,18,1031054
plastic.tar,plastic_20250426_181436_800rpm_20250426_181554,plastic,800,18,1015583
plastic.tar,plastic_20250426_181436_800rpm_20250426_181555,plastic,800,18,1026429
plastic.tar,plastic_20250426_181436_800rpm_20250426_181556,plastic,800,18,1015199
plastic.tar,plastic_20250426_181436_800rpm_20250426_181557,plastic,800,18,1028274
plastic.tar,plastic_20250426_181436_800rpm_20250426_181558,plastic,800,18,1012618
plastic.tar,plastic_20250426_181436_800rpm_20250426_181559,plastic,800,18,1027174
plastic.tar,plastic_20250426_181436_800rpm_20250426_181600,plastic,800,18,1010067
plastic.tar,plastic_20250426_181436_800rpm_20250426_181601,plastic,800,18,1027095
plastic.tar,plastic_20250426_181436_800rpm_20250426_181602,plastic,800,18,1013922
plastic.tar,plastic_20250426_181436_800rpm_20250426_181603,plastic,800,18,1027619
plastic.tar,plastic_20250426_181436_800rpm_20250426_181604,plastic,800,18,1006896
plastic.tar,plastic_20250426_181436_800rpm_20250426_181605,plastic,800,18,1028508
plastic.tar,plastic_20250426_181436_800rpm_20250426_181606,plastic,800,18,1016651
plastic.tar,plastic_20250426_181436_800rpm_20250426_181607,plastic,800,18,1025364
plastic.tar,plastic_20250426_181436_800rpm_20250426_181608,plastic,800,18,1013074
plastic.tar,plastic_20250426_181436_800rpm_20250426_181609,plastic,800,18,1027231
plastic.tar,plastic_20250426_181436_800rpm_20250426_181610,plastic,800,18,1008707
plastic.tar,plastic_20250426_181436_800rpm_20250426_181611,plastic,800,18,1021530
plastic.tar,plastic_20250426_181436_800rpm_20250426_181612,plastic,800,18,1019870
plastic.tar,plastic_20250426_181436_800rpm_20250426_181613,plastic,800,18,1020118
plastic.tar,plastic_20250426_181436_800rpm_20250426_181614,plastic,800,18,1018775
plastic.tar,plastic_20250426_181436_800rpm_20250426_181615,plastic,800,18,1017122
plastic.tar,plastic_20250426_181436_800rpm_20250426_181616,plastic,800,18,1007461
plastic.tar,plastic_20250426_181436_800rpm_20250426_181617,plastic,800,18,1025503
plastic.tar,plastic_20250426_181436_800rpm_20250426_181618,plastic,800,18,1013852
plastic.tar,plastic_20250426_181436_800rpm_20250426_181619,plastic,800,18,1031055
plastic.tar,plastic_20250426_181436_800rpm_20250426_181620,plastic,800,18,1014571
plastic.tar,plastic_20250426_181436_800rpm_20250426_181621,plastic,800,18,1025838
plastic.tar,plastic_20250426_181436_800rpm_20250426_181622,plastic,800,18,1008876
plastic.tar,plastic_20250426_181436_800rpm_20250426_181623,plastic,800,18,1026864
plastic.tar,plastic_20250426_181436_800rpm_20250426_181624,plastic,800,18,1006113
plastic.tar,plastic_20250426_181436_800rpm_20250426_181625,plastic,800,18,1018442
plastic.tar,plastic_20250426_181436_800rpm_20250426_181626,plastic,800,18,1009346
plastic.tar,plastic_20250426_181436_800rpm_20250426_181627,plastic,800,18,1012385
plastic.tar,plastic_20250426_181436_800rpm_20250426_181628,plastic,800,18,1007778
plastic.tar,plastic_20250426_181436_800rpm_20250426_181629,plastic,800,18,1015113
plastic.tar,plastic_20250426_181436_800rpm_20250426_181630,plastic,800,18,1001193
plastic.tar,plastic_20250426_181436_800rpm_20250426_181631,plastic,800,18,1011688
plastic.tar,plastic_20250426_181436_800rpm_20250426_181632,plastic,800,18,1003897
plastic.tar,plastic_20250426_181436_800rpm_20250426_181633,plastic,800,18,1017348
plastic.tar,plastic_20250426_181436_800rpm_20250426_181634,plastic,800,18,1017527
plastic.tar,plastic_20250426_181436_800rpm_20250426_181635,plastic,800,18,1026640
plastic.tar,plastic_20250426_181436_800rpm_20250426_181636,plastic,800,18,1012200
plastic.tar,plastic_20250426_181436_800rpm_20250426_181637,plastic,800,18,1021578
plastic.tar,plastic_20250426_181436_800rpm_20250426_181638,plastic,800,18,1015184
plastic.tar,plastic_20250426_181436_800rpm_20250426_181639,plastic,800,18,1023230
plastic.tar,plastic_20250426_181436_800rpm_20250426_181640,plastic,800,18,1014277
plastic.tar,plastic_20250426_181436_800rpm_20250426_181641,plastic,800,18,1024366
plastic.tar,plastic_20250426_181436_800rpm_20250426_181642,plastic,800,18,1019296
plastic.tar,plastic_20250426_181436_800rpm_20250426_181643,plastic,800,18,1030948
plastic.tar,plastic_20250426_181436_800rpm_20250426_181644,plastic,800,18,1025605
plastic.tar,plastic_20250426_181436_800rpm_20250426_181645,plastic,800,18,1029497
plastic.tar,plastic_20250426_181436_800rpm_20250426_181646,plastic,800,18,1021710
plastic.tar,plastic_20250426_181436_800rpm_20250426_181647,plastic,800,18,1030035
plastic.tar,plastic_20250426_181436_800rpm_20250426_181648,plastic,800,18,1015985
plastic.tar,plastic_20250426_181436_800rpm_20250426_181649,plastic,800,18,1025775
plastic.tar,plastic_20250426_181436_800rpm_20250426_181650,plastic,800,18,1024219
plastic.tar,plastic_20250426_181436_800rpm_20250426_181651,plastic,800,18,1030027
plastic.tar,plastic_20250426_181436_800rpm_20250426_181652,plastic,800,18,1027492
plastic.tar,plastic_20250426_181436_800rpm_20250426_181653,plastic,800,18,1032759
plastic.tar,plastic_20250426_181436_800rpm_20250426_181654,plastic,800,18,1022079
plastic.tar,plastic_20250426_181436_800rpm_20250426_181655,plastic,800,18,1033133
plastic.tar,plastic_20250426_181436_800rpm_20250426_181656,plastic,800,18,1025994
plastic.tar,plastic_20250426_181436_800rpm_20250426_181657,plastic,800,18,1033115
plastic.tar,plastic_20250426_181436_800rpm_20250426_181658,plastic,800,18,1021372
plastic.tar,plastic_20250426_181436_800rpm_20250426_181659,plastic,800,18,1022230
plastic.tar,plastic_20250426_181436_800rpm_20250426_181700,plastic,800,18,1027146
plastic.tar,plastic_20250426_181436_800rpm_20250426_181701,plastic,800,18,1025536
plastic.tar,plastic_20250426_181436_800rpm_20250426_181702,plastic,800,18,1017269
plastic.tar,plastic_20250426_181436_800rpm_20250426_181703,plastic,800,18,1021476
plastic.tar,plastic_20250426_181436_800rpm_20250426_181704,plastic,800,18,1011707
plastic.tar,plastic_20250426_181436_800rpm_20250426_181705,plastic,800,18,1023870
plastic.tar,plastic_20250426_181436_800rpm_20250426_181706,plastic,800,18,1014959
plastic.tar,plastic_20250426_181436_800rpm_20250426_181707,plastic,800,18,1023896
plastic.tar,plastic_20250426_181436_800rpm_20250426_181708,plastic,800,18,1013008
plastic.tar,plastic_20250426_181436_800rpm_20250426_181709,plastic,800,18,1016879
plastic.tar,plastic_20250426_181436_800rpm_20250426_181710,plastic,800,18,1011319
plastic.tar,plastic_20250426_181436_800rpm_20250426_181711,plastic,800,18,1012111
plastic.tar,plastic_20250426_181436_800rpm_20250426_181712,plastic,800,18,1004669
plastic.tar,plastic_20250426_181436_800rpm_20250426_181713,plastic,800,18,1012947
plastic.tar,plastic_20250426_181436_800rpm_20250426_181714,plastic,800,18,1004243
plastic.tar,plastic_20250426_181436_800rpm_20250426_181715,plastic,800,18,1010203
plastic.tar,plastic_20250426_181436_800rpm_20250426_181716,plastic,800,18,1003474
plastic.tar,plastic_20250426_181436_800rpm_20250426_181717,plastic,800,18,1013333
plastic.tar,plastic_20250426_181436_800rpm_20250426_181718,plastic,800,18,1006219
plastic.tar,plastic_20250426_181436_800rpm_20250426_181719,plastic,800,18,1011033
plastic.tar,plastic_20250426_181436_800rpm_20250426_181720,plastic,800,18,1004117
plastic.tar,plastic_20250426_181436_800rpm_20250426_181721,plastic,800,18,1013495
plastic.tar,plastic_20250426_181436_800rpm_20250426_181722,plastic,800,18,1017050
plastic.tar,plastic_20250426_181436_800rpm_20250426_181723,plastic,800,18,1018410
plastic.tar,plastic_20250426_181436_800rpm_20250426_181724,plastic,800,18,1015583
plastic.tar,plastic_20250426_181436_800rpm_20250426_181725,plastic,800,18,1028126
plastic.tar,plastic_20250426_181436_800rpm_20250426_181726,plastic,800,18,1018110
plastic.tar,plastic_20250426_181436_800rpm_20250426_181727,plastic,800,18,1028699
plastic.tar,plastic_20250426_181436_800rpm_20250426_181728,plastic,800,18,1019702
plastic.tar,plastic_20250426_181436_800rpm_20250426_181729,plastic,800,18,1023992
plastic.tar,plastic_20250426_181436_800rpm_20250426_181730,plastic,800,18,1017799
plastic.tar,plastic_20250426_181436_800rpm_20250426_181731,plastic,800,18,1032270
plastic.tar,plastic_20250426_181436_800rpm_20250426_181732,plastic,800,18,1023363
plastic.tar,plastic_20250426_181436_800rpm_20250426_181733,plastic,800,18,1033929
plastic.tar,plastic_20250426_181436_800rpm_20250426_181734,plastic,800,18,1018932
plastic.tar,plastic_20250426_181436_800rpm_20250426_181735,plastic,800,18,1024815
plastic.tar,plastic_20250426_181436_800rpm_20250426_181736,plastic,800,18,1019338
plastic.tar,plastic_20250426_181436_800rpm_20250426_181737,plastic,800,18,1028950
plastic.tar,plastic_20250426_181436_800rpm_20250426_181738,plastic,800,18,1025152
plastic.tar,plastic_20250426_181436_800rpm_20250426_181739,plastic,800,18,1030695
plastic.tar,plastic_20250426_181436_800rpm_20250426_181741,plastic,800,18,1014189
plastic.tar,plastic_20250426_181436_800rpm_20250426_181742,plastic,800,18,1013590
plastic.tar,plastic_20250426_181436_800rpm_20250426_181743,plastic,800,18,1023374
plastic.tar,plastic_20250426_181436_800rpm_20250426_181744,plastic,800,18,1011682
plastic.tar,plastic_20250426_181436_800rpm_20250426_181745,plastic,800,18,1019753
plastic.tar,plastic_20250426_181436_800rpm_20250426_181746,plastic,800,18,1011608
plastic.tar,plastic_20250426_181436_800rpm_20250426_181747,plastic,800,18,1017981
plastic.tar,plastic_20250426_181436_800rpm_20250426_181748,plastic,800,18,1008563
plastic.tar,plastic_20250426_181436_800rpm_20250426_181749,plastic,800,18,1013856
plastic.tar,plastic_20250426_181436_800rpm_20250426_181750,plastic,800,18,1003825
plastic.tar,plastic_20250426_181436_800rpm_20250426_181751,plastic,800,18,1015178
plastic.tar,plastic_20250426_181436_800rpm_20250426_181752,plastic,800,18,1010927
plastic.tar,plastic_20250426_181436_800rpm_20250426_181753,plastic,800,18,1023240
plastic.tar,plastic_20250426_181436_800rpm_20250426_181754,plastic,800,18,1015964
plastic.tar,plastic_20250426_181436_800rpm_20250426_181755,plastic,800,18,1020218
plastic.tar,plastic_20250426_181436_800rpm_20250426_181756,plastic,800,18,1009266
plastic.tar,plastic_20250426_181436_800rpm_20250426_181757,plastic,800,18,1015788
plastic.tar,plastic_20250426_181436_800rpm_20250426_181758,plastic,800,18,1007262
plastic.tar,plastic_20250426_181436_800rpm_20250426_181759,plastic,800,18,1011096
plastic.tar,plastic_20250426_181436_800rpm_20250426_181800,plastic,800,18,1017224
plastic.tar,plastic_20250426_181436_800rpm_20250426_181801,plastic,800,18,1018505
plastic.tar,plastic_20250426_181436_800rpm_20250426_181802,plastic,800,18,1010360
plastic.tar,plastic_20250426_181436_800rpm_20250426_181803,plastic,800,18,1018723
plastic.tar,plastic_20250426_181436_800rpm_20250426_181804,plastic,800,18,1009751
plastic.tar,plastic_20250426_181436_800rpm_20250426_181805,plastic,800,18,1017595
plastic.tar,plastic_20250426_181436_800rpm_20250426_181806,plastic,800,18,1010888
plastic.tar,plastic_20250426_181436_800rpm_20250426_181807,plastic,800,18,1017437
plastic.tar,plastic_20250426_181436_800rpm_20250426_181808,plastic,800,18,1007150
plastic.tar,plastic_20250426_181436_800rpm_20250426_181809,plastic,800,18,1019518
plastic.tar,plastic_20250426_181436_800rpm_20250426_181810,plastic,800,18,1014056
plastic.tar,plastic_20250426_181436_800rpm_20250426_181811,plastic,800,18,1023843
plastic.tar,plastic_20250426_181436_800rpm_20250426_181812,plastic,800,18,1016574
plastic.tar,plastic_20250426_181436_800rpm_20250426_181813,plastic,800,18,1024628
plastic.tar,plastic_20250426_181436_800rpm_20250426_181814,plastic,800,18,1011633
plastic.tar,plastic_20250426_181436_800rpm_20250426_181815,plastic,800,18,1013369
plastic.tar,plastic_20250426_181436_800rpm_20250426_181816,plastic,800,18,1011194
plastic.tar,plastic_20250426_181436_800rpm_20250426_181817,plastic,800,18,1020382
plastic.tar,plastic_20250426_181436_800rpm_20250426_181818,plastic,800,18,1009226
plastic.tar,plastic_20250426_181436_800rpm_20250426_181819,plastic,800,18,1020113
plastic.tar,plastic_20250426_181436_800rpm_20250426_181820,plastic,800,18,1013780
plastic.tar,plastic_20250426_181436_800rpm_20250426_181821,plastic,800,18,1020025
plastic.tar,plastic_20250426_181436_800rpm_20250426_181822,plastic,800,18,1009267
plastic.tar,plastic_20250426_181436_800rpm_20250426_181823,plastic,800,18,1016400
plastic.tar,plastic_20250426_181436_800rpm_20250426_181824,plastic,800,18,1010197
plastic.tar,plastic_20250426_181436_800rpm_20250426_181825,plastic,800,18,1025123
plastic.tar,plastic_20250426_181436_800rpm_20250426_181826,plastic,800,18,1017366
plastic.tar,plastic_20250426_181436_800rpm_20250426_181827,plastic,800,18,1020818
plastic.tar,plastic_20250426_181436_800rpm_20250426_181828,plastic,800,18,1014963
plastic.tar,plastic_20250426_181436_800rpm_20250426_181829,plastic,800,18,1015385
plastic.tar,plastic_20250426_181436_800rpm_20250426_181830,plastic,800,18,1015853
plastic.tar,plastic_20250426_181436_800rpm_20250426_181831,plastic,800,18,1022697
plastic.tar,plastic_20250426_181436_800rpm_20250426_181832,plastic,800,18,1021700
plastic.tar,plastic_20250426_181436_800rpm_20250426_181833,plastic,800,18,1015216
plastic.tar,plastic_20250426_181436_800rpm_20250426_181834,plastic,800,18,1018995
plastic.tar,plastic_20250426_181436_800rpm_20250426_181835,plastic,800,18,1020803
plastic.tar,plastic_20250426_181436_800rpm_20250426_181836,plastic,800,18,1012837
plastic.tar,plastic_20250426_181436_800rpm_20250426_181837,plastic,800,18,1022085
plastic.tar,plastic_20250426_181436_800rpm_20250426_181838,plastic,800,18,1017952
plastic.tar,plastic_20250426_181436_800rpm_20250426_181839,plastic,800,18,1026107
plastic.tar,plastic_20250426_181436_800rpm_20250426_181840,plastic,800,18,1015197
plastic.tar,plastic_20250426_181436_800rpm_20250426_181841,plastic,800,18,1021970
plastic.tar,plastic_20250426_181436_800rpm_20250426_181842,plastic,800,18,1014358
plastic.tar,plastic_20250426_181436_800rpm_20250426_181843,plastic,800,18,1022522
plastic.tar,plastic_20250426_181436_800rpm_20250426_181844,plastic,800,18,1012746
plastic.tar,plastic_20250426_181436_800rpm_20250426_181845,plastic,800,18,1023404
plastic.tar,plastic_20250426_181436_800rpm_20250426_181846,plastic,800,18,1014896
plastic.tar,plastic_20250426_181436_800rpm_20250426_181847,plastic,800,18,1010875
plastic.tar,plastic_20250426_181436_800rpm_20250426_181848,plastic,800,18,1010435
plastic.tar,plastic_20250426_181436_800rpm_20250426_181849,plastic,800,18,1014172
plastic.tar,plastic_20250426_181436_800rpm_20250426_181850,plastic,800,18,1014453
plastic.tar,plastic_20250426_181436_800rpm_20250426_181851,plastic,800,18,1017615
plastic.tar,plastic_20250426_181436_800rpm_20250426_181852,plastic,800,18,1010015
plastic.tar,plastic_20250426_181436_800rpm_20250426_181853,plastic,800,18,1010713
plastic.tar,plastic_20250426_181436_800rpm_20250426_181854,plastic,800,18,1014805
plastic.tar,plastic_20250426_181436_800rpm_20250426_181855,plastic,800,18,1016148
plastic.tar,plastic_20250426_181436_800rpm_20250426_181856,plastic,800,18,1011426
plastic.tar,plastic_20250426_181436_800rpm_20250426_181857,plastic,800,18,1015972
plastic.tar,plastic_20250426_181436_800rpm_20250426_181858,plastic,800,18,1019385
plastic.tar,plastic_20250426_181436_800rpm_20250426_181859,plastic,800,18,1014976
plastic.tar,plastic_20250426_181436_800rpm_20250426_181900,plastic,800,18,1006290
plastic.tar,plastic_20250426_181436_800rpm_20250426_181901,plastic,800,18,1013932
plastic.tar,plastic_20250426_181436_800rpm_20250426_181902,plastic,800,18,1012881
plastic.tar,plastic_20250426_181436_800rpm_20250426_181903,plastic,800,18,1021389
plastic.tar,plastic_20250426_181436_800rpm_20250426_181904,plastic,800,18,1013061
plastic.tar,plastic_20250426_181436_800rpm_20250426_181905,plastic,800,18,1024687
plastic.tar,plastic_20250426_181436_800rpm_20250426_181906,plastic,800,18,1021827
plastic.tar,plastic_20250426_181436_800rpm_20250426_181907,plastic,800,18,1019716
plastic.tar,plastic_20250426_181436_800rpm_20250426_181908,plastic,800,18,1020071
plastic.tar,plastic_20250426_181436_800rpm_20250426_181909,plastic,800,18,1019351
plastic.tar,plastic_20250426_181436_800rpm_20250426_181910,plastic,800,18,1021333
plastic.tar,plastic_20250426_181436_800rpm_20250426_181911,plastic,800,18,1026939
plastic.tar,plastic_20250426_181436_800rpm_20250426_181912,plastic,800,18,1022774
plastic.tar,plastic_20250426_181436_800rpm_20250426_181913,plastic,800,18,1023630
plastic.tar,plastic_20250426_181436_800rpm_20250426_181914,plastic,800,18,1022100
plastic.tar,plastic_20250426_181436_800rpm_20250426_181915,plastic,800,18,1025305
plastic.tar,plastic_20250426_181436_800rpm_20250426_181916,plastic,800,18,1020807
plastic.tar,plastic_20250426_181436_800rpm_20250426_181917,plastic,800,18,1023253
plastic.tar,plastic_20250426_181436_800rpm_20250426_181918,plastic,800,18,1027384
plastic.tar,plastic_20250426_181436_800rpm_20250426_181919,plastic,800,18,1029031
plastic.tar,plastic_20250426_181436_800rpm_20250426_181920,plastic,800,18,1027804
plastic.tar,plastic_20250426_181436_800rpm_20250426_181921,plastic,800,18,1030162
plastic.tar,plastic_20250426_181436_800rpm_20250426_181922,plastic,800,18,1027618
plastic.tar,plastic_20250426_181436_800rpm_20250426_181923,plastic,800,18,1032325
plastic.tar,plastic_20250426_181436_800rpm_20250426_181924,plastic,800,18,1026515
plastic.tar,plastic_20250426_181436_800rpm_20250426_181925,plastic,800,18,1026744
3mm.tar,3mm_20250426_161222_400rpm_20250426_161225,3mm,400,18,883004
3mm.tar,3mm_20250426_161222_400rpm_20250426_161226,3mm,400,18,866442
3mm.tar,3mm_20250426_161222_400rpm_20250426_161227,3mm,400,18,857304
3mm.tar,3mm_20250426_161222_400rpm_20250426_161228,3mm,400,18,869248
3mm.tar,3mm_20250426_161222_400rpm_20250426_161229,3mm,400,18,862302
3mm.tar,3mm_20250426_161222_400rpm_20250426_161230,3mm,400,18,875070
3mm.tar,3mm_20250426_161222_400rpm_20250426_161231,3mm,400,18,868370
3mm.tar,3mm_20250426_161222_400rpm_20250426_161232,3mm,400,18,871836
3mm.tar,3mm_20250426_161222_400rpm_20250426_161233,3mm,400,18,863611
3mm.tar,3mm_20250426_161222_400rpm_20250426_161234,3mm,400,18,880540
3mm.tar,3mm_20250426_161222_400rpm_20250426_161235,3mm,400,18,867138
3mm.tar,3mm_20250426_161222_400rpm_20250426_161236,3mm,400,18,877642
3mm.tar,3mm_20250426_161222_400rpm_20250426_161237,3mm,400,18,872368
3mm.tar,3mm_20250426_161222_400rpm_20250426_161238,3mm,400,18,873990
3mm.tar,3mm_20250426_161222_400rpm_20250426_161239,3mm,400,18,865406
3mm.tar,3mm_20250426_161222_400rpm_20250426_161240,3mm,400,18,880188
3mm.tar,3mm_20250426_161222_400rpm_20250426_161241,3mm,400,18,865673
3mm.tar,3mm_20250426_161222_400rpm_20250426_161242,3mm,400,18,874237
3mm.tar,3mm_20250426_161222_400rpm_20250426_161243,3mm,400,18,868807
3mm.tar,3mm_20250426_161222_400rpm_20250426_161244,3mm,400,18,878073
3mm.tar,3mm_20250426_161222_400rpm_20250426_161245,3mm,400,18,867663
3mm.tar,3mm_20250426_161222_400rpm_20250426_161246,3mm,400,18,873889
3mm.tar,3mm_20250426_161222_400rpm_20250426_161247,3mm,400,18,865581
3mm.tar,3mm_20250426_161222_400rpm_20250426_161248,3mm,400,18,878457
3mm.tar,3mm_20250426_161222_400rpm_20250426_161249,3mm,400,18,870930
3mm.tar,3mm_20250426_161222_400rpm_20250426_161250,3mm,400,18,868837
3mm.tar,3mm_20250426_161222_400rpm_20250426_161251,3mm,400,18,859995
3mm.tar,3mm_20250426_161222_400rpm_20250426_161252,3mm,400,18,873480
3mm.tar,3mm_20250426_161222_400rpm_20250426_161253,3mm,400,18,864451
3mm.tar,3mm_20250426_161222_400rpm_20250426_161254,3mm,400,18,868819
3mm.tar,3mm_20250426_161222_400rpm_20250426_161255,3mm,400,18,864067
3mm.tar,3mm_20250426_161222_400rpm_20250426_161256,3mm,400,18,870716
3mm.tar,3mm_20250426_161222_400rpm_20250426_161257,3mm,400,18,862959
3mm.tar,3mm_20250426_161222_400rpm_20250426_161258,3mm,400,18,875750
3mm.tar,3mm_20250426_161222_400rpm_20250426_161259,3mm,400,18,860697
3mm.tar,3mm_20250426_161222_400rpm_20250426_161300,3mm,400,18,870095
3mm.tar,3mm_20250426_161222_400rpm_20250426_161301,3mm,400,18,864324
3mm.tar,3mm_20250426_161222_400rpm_20250426_161302,3mm,400,18,877747
3mm.tar,3mm_20250426_161222_400rpm_20250426_161303,3mm,400,18,865512
3mm.tar,3mm_20250426_161222_400rpm_20250426_161304,3mm,400,18,871550
3mm.tar,3mm_20250426_161222_400rpm_20250426_161305,3mm,400,18,863109
3mm.tar,3mm_20250426_161222_400rpm_20250426_161306,3mm,400,18,871120
3mm.tar,3mm_20250426_161222_400rpm_20250426_161307,3mm,400,18,867797
3mm.tar,3mm_20250426_161222_400rpm_20250426_161308,3mm,400,18,878768
3mm.tar,3mm_20250426_161222_400rpm_20250426_161309,3mm,400,18,868467
3mm.tar,3mm_20250426_161222_400rpm_20250426_161310,3mm,400,18,872128
3mm.tar,3mm_20250426_161222_400rpm_20250426_161311,3mm,400,18,866329
3mm.tar,3mm_20250426_161222_400rpm_20250426_161312,3mm,400,18,875665
3mm.tar,3mm_20250426_161222_400rpm_20250426_161313,3mm,400,18,873543
3mm.tar,3mm_20250426_161222_400rpm_20250426_161314,3mm,400,18,872724
3mm.tar,3mm_20250426_161222_400rpm_20250426_161315,3mm,400,18,864343
3mm.tar,3mm_20250426_161222_400rpm_20250426_161316,3mm,400,18,870874
3mm.tar,3mm_20250426_161222_400rpm_20250426_161317,3mm,400,18,867771
3mm.tar,3mm_20250426_161222_400rpm_20250426_161318,3mm,400,18,878113
3mm.tar,3mm_20250426_161222_400rpm_20250426_161319,3mm,400,18,866174
3mm.tar,3mm_20250426_161222_400rpm_20250426_161320,3mm,400,18,871799
3mm.tar,3mm_20250426_161222_400rpm_20250426_161321,3mm,400,18,857895
3mm.tar,3mm_20250426_161222_400rpm_20250426_161322,3mm,400,18,866829
3mm.tar,3mm_20250426_161222_400rpm_20250426_161323,3mm,400,18,857813
3mm.tar,3mm_20250426_161222_400rpm_20250426_161324,3mm,400,18,870107
3mm.tar,3mm_20250426_161222_400rpm_20250426_161325,3mm,400,18,863478
3mm.tar,3mm_20250426_161222_400rpm_20250426_161326,3mm,400,18,869383
3mm.tar,3mm_20250426_161222_400rpm_20250426_161327,3mm,400,18,861764
3mm.tar,3mm_20250426_161222_400rpm_20250426_161328,3mm,400,18,869625
3mm.tar,3mm_20250426_161222_400rpm_20250426_161329,3mm,400,18,863235
3mm.tar,3mm_20250426_161222_400rpm_20250426_161330,3mm,400,18,872802
3mm.tar,3mm_20250426_161222_400rpm_20250426_161331,3mm,400,18,866186
3mm.tar,3mm_20250426_161222_400rpm_20250426_161332,3mm,400,18,868865
3mm.tar,3mm_20250426_161222_400rpm_20250426_161333,3mm,400,18,863734
3mm.tar,3mm_20250426_161222_400rpm_20250426_161334,3mm,400,18,872450
3mm.tar,3mm_20250426_161222_400rpm_20250426_161335,3mm,400,18,862290
3mm.tar,3mm_20250426_161222_400rpm_20250426_161336,3mm,400,18,871052
3mm.tar,3mm_20250426_161222_400rpm_20250426_161337,3mm,400,18,857924
3mm.tar,3mm_20250426_161222_400rpm_20250426_161338,3mm,400,18,868502
3mm.tar,3mm_20250426_161222_400rpm_20250426_161339,3mm,400,18,860449
3mm.tar,3mm_20250426_161222_400rpm_20250426_161340,3mm,400,18,871801
3mm.tar,3mm_20250426_161222_400rpm_20250426_161341,3mm,400,18,851347
3mm.tar,3mm_20250426_161222_400rpm_20250426_161342,3mm,400,18,876848
3mm.tar,3mm_20250426_161222_400rpm_20250426_161343,3mm,400,18,859683
3mm.tar,3mm_20250426_161222_400rpm_20250426_161344,3mm,400,18,853853
3mm.tar,3mm_20250426_161222_400rpm_20250426_161345,3mm,400,18,852352
3mm.tar,3mm_20250426_161222_400rpm_20250426_161346,3mm,400,18,856722
3mm.tar,3mm_20250426_161222_400rpm_20250426_161347,3mm,400,18,851062
3mm.tar,3mm_20250426_161222_400rpm_20250426_161348,3mm,400,18,854785
3mm.tar,3mm_20250426_161222_400rpm_20250426_161349,3mm,400,18,844337
3mm.tar,3mm_20250426_161222_400rpm_20250426_161350,3mm,400,18,854086
3mm.tar,3mm_20250426_161222_400rpm_20250426_161351,3mm,400,18,845495
3mm.tar,3mm_20250426_161222_400rpm_20250426_161352,3mm,400,18,861577
3mm.tar,3mm_20250426_161222_400rpm_20250426_161353,3mm,400,18,844427
3mm.tar,3mm_20250426_161222_400rpm_20250426_161354,3mm,400,18,846815
3mm.tar,3mm_20250426_161222_400rpm_20250426_161355,3mm,400,18,845888
3mm.tar,3mm_20250426_161222_400rpm_20250426_161356,3mm,400,18,855640
3mm.tar,3mm_20250426_161222_400rpm_20250426_161357,3mm,400,18,845613
3mm.tar,3mm_20250426_161222_400rpm_20250426_161358,3mm,400,18,863120
3mm.tar,3mm_20250426_161222_400rpm_20250426_161359,3mm,400,18,855390
3mm.tar,3mm_20250426_161222_400rpm_20250426_161400,3mm,400,18,854534
3mm.tar,3mm_20250426_161222_400rpm_20250426_161401,3mm,400,18,852277
3mm.tar,3mm_20250426_161222_400rpm_20250426_161402,3mm,400,18,859126
3mm.tar,3mm_20250426_161222_400rpm_20250426_161403,3mm,400,18,850627
3mm.tar,3mm_20250426_161222_400rpm_20250426_161404,3mm,400,18,852384
3mm.tar,3mm_20250426_161222_400rpm_20250426_161405,3mm,400,18,848923
3mm.tar,3mm_20250426_161222_400rpm_20250426_161406,3mm,400,18,853664
3mm.tar,3mm_20250426_161222_400rpm_20250426_161407,3mm,400,18,846808
3mm.tar,3mm_20250426_161222_400rpm_20250426_161408,3mm,400,18,848779
3mm.tar,3mm_20250426_161222_400rpm_20250426_161409,3mm,400,18,844793
3mm.tar,3mm_20250426_161222_400rpm_20250426_161410,3mm,400,18,850776
3mm.tar,3mm_20250426_161222_400rpm_20250426_161411,3mm,400,18,844817
3mm.tar,3mm_20250426_161222_400rpm_20250426_161412,3mm,400,18,850619
3mm.tar,3mm_20250426_161222_400rpm_20250426_161413,3mm,400,18,844888
3mm.tar,3mm_20250426_161222_400rpm_20250426_161414,3mm,400,18,847935
3mm.tar,3mm_20250426_161222_400rpm_20250426_161415,3mm,400,18,843745
3mm.tar,3mm_20250426_161222_400rpm_20250426_161416,3mm,400,18,850601
3mm.tar,3mm_20250426_161222_400rpm_20250426_161417,3mm,400,18,843691
3mm.tar,3mm_20250426_161222_400rpm_20250426_161418,3mm,400,18,850775
3mm.tar,3mm_20250426_161222_400rpm_20250426_161419,3mm,400,18,841750
3mm.tar,3mm_20250426_161222_400rpm_20250426_161420,3mm,400,18,853194
3mm.tar,3mm_20250426_161222_400rpm_20250426_161421,3mm,400,18,846744
3mm.tar,3mm_20250426_161222_400rpm_20250426_161422,3mm,400,18,856951
3mm.tar,3mm_20250426_161222_400rpm_20250426_161423,3mm,400,18,861059
3mm.tar,3mm_20250426_161222_400rpm_20250426_161424,3mm,400,18,874311
3mm.tar,3mm_20250426_161222_400rpm_20250426_161425,3mm,400,18,870181
3mm.tar,3mm_20250426_161222_400rpm_20250426_161426,3mm,400,18,884470
3mm.tar,3mm_20250426_161222_400rpm_20250426_161427,3mm,400,18,872049
3mm.tar,3mm_20250426_161222_400rpm_20250426_161428,3mm,400,18,870634
3mm.tar,3mm_20250426_161222_400rpm_20250426_161429,3mm,400,18,866990
3mm.tar,3mm_20250426_161222_400rpm_20250426_161430,3mm,400,18,871214
3mm.tar,3mm_20250426_161222_400rpm_20250426_161431,3mm,400,18,861482
3mm.tar,3mm_20250426_161222_400rpm_20250426_161432,3mm,400,18,866366
3mm.tar,3mm_20250426_161222_400rpm_20250426_161433,3mm,400,18,860511
3mm.tar,3mm_20250426_161222_400rpm_20250426_161434,3mm,400,18,869912
3mm.tar,3mm_20250426_161222_400rpm_20250426_161435,3mm,400,18,861748
3mm.tar,3mm_20250426_161222_400rpm_20250426_161436,3mm,400,18,855188
3mm.tar,3mm_20250426_161222_400rpm_20250426_161437,3mm,400,18,846723
3mm.tar,3mm_20250426_161222_400rpm_20250426_161438,3mm,400,18,857584
3mm.tar,3mm_20250426_161222_400rpm_20250426_161439,3mm,400,18,854260
3mm.tar,3mm_20250426_161222_400rpm_20250426_161440,3mm,400,18,862084
3mm.tar,3mm_20250426_161222_400rpm_20250426_161441,3mm,400,18,852279
3mm.tar,3mm_20250426_161222_400rpm_20250426_161442,3mm,400,18,865500
3mm.tar,3mm_20250426_161222_400rpm_20250426_161443,3mm,400,18,851640
3mm.tar,3mm_20250426_161222_400rpm_20250426_161444,3mm,400,18,865066
3mm.tar,3mm_20250426_161222_400rpm_20250426_161445,3mm,400,18,860111
3mm.tar,3mm_20250426_161222_400rpm_20250426_161446,3mm,400,18,868389
3mm.tar,3mm_20250426_161222_400rpm_20250426_161447,3mm,400,18,861101
3mm.tar,3mm_20250426_161222_400rpm_20250426_161448,3mm,400,18,874140
3mm.tar,3mm_20250426_161222_400rpm_20250426_161449,3mm,400,18,865618
3mm.tar,3mm_20250426_161222_400rpm_20250426_161450,3mm,400,18,871765
3mm.tar,3mm_20250426_161222_400rpm_20250426_161451,3mm,400,18,863392
3mm.tar,3mm_20250426_161222_400rpm_20250426_161452,3mm,400,18,877284
3mm.tar,3mm_20250426_161222_400rpm_20250426_161453,3mm,400,18,869541
3mm.tar,3mm_20250426_161222_400rpm_20250426_161454,3mm,400,18,880392
3mm.tar,3mm_20250426_161222_400rpm_20250426_161455,3mm,400,18,866131
3mm.tar,3mm_20250426_161222_400rpm_20250426_161456,3mm,400,18,881690
3mm.tar,3mm_20250426_161222_400rpm_20250426_161457,3mm,400,18,869361
3mm.tar,3mm_20250426_161222_400rpm_20250426_161458,3mm,400,18,876499
3mm.tar,3mm_20250426_161222_400rpm_20250426_161459,3mm,400,18,868151
3mm.tar,3mm_20250426_161222_400rpm_20250426_161500,3mm,400,18,869344
3mm.tar,3mm_20250426_161222_400rpm_20250426_161501,3mm,400,18,867753
3mm.tar,3mm_20250426_161222_400rpm_20250426_161502,3mm,400,18,880318
3mm.tar,3mm_20250426_161222_400rpm_20250426_161503,3mm,400,18,866298
3mm.tar,3mm_20250426_161222_400rpm_20250426_161504,3mm,400,18,869895
3mm.tar,3mm_20250426_161222_400rpm_20250426_161505,3mm,400,18,862460
3mm.tar,3mm_20250426_161222_400rpm_20250426_161506,3mm,400,18,875372
3mm.tar,3mm_20250426_161222_400rpm_20250426_161507,3mm,400,18,859623
3mm.tar,3mm_20250426_161222_400rpm_20250426_161508,3mm,400,18,874117
3mm.tar,3mm_20250426_161222_400rpm_20250426_161509,3mm,400,18,859122
3mm.tar,3mm_20250426_161222_400rpm_20250426_161510,3mm,400,18,870389
3mm.tar,3mm_20250426_161222_400rpm_20250426_161511,3mm,400,18,859293
3mm.tar,3mm_20250426_161222_400rpm_20250426_161512,3mm,400,18,867768
3mm.tar,3mm_20250426_161222_400rpm_20250426_161513,3mm,400,18,860316
3mm.tar,3mm_20250426_161222_400rpm_20250426_161514,3mm,400,18,859595
3mm.tar,3mm_20250426_161222_400rpm_20250426_161515,3mm,400,18,849436
3mm.tar,3mm_20250426_161222_400rpm_20250426_161516,3mm,400,18,867099
3mm.tar,3mm_20250426_161222_400rpm_20250426_161517,3mm,400,18,858158
3mm.tar,3mm_20250426_161222_400rpm_20250426_161518,3mm,400,18,860250
3mm.tar,3mm_20250426_161222_400rpm_20250426_161519,3mm,400,18,851806
3mm.tar,3mm_20250426_161222_400rpm_20250426_161520,3mm,400,18,870379
3mm.tar,3mm_20250426_161222_400rpm_20250426_161521,3mm,400,18,854109
3mm.tar,3mm_20250426_161222_400rpm_20250426_161522,3mm,400,18,869775
3mm.tar,3mm_20250426_161222_400rpm_20250426_161523,3mm,400,18,862400
3mm.tar,3mm_20250426_161222_400rpm_20250426_161524,3mm,400,18,872060
3mm.tar,3mm_20250426_161222_400rpm_20250426_161525,3mm,400,18,861692
3mm.tar,3mm_20250426_161222_400rpm_20250426_161526,3mm,400,18,869524
3mm.tar,3mm_20250426_161222_400rpm_20250426_161527,3mm,400,18,851427
3mm.tar,3mm_20250426_161222_400rpm_20250426_161528,3mm,400,18,868595
3mm.tar,3mm_20250426_161222_400rpm_20250426_161529,3mm,400,18,856774
3mm.tar,3mm_20250426_161222_400rpm_20250426_161530,3mm,400,18,868264
3mm.tar,3mm_20250426_161222_400rpm_20250426_161531,3mm,400,18,862595
3mm.tar,3mm_20250426_161222_400rpm_20250426_161532,3mm,400,18,870250
3mm.tar,3mm_20250426_161222_400rpm_20250426_161533,3mm,400,18,862924
3mm.tar,3mm_20250426_161222_400rpm_20250426_161534,3mm,400,18,870545
3mm.tar,3mm_20250426_161222_400rpm_20250426_161535,3mm,400,18,859320
3mm.tar,3mm_20250426_161222_400rpm_20250426_161536,3mm,400,18,873746
3mm.tar,3mm_20250426_161222_400rpm_20250426_161537,3mm,400,18,865020
3mm.tar,3mm_20250426_161222_400rpm_20250426_161538,3mm,400,18,876660
3mm.tar,3mm_20250426_161222_400rpm_20250426_161539,3mm,400,18,864199
3mm.tar,3mm_20250426_161222_400rpm_20250426_161540,3mm,400,18,874818
3mm.tar,3mm_20250426_161222_400rpm_20250426_161541,3mm,400,18,861597
3mm.tar,3mm_20250426_161222_400rpm_20250426_161542,3mm,400,18,867589
3mm.tar,3mm_20250426_161222_400rpm_20250426_161543,3mm,400,18,856338
3mm.tar,3mm_20250426_161222_400rpm_20250426_161544,3mm,400,18,871502
3mm.tar,3mm_20250426_161222_400rpm_20250426_161545,3mm,400,18,861285
3mm.tar,3mm_20250426_161222_400rpm_20250426_161546,3mm,400,18,876906
3mm.tar,3mm_20250426_161222_400rpm_20250426_161547,3mm,400,18,866096
3mm.tar,3mm_20250426_161222_400rpm_20250426_161548,3mm,400,18,872786
3mm.tar,3mm_20250426_161222_400rpm_20250426_161549,3mm,400,18,865062
3mm.tar,3mm_20250426_161222_400rpm_20250426_161550,3mm,400,18,879579
3mm.tar,3mm_20250426_161222_400rpm_20250426_161551,3mm,400,18,864450
3mm.tar,3mm_20250426_161222_400rpm_20250426_161552,3mm,400,18,873535
3mm.tar,3mm_20250426_161222_400rpm_20250426_161553,3mm,400,18,860771
3mm.tar,3mm_20250426_161222_400rpm_20250426_161554,3mm,400,18,872944
3mm.tar,3mm_20250426_161222_400rpm_20250426_161555,3mm,400,18,862994
3mm.tar,3mm_20250426_161222_400rpm_20250426_161556,3mm,400,18,873026
3mm.tar,3mm_20250426_161222_400rpm_20250426_161557,3mm,400,18,865136
3mm.tar,3mm_20250426_161222_400rpm_20250426_161558,3mm,400,18,872059
3mm.tar,3mm_20250426_161222_400rpm_20250426_161559,3mm,400,18,860947
3mm.tar,3mm_20250426_161222_400rpm_20250426_161600,3mm,400,18,877465
3mm.tar,3mm_20250426_161222_400rpm_20250426_161601,3mm,400,18,856334
3mm.tar,3mm_20250426_161222_400rpm_20250426_161602,3mm,400,18,876391
3mm.tar,3mm_20250426_161222_400rpm_20250426_161603,3mm,400,18,866336
3mm.tar,3mm_20250426_161222_400rpm_20250426_161604,3mm,400,18,875693
3mm.tar,3mm_20250426_161222_400rpm_20250426_161605,3mm,400,18,866317
3mm.tar,3mm_20250426_161222_400rpm_20250426_161606,3mm,400,18,875192
3mm.tar,3mm_20250426_161222_400rpm_20250426_161607,3mm,400,18,846016
3mm.tar,3mm_20250426_161222_400rpm_20250426_161608,3mm,400,18,890753
3mm.tar,3mm_20250426_161222_400rpm_20250426_161609,3mm,400,18,866217
3mm.tar,3mm_20250426_161222_400rpm_20250426_161610,3mm,400,18,876021
3mm.tar,3mm_20250426_161618_600rpm_20250426_161620,3mm,600,18,887676
3mm.tar,3mm_20250426_161618_600rpm_20250426_161621,3mm,600,18,883161
3mm.tar,3mm_20250426_161618_600rpm_20250426_161622,3mm,600,18,839621
3mm.tar,3mm_20250426_161618_600rpm_20250426_161623,3mm,600,18,863131
3mm.tar,3mm_20250426_161618_600rpm_20250426_161624,3mm,600,18,826987
3mm.tar,3mm_20250426_161847_600rpm_20250426_161849,3mm,600,18,903075
3mm.tar,3mm_20250426_161847_600rpm_20250426_161850,3mm,600,18,890058
3mm.tar,3mm_20250426_161847_600rpm_20250426_161851,3mm,600,18,857858
3mm.tar,3mm_20250426_161847_600rpm_20250426_161852,3mm,600,18,894952
3mm.tar,3mm_20250426_161847_600rpm_20250426_161853,3mm,600,18,857674
3mm.tar,3mm_20250426_161847_600rpm_20250426_161854,3mm,600,18,895460
3mm.tar,3mm_20250426_161847_600rpm_20250426_161855,3mm,600,18,857725
3mm.tar,3mm_20250426_161847_600rpm_20250426_161856,3mm,600,18,894838
3mm.tar,3mm_20250426_161847_600rpm_20250426_161857,3mm,600,18,861171
3mm.tar,3mm_20250426_161847_600rpm_20250426_161858,3mm,600,18,897301
3mm.tar,3mm_20250426_161847_600rpm_20250426_161859,3mm,600,18,862039
3mm.tar,3mm_20250426_161847_600rpm_20250426_161900,3mm,600,18,899232
3mm.tar,3mm_20250426_161847_600rpm_20250426_161901,3mm,600,18,857336
3mm.tar,3mm_20250426_161847_600rpm_20250426_161902,3mm,600,18,898585
3mm.tar,3mm_20250426_161847_600rpm_20250426_161903,3mm,600,18,855872
3mm.tar,3mm_20250426_161847_600rpm_20250426_161904,3mm,600,18,895352
3mm.tar,3mm_20250426_161847_600rpm_20250426_161905,3mm,600,18,861581
3mm.tar,3mm_20250426_161847_600rpm_20250426_161906,3mm,600,18,891011
3mm.tar,3mm_20250426_161847_600rpm_20250426_161907,3mm,600,18,853056
3mm.tar,3mm_20250426_161847_600rpm_20250426_161908,3mm,600,18,891078
3mm.tar,3mm_20250426_161847_600rpm_20250426_161909,3mm,600,18,852962
3mm.tar,3mm_20250426_161847_600rpm_20250426_161910,3mm,600,18,905786
3mm.tar,3mm_20250426_161847_600rpm_20250426_161911,3mm,600,18,866299
3mm.tar,3mm_20250426_161847_600rpm_20250426_161912,3mm,600,18,898153
3mm.tar,3mm_20250426_161847_600rpm_20250426_161913,3mm,600,18,859863
3mm.tar,3mm_20250426_161847_600rpm_20250426_161914,3mm,600,18,895566
3mm.tar,3mm_20250426_161847_600rpm_20250426_161915,3mm,600,18,862497
3mm.tar,3mm_20250426_161847_600rpm_20250426_161916,3mm,600,18,896999
3mm.tar,3mm_20250426_161847_600rpm_20250426_161917,3mm,600,18,863336
3mm.tar,3mm_20250426_161847_600rpm_20250426_161918,3mm,600,18,901598
3mm.tar,3mm_20250426_161847_600rpm_20250426_161919,3mm,600,18,853806
3mm.tar,3mm_20250426_161847_600rpm_20250426_161920,3mm,600,18,901964
3mm.tar,3mm_20250426_161847_600rpm_20250426_161921,3mm,600,18,859766
3mm.tar,3mm_20250426_161847_600rpm_20250426_161922,3mm,600,18,897791
3mm.tar,3mm_20250426_161847_600rpm_20250426_161923,3mm,600,18,863169
3mm.tar,3mm_20250426_161847_600rpm_20250426_161924,3mm,600,18,908697
3mm.tar,3mm_20250426_161847_600rpm_20250426_161925,3mm,600,18,867739
3mm.tar,3mm_20250426_161847_600rpm_20250426_161926,3mm,600,18,907174
3mm.tar,3mm_20250426_161847_600rpm_20250426_161927,3mm,600,18,867941
3mm.tar,3mm_20250426_161847_600rpm_20250426_161928,3mm,600,18,906143
3mm.tar,3mm_20250426_161847_600rpm_20250426_161929,3mm,600,18,864663
3mm.tar,3mm_20250426_161847_600rpm_20250426_161930,3mm,600,18,906878
3mm.tar,3mm_20250426_161847_600rpm_20250426_161931,3mm,600,18,862729
3mm.tar,3mm_20250426_161847_600rpm_20250426_161932,3mm,600,18,906480
3mm.tar,3mm_20250426_161847_600rpm_20250426_161933,3mm,600,18,864592
3mm.tar,3mm_20250426_161847_600rpm_20250426_161934,3mm,600,18,904135
3mm.tar,3mm_20250426_161847_600rpm_20250426_161935,3mm,600,18,857607
3mm.tar,3mm_20250426_161847_600rpm_20250426_161936,3mm,600,18,909261
3mm.tar,3mm_20250426_161847_600rpm_20250426_161937,3mm,600,18,865556
3mm.tar,3mm_20250426_161847_600rpm_20250426_161938,3mm,600,18,906220
3mm.tar,3mm_20250426_161847_600rpm_20250426_161939,3mm,600,18,870721
3mm.tar,3mm_20250426_161847_600rpm_20250426_161940,3mm,600,18,906385
3mm.tar,3mm_20250426_161847_600rpm_20250426_161941,3mm,600,18,858282
3mm.tar,3mm_20250426_161847_600rpm_20250426_161942,3mm,600,18,905883
3mm.tar,3mm_20250426_161847_600rpm_20250426_161943,3mm,600,18,870202
3mm.tar,3mm_20250426_161847_600rpm_20250426_161944,3mm,600,18,906505
3mm.tar,3mm_20250426_161847_600rpm_20250426_161945,3mm,600,18,867696
3mm.tar,3mm_20250426_161847_600rpm_20250426_161946,3mm,600,18,910824
3mm.tar,3mm_20250426_161847_600rpm_20250426_161947,3mm,600,18,867503
3mm.tar,3mm_20250426_161847_600rpm_20250426_161948,3mm,600,18,903754
3mm.tar,3mm_20250426_161847_600rpm_20250426_161949,3mm,600,18,864954
3mm.tar,3mm_20250426_161847_600rpm_20250426_161950,3mm,600,18,902169
3mm.tar,3mm_20250426_161847_600rpm_20250426_161951,3mm,600,18,865264
3mm.tar,3mm_20250426_161847_600rpm_20250426_161952,3mm,600,18,902454
3mm.tar,3mm_20250426_161847_600rpm_20250426_161953,3mm,600,18,863924
3mm.tar,3mm_20250426_161847_600rpm_20250426_161954,3mm,600,18,902131
3mm.tar,3mm_20250426_161847_600rpm_20250426_161955,3mm,600,18,868484
3mm.tar,3mm_20250426_161847_600rpm_20250426_161956,3mm,600,18,890151
3mm.tar,3mm_20250426_161847_600rpm_20250426_161957,3mm,600,18,857728
3mm.tar,3mm_20250426_161847_600rpm_20250426_161958,3mm,600,18,900534
3mm.tar,3mm_20250426_161847_600rpm_20250426_161959,3mm,600,18,859070
3mm.tar,3mm_20250426_161847_600rpm_20250426_162000,3mm,600,18,899401
3mm.tar,3mm_20250426_161847_600rpm_20250426_162001,3mm,600,18,861838
3mm.tar,3mm_20250426_161847_600rpm_20250426_162002,3mm,600,18,893508
3mm.tar,3mm_20250426_161847_600rpm_20250426_162003,3mm,600,18,851296
3mm.tar,3mm_20250426_161847_600rpm_20250426_162004,3mm,600,18,895713
3mm.tar,3mm_20250426_161847_600rpm_20250426_162005,3mm,600,18,857678
3mm.tar,3mm_20250426_161847_600rpm_20250426_162006,3mm,600,18,891865
3mm.tar,3mm_20250426_161847_600rpm_20250426_162007,3mm,600,18,858973
3mm.tar,3mm_20250426_161847_600rpm_20250426_162008,3mm,600,18,899605
3mm.tar,3mm_20250426_161847_600rpm_20250426_162009,3mm,600,18,862799
3mm.tar,3mm_20250426_161847_600rpm_20250426_162010,3mm,600,18,898325
3mm.tar,3mm_20250426_161847_600rpm_20250426_162011,3mm,600,18,859238
3mm.tar,3mm_20250426_161847_600rpm_20250426_162012,3mm,600,18,899738
3mm.tar,3mm_20250426_161847_600rpm_20250426_162013,3mm,600,18,855954
3mm.tar,3mm_20250426_161847_600rpm_20250426_162014,3mm,600,18,898734
3mm.tar,3mm_20250426_161847_600rpm_20250426_162015,3mm,600,18,860611
3mm.tar,3mm_20250426_161847_600rpm_20250426_162016,3mm,600,18,901481
3mm.tar,3mm_20250426_161847_600rpm_20250426_162017,3mm,600,18,861625
3mm.tar,3mm_20250426_161847_600rpm_20250426_162018,3mm,600,18,898456
3mm.tar,3mm_20250426_161847_600rpm_20250426_162019,3mm,600,18,855425
3mm.tar,3mm_20250426_161847_600rpm_20250426_162020,3mm,600,18,904113
3mm.tar,3mm_20250426_161847_600rpm_20250426_162021,3mm,600,18,864074
3mm.tar,3mm_20250426_161847_600rpm_20250426_162022,3mm,600,18,909255
3mm.tar,3mm_20250426_161847_600rpm_20250426_162023,3mm,600,18,867758
3mm.tar,3mm_20250426_161847_600rpm_20250426_162024,3mm,600,18,907745
3mm.tar,3mm_20250426_161847_600rpm_20250426_162025,3mm,600,18,866164
3mm.tar,3mm_20250426_161847_600rpm_20250426_162026,3mm,600,18,903945
3mm.tar,3mm_20250426_161847_600rpm_20250426_162027,3mm,600,18,861949
3mm.tar,3mm_20250426_161847_600rpm_20250426_162028,3mm,600,18,902704
3mm.tar,3mm_20250426_161847_600rpm_20250426_162029,3mm,600,18,863581
3mm.tar,3mm_20250426_161847_600rpm_20250426_162030,3mm,600,18,901591
3mm.tar,3mm_20250426_161847_600rpm_20250426_162031,3mm,600,18,865936
3mm.tar,3mm_20250426_161847_600rpm_20250426_162032,3mm,600,18,901549
3mm.tar,3mm_20250426_161847_600rpm_20250426_162033,3mm,600,18,865451
3mm.tar,3mm_20250426_161847_600rpm_20250426_162034,3mm,600,18,907371
3mm.tar,3mm_20250426_161847_600rpm_20250426_162035,3mm,600,18,870745
3mm.tar,3mm_20250426_161847_600rpm_20250426_162036,3mm,600,18,904079
3mm.tar,3mm_20250426_161847_600rpm_20250426_162037,3mm,600,18,866691
3mm.tar,3mm_20250426_161847_600rpm_20250426_162038,3mm,600,18,907833
3mm.tar,3mm_20250426_161847_600rpm_20250426_162039,3mm,600,18,862696
3mm.tar,3mm_20250426_161847_600rpm_20250426_162040,3mm,600,18,908841
3mm.tar,3mm_20250426_161847_600rpm_20250426_162041,3mm,600,18,868310
3mm.tar,3mm_20250426_161847_600rpm_20250426_162042,3mm,600,18,913416
3mm.tar,3mm_20250426_161847_600rpm_20250426_162043,3mm,600,18,865093
3mm.tar,3mm_20250426_161847_600rpm_20250426_162044,3mm,600,18,917601
3mm.tar,3mm_20250426_161847_600rpm_20250426_162045,3mm,600,18,870101
3mm.tar,3mm_20250426_161847_600rpm_20250426_162046,3mm,600,18,916487
3mm.tar,3mm_20250426_161847_600rpm_20250426_162047,3mm,600,18,869998
3mm.tar,3mm_20250426_161847_600rpm_20250426_162048,3mm,600,18,919513
3mm.tar,3mm_20250426_161847_600rpm_20250426_162049,3mm,600,18,873995
3mm.tar,3mm_20250426_161847_600rpm_20250426_162050,3mm,600,18,919836
3mm.tar,3mm_20250426_161847_600rpm_20250426_162051,3mm,600,18,872903
3mm.tar,3mm_20250426_161847_600rpm_20250426_162052,3mm,600,18,917330
3mm.tar,3mm_20250426_161847_600rpm_20250426_162053,3mm,600,18,872353
3mm.tar,3mm_20250426_161847_600rpm_20250426_162054,3mm,600,18,920114
3mm.tar,3mm_20250426_161847_600rpm_20250426_162055,3mm,600,18,871074
3mm.tar,3mm_20250426_161847_600rpm_20250426_162056,3mm,600,18,921679
3mm.tar,3mm_20250426_161847_600rpm_20250426_162057,3mm,600,18,882854
3mm.tar,3mm_20250426_161847_600rpm_20250426_162058,3mm,600,18,932046
3mm.tar,3mm_20250426_161847_600rpm_20250426_162059,3mm,600,18,881873
3mm.tar,3mm_20250426_161847_600rpm_20250426_162100,3mm,600,18,927939
3mm.tar,3mm_20250426_161847_600rpm_20250426_162101,3mm,600,18,881150
3mm.tar,3mm_20250426_161847_600rpm_20250426_162102,3mm,600,18,928206
3mm.tar,3mm_20250426_161847_600rpm_20250426_162103,3mm,600,18,887261
3mm.tar,3mm_20250426_161847_600rpm_20250426_162104,3mm,600,18,912612
3mm.tar,3mm_20250426_161847_600rpm_20250426_162105,3mm,600,18,877200
3mm.tar,3mm_20250426_161847_600rpm_20250426_162106,3mm,600,18,920490
3mm.tar,3mm_20250426_161847_600rpm_20250426_162107,3mm,600,18,867587
3mm.tar,3mm_20250426_161847_600rpm_20250426_162108,3mm,600,18,918274
3mm.tar,3mm_20250426_161847_600rpm_20250426_162109,3mm,600,18,872085
3mm.tar,3mm_20250426_161847_600rpm_20250426_162110,3mm,600,18,917734
3mm.tar,3mm_20250426_161847_600rpm_20250426_162111,3mm,600,18,874002
3mm.tar,3mm_20250426_161847_600rpm_20250426_162112,3mm,600,18,923261
3mm.tar,3mm_20250426_161847_600rpm_20250426_162113,3mm,600,18,886855
3mm.tar,3mm_20250426_161847_600rpm_20250426_162114,3mm,600,18,931971
3mm.tar,3mm_20250426_161847_600rpm_20250426_162115,3mm,600,18,888584
3mm.tar,3mm_20250426_161847_600rpm_20250426_162116,3mm,600,18,930306
3mm.tar,3mm_20250426_161847_600rpm_20250426_162117,3mm,600,18,887324
3mm.tar,3mm_20250426_161847_600rpm_20250426_162118,3mm,600,18,934827
3mm.tar,3mm_20250426_161847_600rpm_20250426_162119,3mm,600,18,886941
3mm.tar,3mm_20250426_161847_600rpm_20250426_162120,3mm,600,18,929644
3mm.tar,3mm_20250426_161847_600rpm_20250426_162121,3mm,600,18,881840
3mm.tar,3mm_20250426_161847_600rpm_20250426_162122,3mm,600,18,932390
3mm.tar,3mm_20250426_161847_600rpm_20250426_162123,3mm,600,18,896473
3mm.tar,3mm_20250426_161847_600rpm_20250426_162124,3mm,600,18,938033
3mm.tar,3mm_20250426_161847_600rpm_20250426_162125,3mm,600,18,897317
3mm.tar,3mm_20250426_161847_600rpm_20250426_162126,3mm,600,18,938299
3mm.tar,3mm_20250426_161847_600rpm_20250426_162127,3mm,600,18,895040
3mm.tar,3mm_20250426_161847_600rpm_20250426_162128,3mm,600,18,952141
3mm.tar,3mm_20250426_161847_600rpm_20250426_162129,3mm,600,18,895662
3mm.tar,3mm_20250426_161847_600rpm_20250426_162130,3mm,600,18,953572
3mm.tar,3mm_20250426_161847_600rpm_20250426_162131,3mm,600,18,897966
3mm.tar,3mm_20250426_161847_600rpm_20250426_162132,3mm,600,18,953073
3mm.tar,3mm_20250426_161847_600rpm_20250426_162133,3mm,600,18,902014
3mm.tar,3mm_20250426_161847_600rpm_20250426_162134,3mm,600,18,952914
3mm.tar,3mm_20250426_161847_600rpm_20250426_162135,3mm,600,18,899055
3mm.tar,3mm_20250426_161847_600rpm_20250426_162136,3mm,600,18,956905
3mm.tar,3mm_20250426_161847_600rpm_20250426_162137,3mm,600,18,901847
3mm.tar,3mm_20250426_161847_600rpm_20250426_162138,3mm,600,18,956667
3mm.tar,3mm_20250426_161847_600rpm_20250426_162139,3mm,600,18,899809
3mm.tar,3mm_20250426_161847_600rpm_20250426_162140,3mm,600,18,954998
3mm.tar,3mm_20250426_161847_600rpm_20250426_162141,3mm,600,18,902772
3mm.tar,3mm_20250426_161847_600rpm_20250426_162142,3mm,600,18,957990
3mm.tar,3mm_20250426_161847_600rpm_20250426_162143,3mm,600,18,899686
3mm.tar,3mm_20250426_161847_600rpm_20250426_162145,3mm,600,18,900230
3mm.tar,3mm_20250426_161847_600rpm_20250426_162146,3mm,600,18,949778
3mm.tar,3mm_20250426_161847_600rpm_20250426_162147,3mm,600,18,900881
3mm.tar,3mm_20250426_161847_600rpm_20250426_162148,3mm,600,18,948907
3mm.tar,3mm_20250426_161847_600rpm_20250426_162149,3mm,600,18,897886
3mm.tar,3mm_20250426_161847_600rpm_20250426_162150,3mm,600,18,951168
3mm.tar,3mm_20250426_161847_600rpm_20250426_162151,3mm,600,18,898129
3mm.tar,3mm_20250426_161847_600rpm_20250426_162152,3mm,600,18,948491
3mm.tar,3mm_20250426_161847_600rpm_20250426_162153,3mm,600,18,895027
3mm.tar,3mm_20250426_161847_600rpm_20250426_162154,3mm,600,18,950254
3mm.tar,3mm_20250426_161847_600rpm_20250426_162155,3mm,600,18,896334
3mm.tar,3mm_20250426_161847_600rpm_20250426_162156,3mm,600,18,953530
3mm.tar,3mm_20250426_161847_600rpm_20250426_162157,3mm,600,18,903963
3mm.tar,3mm_20250426_161847_600rpm_20250426_162158,3mm,600,18,951865
3mm.tar,3mm_20250426_161847_600rpm_20250426_162201,3mm,600,18,900908
3mm.tar,3mm_20250426_161847_600rpm_20250426_162202,3mm,600,18,950837
3mm.tar,3mm_20250426_161847_600rpm_20250426_162203,3mm,600,18,903343
3mm.tar,3mm_20250426_161847_600rpm_20250426_162204,3mm,600,18,940208
3mm.tar,3mm_20250426_161847_600rpm_20250426_162205,3mm,600,18,900863
3mm.tar,3mm_20250426_161847_600rpm_20250426_162206,3mm,600,18,950578
3mm.tar,3mm_20250426_161847_600rpm_20250426_162207,3mm,600,18,896824
3mm.tar,3mm_20250426_161847_600rpm_20250426_162208,3mm,600,18,946654
3mm.tar,3mm_20250426_161847_600rpm_20250426_162209,3mm,600,18,901340
3mm.tar,3mm_20250426_161847_600rpm_20250426_162210,3mm,600,18,955858
3mm.tar,3mm_20250426_161847_600rpm_20250426_162211,3mm,600,18,901107
3mm.tar,3mm_20250426_161847_600rpm_20250426_162212,3mm,600,18,953248
3mm.tar,3mm_20250426_161847_600rpm_20250426_162213,3mm,600,18,907447
3mm.tar,3mm_20250426_161847_600rpm_20250426_162214,3mm,600,18,954806
3mm.tar,3mm_20250426_161847_600rpm_20250426_162215,3mm,600,18,900837
3mm.tar,3mm_20250426_161847_600rpm_20250426_162216,3mm,600,18,951733
3mm.tar,3mm_20250426_161847_600rpm_20250426_162217,3mm,600,18,903570
3mm.tar,3mm_20250426_161847_600rpm_20250426_162218,3mm,600,18,953588
3mm.tar,3mm_20250426_161847_600rpm_20250426_162219,3mm,600,18,902184
3mm.tar,3mm_20250426_161847_600rpm_20250426_162220,3mm,600,18,950810
3mm.tar,3mm_20250426_161847_600rpm_20250426_162221,3mm,600,18,904243
3mm.tar,3mm_20250426_161847_600rpm_20250426_162222,3mm,600,18,951952
3mm.tar,3mm_20250426_161847_600rpm_20250426_162223,3mm,600,18,899552
3mm.tar,3mm_20250426_161847_600rpm_20250426_162224,3mm,600,18,955103
3mm.tar,3mm_20250426_161847_600rpm_20250426_162225,3mm,600,18,900175
3mm.tar,3mm_20250426_161847_600rpm_20250426_162226,3mm,600,18,948116
3mm.tar,3mm_20250426_161847_600rpm_20250426_162227,3mm,600,18,895200
3mm.tar,3mm_20250426_161847_600rpm_20250426_162228,3mm,600,18,950597
3mm.tar,3mm_20250426_161847_600rpm_20250426_162229,3mm,600,18,900949
3mm.tar,3mm_20250426_162237_800rpm_20250426_162240,3mm,800,18,931551
3mm.tar,3mm_20250426_162237_800rpm_20250426_162241,3mm,800,18,918691
3mm.tar,3mm_20250426_162237_800rpm_20250426_162242,3mm,800,18,888841
3mm.tar,3mm_20250426_162237_800rpm_20250426_162243,3mm,800,18,917932
3mm.tar,3mm_20250426_162237_800rpm_20250426_162244,3mm,800,18,895712
3mm.tar,3mm_20250426_162237_800rpm_20250426_162245,3mm,800,18,919937
3mm.tar,3mm_20250426_162237_800rpm_20250426_162246,3mm,800,18,894015
3mm.tar,3mm_20250426_162237_800rpm_20250426_162247,3mm,800,18,923626
3mm.tar,3mm_20250426_162237_800rpm_20250426_162248,3mm,800,18,873400
3mm.tar,3mm_20250426_162237_800rpm_20250426_162249,3mm,800,18,929570
3mm.tar,3mm_20250426_162237_800rpm_20250426_162250,3mm,800,18,895770
3mm.tar,3mm_20250426_162237_800rpm_20250426_162251,3mm,800,18,926166
3mm.tar,3mm_20250426_162237_800rpm_20250426_162252,3mm,800,18,900654
3mm.tar,3mm_20250426_162237_800rpm_20250426_162253,3mm,800,18,921116
3mm.tar,3mm_20250426_162237_800rpm_20250426_162254,3mm,800,18,898453
3mm.tar,3mm_20250426_162237_800rpm_20250426_162255,3mm,800,18,920384
3mm.tar,3mm_20250426_162237_800rpm_20250426_162256,3mm,800,18,900338
3mm.tar,3mm_20250426_162237_800rpm_20250426_162257,3mm,800,18,928851
3mm.tar,3mm_20250426_162237_800rpm_20250426_162258,3mm,800,18,904309
3mm.tar,3mm_20250426_162237_800rpm_20250426_162259,3mm,800,18,924578
3mm.tar,3mm_20250426_162237_800rpm_20250426_162300,3mm,800,18,904222
3mm.tar,3mm_20250426_162237_800rpm_20250426_162301,3mm,800,18,915075
3mm.tar,3mm_20250426_162237_800rpm_20250426_162302,3mm,800,18,891466
3mm.tar,3mm_20250426_162237_800rpm_20250426_162303,3mm,800,18,922783
3mm.tar,3mm_20250426_162237_800rpm_20250426_162304,3mm,800,18,904946
3mm.tar,3mm_20250426_162237_800rpm_20250426_162305,3mm,800,18,922330
3mm.tar,3mm_20250426_162237_800rpm_20250426_162306,3mm,800,18,904556
3mm.tar,3mm_20250426_162237_800rpm_20250426_162307,3mm,800,18,922272
3mm.tar,3mm_20250426_162237_800rpm_20250426_162308,3mm,800,18,902890
3mm.tar,3mm_20250426_162237_800rpm_20250426_162309,3mm,800,18,919639
3mm.tar,3mm_20250426_162237_800rpm_20250426_162310,3mm,800,18,897438
3mm.tar,3mm_20250426_162237_800rpm_20250426_162311,3mm,800,18,917400
3mm.tar,3mm_20250426_162237_800rpm_20250426_162312,3mm,800,18,891817
3mm.tar,3mm_20250426_162237_800rpm_20250426_162313,3mm,800,18,926560
3mm.tar,3mm_20250426_162237_800rpm_20250426_162314,3mm,800,18,904683
3mm.tar,3mm_20250426_162237_800rpm_20250426_162315,3mm,800,18,920762
3mm.tar,3mm_20250426_162237_800rpm_20250426_162316,3mm,800,18,899500
3mm.tar,3mm_20250426_162237_800rpm_20250426_162317,3mm,800,18,921719
3mm.tar,3mm_20250426_162237_800rpm_20250426_162318,3mm,800,18,900169
3mm.tar,3mm_20250426_162237_800rpm_20250426_162319,3mm,800,18,923882
3mm.tar,3mm_20250426_162237_800rpm_20250426_162320,3mm,800,18,902972
3mm.tar,3mm_20250426_162237_800rpm_20250426_162321,3mm,800,18,928008
3mm.tar,3mm_20250426_162237_800rpm_20250426_162322,3mm,800,18,899529
3mm.tar,3mm_20250426_162237_800rpm_20250426_162323,3mm,800,18,920098
3mm.tar,3mm_20250426_162237_800rpm_20250426_162324,3mm,800,18,900797
3mm.tar,3mm_20250426_162237_800rpm_20250426_162325,3mm,800,18,921633
3mm.tar,3mm_20250426_162237_800rpm_20250426_162326,3mm,800,18,902680
3mm.tar,3mm_20250426_162237_800rpm_20250426_162327,3mm,800,18,922202
3mm.tar,3mm_20250426_162237_800rpm_20250426_162328,3mm,800,18,904600
3mm.tar,3mm_20250426_162237_800rpm_20250426_162329,3mm,800,18,928087
3mm.tar,3mm_20250426_162237_800rpm_20250426_162330,3mm,800,18,904205
3mm.tar,3mm_20250426_162237_800rpm_20250426_162331,3mm,800,18,929422
3mm.tar,3mm_20250426_162237_800rpm_20250426_162332,3mm,800,18,908544
3mm.tar,3mm_20250426_162237_800rpm_20250426_162333,3mm,800,18,926561
3mm.tar,3mm_20250426_162237_800rpm_20250426_162334,3mm,800,18,903955
3mm.tar,3mm_20250426_162237_800rpm_20250426_162335,3mm,800,18,918310
3mm.tar,3mm_20250426_162237_800rpm_20250426_162336,3mm,800,18,898733
3mm.tar,3mm_20250426_162237_800rpm_20250426_162337,3mm,800,18,931127
3mm.tar,3mm_20250426_162237_800rpm_20250426_162338,3mm,800,18,908493
3mm.tar,3mm_20250426_162237_800rpm_20250426_162339,3mm,800,18,926395
3mm.tar,3mm_20250426_162237_800rpm_20250426_162340,3mm,800,18,903643
3mm.tar,3mm_20250426_162237_800rpm_20250426_162341,3mm,800,18,925599
3mm.tar,3mm_20250426_162237_800rpm_20250426_162342,3mm,800,18,901848
3mm.tar,3mm_20250426_162237_800rpm_20250426_162343,3mm,800,18,916788
3mm.tar,3mm_20250426_162237_800rpm_20250426_162344,3mm,800,18,891972
3mm.tar,3mm_20250426_162237_800rpm_20250426_162345,3mm,800,18,916465
3mm.tar,3mm_20250426_162237_800rpm_20250426_162346,3mm,800,18,897914
3mm.tar,3mm_20250426_162237_800rpm_20250426_162347,3mm,800,18,925354
3mm.tar,3mm_20250426_162237_800rpm_20250426_162348,3mm,800,18,902013
3mm.tar,3mm_20250426_162237_800rpm_20250426_162349,3mm,800,18,921900
3mm.tar,3mm_20250426_162237_800rpm_20250426_162350,3mm,800,18,905690
3mm.tar,3mm_20250426_162237_800rpm_20250426_162351,3mm,800,18,925477
3mm.tar,3mm_20250426_162237_800rpm_20250426_162352,3mm,800,18,897773
3mm.tar,3mm_20250426_162237_800rpm_20250426_162353,3mm,800,18,917972
3mm.tar,3mm_20250426_162237_800rpm_20250426_162354,3mm,800,18,898514
3mm.tar,3mm_20250426_162237_800rpm_20250426_162355,3mm,800,18,920381
3mm.tar,3mm_20250426_162237_800rpm_20250426_162356,3mm,800,18,892459
3mm.tar,3mm_20250426_162237_800rpm_20250426_162357,3mm,800,18,919248
3mm.tar,3mm_20250426_162237_800rpm_20250426_162358,3mm,800,18,898382
3mm.tar,3mm_20250426_162237_800rpm_20250426_162359,3mm,800,18,921079
3mm.tar,3mm_20250426_162237_800rpm_20250426_162400,3mm,800,18,904098
3mm.tar,3mm_20250426_162237_800rpm_20250426_162401,3mm,800,18,921611
3mm.tar,3mm_20250426_162237_800rpm_20250426_162402,3mm,800,18,898046
3mm.tar,3mm_20250426_162237_800rpm_20250426_162403,3mm,800,18,914614
3mm.tar,3mm_20250426_162237_800rpm_20250426_162404,3mm,800,18,895196
3mm.tar,3mm_20250426_162237_800rpm_20250426_162405,3mm,800,18,920848
3mm.tar,3mm_20250426_162237_800rpm_20250426_162406,3mm,800,18,897680
3mm.tar,3mm_20250426_162237_800rpm_20250426_162407,3mm,800,18,916056
3mm.tar,3mm_20250426_162237_800rpm_20250426_162408,3mm,800,18,893918
3mm.tar,3mm_20250426_162237_800rpm_20250426_162409,3mm,800,18,916737
3mm.tar,3mm_20250426_162237_800rpm_20250426_162410,3mm,800,18,899105
3mm.tar,3mm_20250426_162237_800rpm_20250426_162411,3mm,800,18,918127
3mm.tar,3mm_20250426_162237_800rpm_20250426_162412,3mm,800,18,899209
3mm.tar,3mm_20250426_162237_800rpm_20250426_162413,3mm,800,18,917918
3mm.tar,3mm_20250426_162237_800rpm_20250426_162414,3mm,800,18,866105
3mm.tar,3mm_20250426_162237_800rpm_20250426_162415,3mm,800,18,919950
3mm.tar,3mm_20250426_162237_800rpm_20250426_162416,3mm,800,18,895881
3mm.tar,3mm_20250426_162237_800rpm_20250426_162417,3mm,800,18,914834
3mm.tar,3mm_20250426_162237_800rpm_20250426_162418,3mm,800,18,872153
3mm.tar,3mm_20250426_162237_800rpm_20250426_162419,3mm,800,18,933421
3mm.tar,3mm_20250426_162237_800rpm_20250426_162420,3mm,800,18,897659
3mm.tar,3mm_20250426_162237_800rpm_20250426_162421,3mm,800,18,912370
3mm.tar,3mm_20250426_162237_800rpm_20250426_162422,3mm,800,18,894208
3mm.tar,3mm_20250426_162237_800rpm_20250426_162423,3mm,800,18,913637
3mm.tar,3mm_20250426_162237_800rpm_20250426_162424,3mm,800,18,894750
3mm.tar,3mm_20250426_162237_800rpm_20250426_162425,3mm,800,18,916138
3mm.tar,3mm_20250426_162237_800rpm_20250426_162426,3mm,800,18,894229
3mm.tar,3mm_20250426_162237_800rpm_20250426_162427,3mm,800,18,916769
3mm.tar,3mm_20250426_162237_800rpm_20250426_162428,3mm,800,18,894295
3mm.tar,3mm_20250426_162237_800rpm_20250426_162429,3mm,800,18,912154
3mm.tar,3mm_20250426_162237_800rpm_20250426_162430,3mm,800,18,894161
3mm.tar,3mm_20250426_162237_800rpm_20250426_162431,3mm,800,18,916024
3mm.tar,3mm_20250426_162237_800rpm_20250426_162432,3mm,800,18,894303
3mm.tar,3mm_20250426_162237_800rpm_20250426_162433,3mm,800,18,913069
3mm.tar,3mm_20250426_162237_800rpm_20250426_162434,3mm,800,18,888584
3mm.tar,3mm_20250426_162237_800rpm_20250426_162435,3mm,800,18,916344
3mm.tar,3mm_20250426_162237_800rpm_20250426_162436,3mm,800,18,896469
3mm.tar,3mm_20250426_162237_800rpm_20250426_162437,3mm,800,18,909688
3mm.tar,3mm_20250426_162237_800rpm_20250426_162438,3mm,800,18,888790
3mm.tar,3mm_20250426_162237_800rpm_20250426_162439,3mm,800,18,916738
3mm.tar,3mm_20250426_162237_800rpm_20250426_162440,3mm,800,18,896662
3mm.tar,3mm_20250426_162237_800rpm_20250426_162441,3mm,800,18,916281
3mm.tar,3mm_20250426_162237_800rpm_20250426_162442,3mm,800,18,900038
3mm.tar,3mm_20250426_162237_800rpm_20250426_162443,3mm,800,18,915746
3mm.tar,3mm_20250426_162237_800rpm_20250426_162444,3mm,800,18,897293
3mm.tar,3mm_20250426_162237_800rpm_20250426_162445,3mm,800,18,918876
3mm.tar,3mm_20250426_162237_800rpm_20250426_162446,3mm,800,18,899375
3mm.tar,3mm_20250426_162237_800rpm_20250426_162447,3mm,800,18,912946
3mm.tar,3mm_20250426_162237_800rpm_20250426_162448,3mm,800,18,896870
3mm.tar,3mm_20250426_162237_800rpm_20250426_162449,3mm,800,18,916683
3mm.tar,3mm_20250426_162237_800rpm_20250426_162450,3mm,800,18,900532
3mm.tar,3mm_20250426_162237_800rpm_20250426_162451,3mm,800,18,918790
3mm.tar,3mm_20250426_162237_800rpm_20250426_162452,3mm,800,18,897415
3mm.tar,3mm_20250426_162237_800rpm_20250426_162453,3mm,800,18,915483
3mm.tar,3mm_20250426_162237_800rpm_20250426_162454,3mm,800,18,895008
3mm.tar,3mm_20250426_162237_800rpm_20250426_162455,3mm,800,18,908554
3mm.tar,3mm_20250426_162237_800rpm_20250426_162456,3mm,800,18,888625
3mm.tar,3mm_20250426_162237_800rpm_20250426_162457,3mm,800,18,903114
3mm.tar,3mm_20250426_162237_800rpm_20250426_162458,3mm,800,18,886007
3mm.tar,3mm_20250426_162237_800rpm_20250426_162459,3mm,800,18,904694
3mm.tar,3mm_20250426_162237_800rpm_20250426_162500,3mm,800,18,880127
3mm.tar,3mm_20250426_162237_800rpm_20250426_162501,3mm,800,18,900645
3mm.tar,3mm_20250426_162237_800rpm_20250426_162502,3mm,800,18,881468
3mm.tar,3mm_20250426_162237_800rpm_20250426_162503,3mm,800,18,896541
3mm.tar,3mm_20250426_162237_800rpm_20250426_162504,3mm,800,18,879166
3mm.tar,3mm_20250426_162237_800rpm_20250426_162505,3mm,800,18,898490
3mm.tar,3mm_20250426_162237_800rpm_20250426_162506,3mm,800,18,878772
3mm.tar,3mm_20250426_162237_800rpm_20250426_162507,3mm,800,18,901331
3mm.tar,3mm_20250426_162237_800rpm_20250426_162508,3mm,800,18,885054
3mm.tar,3mm_20250426_162237_800rpm_20250426_162509,3mm,800,18,892316
3mm.tar,3mm_20250426_162237_800rpm_20250426_162510,3mm,800,18,880102
3mm.tar,3mm_20250426_162237_800rpm_20250426_162511,3mm,800,18,911693
3mm.tar,3mm_20250426_162237_800rpm_20250426_162512,3mm,800,18,886914
3mm.tar,3mm_20250426_162237_800rpm_20250426_162513,3mm,800,18,900081
3mm.tar,3mm_20250426_162237_800rpm_20250426_162514,3mm,800,18,880477
3mm.tar,3mm_20250426_162237_800rpm_20250426_162515,3mm,800,18,899241
3mm.tar,3mm_20250426_162237_800rpm_20250426_162516,3mm,800,18,883822
3mm.tar,3mm_20250426_162237_800rpm_20250426_162517,3mm,800,18,898673
3mm.tar,3mm_20250426_162237_800rpm_20250426_162518,3mm,800,18,883698
3mm.tar,3mm_20250426_162237_800rpm_20250426_162519,3mm,800,18,902751
3mm.tar,3mm_20250426_162237_800rpm_20250426_162520,3mm,800,18,881828
3mm.tar,3mm_20250426_162237_800rpm_20250426_162521,3mm,800,18,893916
3mm.tar,3mm_20250426_162237_800rpm_20250426_162522,3mm,800,18,878744
3mm.tar,3mm_20250426_162237_800rpm_20250426_162523,3mm,800,18,901624
3mm.tar,3mm_20250426_162237_800rpm_20250426_162524,3mm,800,18,885451
3mm.tar,3mm_20250426_162237_800rpm_20250426_162525,3mm,800,18,905016
3mm.tar,3mm_20250426_162237_800rpm_20250426_162526,3mm,800,18,885151
3mm.tar,3mm_20250426_162237_800rpm_20250426_162527,3mm,800,18,900397
3mm.tar,3mm_20250426_162237_800rpm_20250426_162528,3mm,800,18,881846
3mm.tar,3mm_20250426_162237_800rpm_20250426_162529,3mm,800,18,900134
3mm.tar,3mm_20250426_162237_800rpm_20250426_162530,3mm,800,18,894816
3mm.tar,3mm_20250426_162237_800rpm_20250426_162531,3mm,800,18,901186
3mm.tar,3mm_20250426_162237_800rpm_20250426_162532,3mm,800,18,888313
3mm.tar,3mm_20250426_162237_800rpm_20250426_162533,3mm,800,18,904297
3mm.tar,3mm_20250426_162237_800rpm_20250426_162534,3mm,800,18,886861
3mm.tar,3mm_20250426_162237_800rpm_20250426_162535,3mm,800,18,906175
3mm.tar,3mm_20250426_162237_800rpm_20250426_162536,3mm,800,18,888838
3mm.tar,3mm_20250426_162237_800rpm_20250426_162537,3mm,800,18,903409
3mm.tar,3mm_20250426_162237_800rpm_20250426_162538,3mm,800,18,879783
3mm.tar,3mm_20250426_162237_800rpm_20250426_162539,3mm,800,18,907263
3mm.tar,3mm_20250426_162237_800rpm_20250426_162540,3mm,800,18,888646
3mm.tar,3mm_20250426_162237_800rpm_20250426_162541,3mm,800,18,902680
3mm.tar,3mm_20250426_162237_800rpm_20250426_162542,3mm,800,18,886042
3mm.tar,3mm_20250426_162237_800rpm_20250426_162543,3mm,800,18,903577
3mm.tar,3mm_20250426_162237_800rpm_20250426_162544,3mm,800,18,890877
3mm.tar,3mm_20250426_162237_800rpm_20250426_162545,3mm,800,18,904690
3mm.tar,3mm_20250426_162237_800rpm_20250426_162546,3mm,800,18,885943
3mm.tar,3mm_20250426_162237_800rpm_20250426_162547,3mm,800,18,893893
3mm.tar,3mm_20250426_162237_800rpm_20250426_162548,3mm,800,18,858113
3mm.tar,3mm_20250426_162237_800rpm_20250426_162549,3mm,800,18,919664
3mm.tar,3mm_20250426_162237_800rpm_20250426_162550,3mm,800,18,894147
3mm.tar,3mm_20250426_162237_800rpm_20250426_162551,3mm,800,18,904404
3mm.tar,3mm_20250426_162237_800rpm_20250426_162552,3mm,800,18,885239
3mm.tar,3mm_20250426_162237_800rpm_20250426_162553,3mm,800,18,898817
3mm.tar,3mm_20250426_162237_800rpm_20250426_162554,3mm,800,18,881985
3mm.tar,3mm_20250426_162237_800rpm_20250426_162555,3mm,800,18,900970
3mm.tar,3mm_20250426_162237_800rpm_20250426_162556,3mm,800,18,885140
3mm.tar,3mm_20250426_162237_800rpm_20250426_162557,3mm,800,18,902983
3mm.tar,3mm_20250426_162237_800rpm_20250426_162558,3mm,800,18,886975
3mm.tar,3mm_20250426_162237_800rpm_20250426_162559,3mm,800,18,897996
3mm.tar,3mm_20250426_162237_800rpm_20250426_162600,3mm,800,18,882175
3mm.tar,3mm_20250426_162237_800rpm_20250426_162601,3mm,800,18,898320
3mm.tar,3mm_20250426_162237_800rpm_20250426_162602,3mm,800,18,886029
3mm.tar,3mm_20250426_162237_800rpm_20250426_162603,3mm,800,18,894035
3mm.tar,3mm_20250426_162237_800rpm_20250426_162604,3mm,800,18,873631
3mm.tar,3mm_20250426_162237_800rpm_20250426_162605,3mm,800,18,898993
3mm.tar,3mm_20250426_162237_800rpm_20250426_162606,3mm,800,18,886641
3mm.tar,3mm_20250426_162237_800rpm_20250426_162607,3mm,800,18,893237
3mm.tar,3mm_20250426_162237_800rpm_20250426_162608,3mm,800,18,878020
3mm.tar,3mm_20250426_162237_800rpm_20250426_162609,3mm,800,18,895320
3mm.tar,3mm_20250426_162237_800rpm_20250426_162610,3mm,800,18,872517
3mm.tar,3mm_20250426_162237_800rpm_20250426_162611,3mm,800,18,898062
3mm.tar,3mm_20250426_162237_800rpm_20250426_162612,3mm,800,18,882370
3mm.tar,3mm_20250426_162237_800rpm_20250426_162613,3mm,800,18,897744
3mm.tar,3mm_20250426_162237_800rpm_20250426_162614,3mm,800,18,880880
3mm.tar,3mm_20250426_162237_800rpm_20250426_162615,3mm,800,18,896350
3mm.tar,3mm_20250426_162237_800rpm_20250426_162616,3mm,800,18,878344
3mm.tar,3mm_20250426_162237_800rpm_20250426_162617,3mm,800,18,898259
3mm.tar,3mm_20250426_162237_800rpm_20250426_162618,3mm,800,18,858172
3mm.tar,3mm_20250426_162237_800rpm_20250426_162619,3mm,800,18,909149
